"","language_of_survey","number_of_establishments_in_firm","first_year_operations","top_manager_female","has_website","percent_of_sales_national_sales","percent_of_sales_indirect_sales","percent_of_sales_direct_exports","obstacle_electricity","obstacle_telecommunications","obstacle_transport","obstacle_customs_trade_regulations","obstacle_access_to_land","obstacle_crime_theft_disorder","obstacle_access_to_finance","obstacle_tax_rates","obstacle_political_instability","obstacle_corruption","obstacle_courts","obstacle_labor_regulations","permanent_full_time_employees_last_year"
"1","Telugu",3,2003,0,"Yes",100,0,0,4,1,3,3,3,3,3,2,1,2,1,2,30
"2","Telugu",5,2010,0,"Yes",100,0,0,2,1,2,2,2,1,2,2,3,2,3,2,26
"3","Telugu",2,2004,0,"Yes",100,0,0,1,3,4,3,4,2,3,2,3,4,3,3,156
"4","Telugu",1,1975,0,"Yes",100,0,0,4,3,3,2,2,3,3,3,3,3,1,3,25
"5","Telugu",7,1990,0,"Yes",100,0,0,1,4,4,3,4,4,4,2,4,4,1,3,110
"6","Telugu",4,2002,0,"Yes",100,0,0,2,1,2,1,NA,1,2,1,1,1,1,1,24
"7","Telugu",3,2010,0,"Yes",100,0,0,1,4,4,3,4,2,4,2,4,1,3,3,102
"8","Telugu",2,2009,0,"Yes",100,0,0,4,1,3,3,3,3,3,3,1,3,2,3,110
"9","Telugu",2,2005,0,"Yes",100,0,0,2,1,3,2,2,2,3,1,2,3,3,2,47
"10","Telugu",3,2003,0,"Yes",100,0,0,2,1,2,1,1,2,1,1,1,1,1,1,35
"11","Telugu",2,2000,0,"Yes",100,0,0,1,4,3,3,3,3,2,2,1,4,4,3,107
"12","Telugu",2,2002,0,"Yes",100,0,0,4,2,3,3,3,2,2,3,2,3,2,2,35
"13","Telugu",3,1996,0,"Yes",100,0,0,3,2,3,3,2,2,3,3,2,4,2,3,120
"14","Telugu",2,2004,0,"Yes",100,0,0,1,4,1,4,1,2,1,4,4,1,4,3,58
"15","Telugu",5,2013,0,"Yes",100,0,0,1,4,3,3,3,2,2,4,3,4,3,2,30
"16","Telugu",2,2006,0,"Yes",100,0,0,1,4,4,4,4,2,3,3,3,4,3,3,123
"17","Telugu",5,2004,0,"Yes",100,0,0,1,4,3,4,4,3,3,2,4,1,4,4,109
"18","Telugu",12,2002,0,"Yes",100,0,0,1,3,3,3,4,2,4,2,4,1,4,3,120
"19","Telugu",7,1986,0,"Yes",100,0,0,1,3,3,4,4,3,2,3,3,1,3,2,110
"20","Telugu",2,2012,0,"Yes",100,0,0,2,1,3,2,3,2,2,2,1,2,2,3,12
"21","Hindi",1,2005,0,"No",100,0,0,4,2,3,2,1,2,2,3,4,4,2,2,60
"22","Hindi",3,2007,0,"No",100,0,0,2,1,3,2,3,2,3,3,2,2,1,2,50
"23","Hindi",1,2010,0,"No",100,0,0,3,2,2,2,3,2,3,3,1,2,4,2,35
"24","Hindi",1,2009,0,"No",100,0,0,3,2,3,3,4,2,4,3,2,2,2,2,10
"25","Hindi",2,2009,1,"No",100,0,0,2,1,2,2,1,2,2,2,3,3,1,2,120
"26","Hindi",1,2010,0,"Yes",100,0,0,3,2,2,2,3,2,3,2,1,1,3,2,150
"27","Hindi",1,1998,1,"Yes",100,0,0,2,1,2,2,2,2,4,2,2,2,1,2,150
"28","Hindi",1,1992,0,"No",100,0,0,2,2,2,2,2,2,3,2,1,1,1,2,25
"29","Hindi",1,1985,0,"No",100,0,0,4,2,4,NA,3,1,4,4,1,3,2,4,70
"30","Hindi",1,2000,0,"No",100,0,0,2,1,2,3,3,2,3,2,3,3,1,2,200
"31","Hindi",1,2005,0,"No",100,0,0,1,2,3,3,4,2,3,3,2,2,2,3,16
"32","Hindi",1,2010,0,"No",100,0,0,3,2,2,3,3,2,3,3,1,2,1,2,30
"33","Hindi",1,2006,0,"Yes",100,0,0,2,1,2,2,3,2,2,3,1,2,1,2,200
"34","Hindi",1,1991,0,"Yes",100,0,0,2,1,2,3,4,2,3,2,3,3,1,2,500
"35","Hindi",1,2004,0,"No",100,0,0,2,1,2,2,3,2,3,3,1,2,1,2,30
"36","Hindi",1,2005,0,"No",100,0,0,2,2,2,2,3,2,3,3,1,2,1,2,30
"37","Hindi",1,1993,0,"No",100,0,0,4,2,3,3,3,2,3,3,2,2,2,3,150
"38","Hindi",1,2012,0,"No",100,0,0,2,2,2,2,3,2,3,3,1,2,1,2,25
"39","Hindi",1,2009,1,"Yes",100,0,0,2,1,2,3,4,2,2,2,2,3,1,2,160
"40","Hindi",1,1998,0,"No",100,0,0,3,2,2,2,3,2,3,3,1,2,1,2,22
"41","Hindi",1,2009,0,"No",100,0,0,3,3,4,NA,1,1,3,4,1,3,2,4,28
"42","Hindi",1,2010,0,"No",100,0,0,3,2,3,NA,1,1,2,4,1,3,2,2,55
"43","Hindi",1,1998,0,"Yes",100,0,0,2,1,2,3,4,2,3,3,2,2,1,2,400
"44","Hindi",1,2003,0,"Yes",100,0,0,2,1,2,3,3,2,1,2,3,2,1,2,27
"45","Hindi",1,2005,0,"No",100,0,0,2,1,2,2,3,2,2,3,1,2,1,2,129
"46","Hindi",3,2002,0,"No",100,0,0,2,2,2,2,3,2,3,2,1,1,1,2,300
"47","Hindi",1,2010,0,"No",100,0,0,1,1,1,1,1,1,1,1,1,1,1,1,18
"48","Hindi",1,2006,0,"Yes",100,0,0,1,1,1,1,1,1,1,1,1,3,1,1,8
"49","Hindi",1,1990,0,"Yes",100,0,0,2,1,2,1,2,3,2,2,1,3,1,2,140
"50","Hindi",1,2002,1,"Yes",100,0,0,1,1,4,2,1,2,1,1,1,1,1,1,95
"51","Hindi",1,2005,0,"No",100,0,0,1,1,2,NA,3,1,2,4,1,3,2,2,26
"52","Hindi",1,1998,0,"No",100,0,0,2,1,2,2,2,2,2,2,1,4,1,2,70
"53","Hindi",1,1995,1,"Yes",100,0,0,2,2,2,2,2,3,2,4,1,3,1,2,58
"54","Hindi",1,1985,0,"Yes",100,0,0,2,1,2,1,2,3,4,3,1,3,1,2,125
"55","Hindi",1,2002,1,"No",100,0,0,2,2,2,2,2,2,3,4,1,3,1,2,62
"56","Gujarati",1,2002,0,"No",100,0,0,1,1,2,1,1,1,2,2,2,3,1,2,65
"57","Gujarati",1,1984,0,"No",100,0,0,1,2,1,1,2,1,2,1,1,3,1,3,45
"58","Gujarati",1,1996,1,"No",100,0,0,1,1,2,1,2,2,2,2,1,1,2,2,121
"59","Gujarati",1,2003,0,"Yes",100,0,0,2,2,2,1,2,1,2,1,1,1,3,2,8
"60","Gujarati",1,2005,1,"Yes",100,0,0,1,1,3,1,3,1,3,3,1,1,1,2,35
"61","Gujarati",1,1994,0,"Yes",100,0,0,3,3,2,1,4,1,1,1,1,1,1,2,15
"62","Gujarati",1,1999,0,"No",100,0,0,2,1,2,1,2,1,4,1,1,1,1,2,60
"63","Gujarati",1,2005,0,"Yes",100,0,0,1,1,2,1,2,1,2,2,3,3,3,2,115
"64","Gujarati",1,2000,0,"Yes",100,0,0,1,1,2,1,1,1,1,2,2,4,2,3,15
"65","Gujarati",1,1998,0,"No",100,0,0,1,1,2,1,1,4,1,1,1,1,1,2,10
"66","Gujarati",1,1996,0,"No",100,0,0,1,1,2,2,1,1,1,4,1,2,3,4,20
"67","Gujarati",1,2004,0,"No",100,0,0,1,1,2,2,1,1,1,3,2,2,1,2,70
"68","Gujarati",1,2005,0,"No",100,0,0,1,1,1,1,1,1,1,1,1,1,2,3,18
"69","Gujarati",1,2010,0,"No",100,0,0,1,1,1,1,1,1,1,1,3,2,1,2,15
"70","Gujarati",1,2007,0,"No",100,0,0,1,1,2,1,2,1,2,2,2,3,2,2,20
"71","Hindi",1,2006,0,"Yes",100,0,0,4,2,1,2,1,1,1,2,1,3,2,2,50
"72","Hindi",1,1995,0,"Yes",100,0,0,2,2,2,2,2,2,2,2,4,4,2,2,50
"73","Hindi",5,2008,1,"Yes",100,0,0,2,2,2,1,1,1,3,2,1,2,1,2,200
"74","Hindi",5,2010,0,"Yes",100,0,0,2,3,2,2,2,2,2,2,4,3,2,2,100
"75","Hindi",2,2003,0,"Yes",100,0,0,3,2,1,1,1,1,1,2,1,2,2,4,350
"76","Hindi",1,2007,0,"Yes",100,0,0,4,2,4,2,2,1,1,2,3,2,2,1,50
"77","Hindi",1,1996,0,"Yes",100,0,0,2,1,2,2,2,2,2,2,4,4,2,2,40
"78","Hindi",1,2010,0,"Yes",100,0,0,1,2,1,2,1,1,1,2,2,4,3,1,25
"79","Hindi",1,2007,0,"No",100,0,0,3,1,2,1,2,2,2,3,2,3,1,2,40
"80","Hindi",1,2006,0,"No",100,0,0,3,1,2,1,2,2,2,3,3,3,2,2,40
"81","Hindi",1,2003,0,"No",100,0,0,3,1,2,1,2,2,2,3,2,2,1,2,15
"82","Hindi",1,1998,0,"No",100,0,0,2,1,2,1,2,2,3,3,4,2,3,2,10
"83","Hindi",1,2006,0,"No",100,0,0,4,1,2,1,2,2,2,3,2,3,2,2,8
"84","Kannada",1,2000,0,"Yes",100,0,0,1,1,1,1,2,1,2,3,1,1,1,1,30
"85","Kannada",1,2001,0,"Yes",100,0,0,1,1,1,1,NA,1,2,1,1,1,1,2,20
"86","Kannada",1,2000,0,"Yes",100,0,0,2,1,2,1,1,1,2,2,1,2,2,1,40
"87","Kannada",1,2007,0,"Yes",100,0,0,1,1,1,1,1,1,1,1,1,1,1,2,17
"88","Kannada",1,1990,0,"Yes",100,0,0,2,1,1,1,1,1,1,1,1,1,1,2,50
"89","Kannada",1,2006,0,"Yes",100,0,0,2,1,1,1,2,2,2,3,1,1,1,2,10
"90","Kannada",1,2001,0,"Yes",100,0,0,2,1,2,2,1,1,3,1,1,1,1,1,18
"91","Kannada",1,2002,0,"No",100,0,0,2,2,2,2,NA,1,2,1,1,1,1,2,7
"92","Kannada",1,2005,0,"No",100,0,0,2,1,3,1,NA,1,2,1,1,1,1,1,7
"93","Kannada",1,2000,0,"Yes",100,0,0,1,1,1,1,NA,1,1,1,1,1,1,1,18
"94","Kannada",1,2005,0,"Yes",100,0,0,2,1,2,3,1,1,2,1,2,2,2,2,25
"95","Kannada",1,2000,0,"Yes",100,0,0,2,2,2,2,2,1,2,1,1,1,1,2,20
"96","Kannada",1,2006,0,"Yes",100,0,0,2,1,2,2,NA,1,3,2,1,1,1,1,25
"97","Kannada",1,2000,0,"Yes",100,0,0,2,1,1,1,NA,1,1,1,1,1,1,1,18
"98","Kannada",1,2006,0,"Yes",100,0,0,2,1,2,2,1,1,3,1,1,2,2,2,18
"99","Kannada",1,1997,0,"Yes",100,0,0,1,1,1,1,NA,1,1,1,1,1,1,1,20
"100","Kannada",1,2006,0,"Yes",100,0,0,1,1,2,2,4,1,1,1,1,1,1,1,16
"101","Kannada",1,2003,0,"No",100,0,0,2,1,1,1,NA,1,2,1,1,1,1,1,15
"102","Kannada",1,2007,0,"Yes",100,0,0,2,1,2,2,NA,2,2,1,1,1,1,2,18
"103","Kannada",1,2003,0,"Yes",100,0,0,1,1,1,1,NA,1,1,1,1,1,1,1,20
"104","Kannada",1,2009,0,"Yes",100,0,0,3,1,2,1,3,3,2,1,1,2,1,2,6
"105","Kannada",1,2000,0,"Yes",100,0,0,3,1,1,1,2,1,1,1,1,1,1,1,35
"106","Hindi",1,1987,0,"Yes",100,0,0,2,2,2,2,3,2,2,2,3,2,3,2,70
"107","Hindi",10,1987,0,"Yes",100,0,0,1,1,4,1,4,1,1,3,1,3,3,1,70
"108","Hindi",2,2000,0,"Yes",100,0,0,1,1,1,1,1,1,1,2,2,1,1,1,15
"109","Hindi",2,2007,1,"Yes",100,0,0,1,1,4,4,4,1,3,2,1,2,1,1,17
"110","Hindi",10,1996,0,"Yes",100,0,0,1,1,1,1,3,1,1,4,2,1,1,1,321
"111","Hindi",1,2009,0,"Yes",100,0,0,1,1,1,1,1,1,1,3,3,3,2,3,5
"112","Hindi",2,2004,0,"Yes",100,0,0,1,1,4,1,3,1,2,4,3,3,2,1,54
"113","Hindi",2,1982,0,"Yes",100,0,0,4,1,4,1,4,1,1,2,3,1,1,1,4000
"114","Hindi",5,1968,0,"Yes",100,0,0,1,1,1,1,4,1,1,1,1,1,1,1,5
"115","Hindi",5,2003,0,"Yes",100,0,0,3,1,3,1,3,2,4,4,2,4,2,4,40
"116","Hindi",1,1997,0,"Yes",100,0,0,3,1,3,4,3,2,3,4,2,4,2,3,70
"117","Hindi",5,2005,1,"Yes",100,0,0,2,1,3,1,4,3,4,4,3,4,2,4,124
"118","Hindi",1,2010,0,"Yes",100,0,0,3,1,3,4,3,3,3,4,2,4,2,4,50
"119","Hindi",1,2000,0,"No",100,0,0,1,1,2,2,2,1,2,1,2,2,1,1,150
"120","Hindi",1,1997,1,"No",100,0,0,1,1,1,1,2,4,1,2,3,3,2,1,300
"121","Hindi",2,2011,0,"Yes",100,0,0,3,2,3,4,3,2,3,4,2,4,2,3,22
"122","Hindi",1,2010,0,"No",100,0,0,2,1,2,1,3,2,2,2,2,4,2,1,12
"123","Hindi",1,2009,0,"Yes",100,0,0,3,1,2,3,3,2,2,4,3,4,2,3,25
"124","Hindi",1,1997,1,"No",100,0,0,3,2,1,1,2,4,1,2,3,3,2,1,300
"125","Hindi",1,2008,0,"No",100,0,0,1,1,2,2,2,4,1,2,4,1,1,2,70
"126","Hindi",1,2004,0,"No",100,0,0,1,1,2,2,2,1,2,1,2,2,1,2,150
"127","Hindi",1,2012,1,"No",100,0,0,1,1,2,3,2,3,4,4,3,4,3,2,19
"128","Hindi",2,2006,1,"Yes",100,0,0,2,1,3,4,3,3,3,1,3,4,2,4,16
"129","Hindi",3,2011,0,"Yes",100,0,0,2,1,3,4,3,2,3,4,2,1,2,3,50
"130","Hindi",1,NA,0,"Yes",100,0,0,2,4,4,2,2,4,1,2,2,4,1,1,140
"131","Hindi",1,2011,0,"Yes",100,0,0,1,1,2,2,1,4,1,2,4,4,1,1,58
"132","Hindi",1,2005,0,"Yes",100,0,0,3,1,3,4,3,2,3,1,2,4,2,3,35
"133","Hindi",1,2009,1,"No",100,0,0,1,1,1,1,3,4,1,2,1,4,1,1,60
"134","Hindi",1,2007,1,"Yes",100,0,0,3,1,3,4,4,2,2,4,3,4,2,3,30
"135","Hindi",3,2007,1,"Yes",100,0,0,3,1,3,1,2,3,3,4,2,4,2,4,150
"136","Hindi",1,2006,0,"Yes",100,0,0,3,1,3,1,3,2,3,4,2,4,2,3,95
"137","Hindi",3,2011,1,"Yes",100,0,0,4,1,3,4,4,3,3,4,3,4,2,3,55
"138","Hindi",1,2009,0,"No",100,0,0,3,3,2,2,2,3,1,2,2,1,1,1,65
"139","Hindi",1,2002,0,"No",100,0,0,1,1,2,1,1,3,2,2,2,4,1,1,20
"140","Hindi",1,2009,0,"Yes",100,0,0,4,4,2,1,3,4,3,2,4,1,1,1,315
"141","Hindi",3,2004,0,"Yes",100,0,0,3,1,3,4,3,3,3,1,2,4,2,4,350
"142","Hindi",1,2006,0,"Yes",100,0,0,2,1,2,4,4,3,3,4,3,4,2,4,6
"143","Hindi",3,1985,0,"Yes",100,0,0,2,1,2,1,3,3,4,2,1,1,4,2,32
"144","Hindi",1,2000,0,"No",100,0,0,2,2,2,1,2,2,3,2,1,2,1,2,15
"145","Hindi",1,NA,0,"No",100,0,0,2,2,1,2,1,1,2,2,2,4,2,2,21
"146","Hindi",2,1999,0,"Yes",100,0,0,1,2,1,2,1,1,1,1,2,2,4,1,21
"147","Hindi",2,1994,0,"Yes",100,0,0,1,2,1,2,1,1,2,1,2,2,1,1,26
"148","Hindi",1,1992,0,"Yes",100,0,0,2,1,3,3,2,2,3,1,1,4,3,1,18
"149","Hindi",1,1999,0,"Yes",100,0,0,2,1,2,3,3,3,4,2,1,1,1,2,28
"150","Hindi",1,2008,0,"Yes",100,0,0,1,1,3,1,3,2,4,1,3,1,2,2,35
"151","Hindi",1,2003,0,"No",100,0,0,2,1,2,2,2,1,2,2,1,3,1,2,26
"152","Hindi",5,1985,0,"Yes",100,0,0,1,1,3,3,3,4,4,2,1,1,1,3,27
"153","Hindi",1,2001,0,"No",100,0,0,2,1,3,2,2,1,1,2,2,2,1,2,25
"154","Hindi",2,1980,0,"Yes",100,0,0,2,2,2,1,3,3,4,2,4,1,2,2,40
"155","Hindi",4,1980,0,"Yes",100,0,0,2,1,3,2,1,4,3,3,1,1,4,2,30
"156","Hindi",1,2004,0,"No",100,0,0,2,2,2,1,2,2,2,2,2,2,1,2,29
"157","Hindi",1,2010,0,"Yes",100,0,0,1,1,2,1,3,3,4,2,4,1,1,2,5
"158","Hindi",1,2003,0,"Yes",100,0,0,2,1,1,1,1,1,1,1,1,3,1,1,25
"159","Hindi",1,1995,0,"Yes",100,0,0,2,2,NA,NA,1,1,1,1,NA,3,NA,1,80
"160","Hindi",2,1999,0,"Yes",100,0,0,1,2,1,2,2,1,2,1,2,2,1,1,29
"161","Hindi",5,1935,0,"Yes",100,0,0,2,1,3,1,2,4,4,1,1,1,4,2,36
"162","Hindi",1,1992,0,"Yes",100,0,0,2,1,2,1,2,2,2,2,1,3,3,2,14
"163","Hindi",5,1995,0,"Yes",100,0,0,1,1,2,1,2,3,2,1,4,1,3,2,14
"164","Hindi",4,2009,0,"Yes",100,0,0,1,1,1,1,1,1,1,2,1,2,1,1,100
"165","Hindi",1,1982,1,"Yes",100,0,0,1,1,1,1,1,1,3,2,3,4,1,2,5
"166","Hindi",3,2002,0,"Yes",100,0,0,3,1,3,3,2,2,2,3,2,3,2,2,45
"167","Hindi",1,2011,0,"Yes",100,0,0,4,4,1,1,1,1,1,2,1,1,1,1,61
"168","Hindi",1,1986,0,"No",100,0,0,2,1,1,1,1,1,1,2,1,4,1,1,120
"169","Hindi",1,2010,1,"Yes",100,0,0,2,1,1,1,1,1,4,1,1,2,1,1,175
"170","Hindi",2,1996,1,"No",100,0,0,1,1,1,1,2,2,1,1,2,1,1,1,28
"171","Hindi",14,1973,1,"Yes",100,0,0,1,1,1,1,2,1,1,1,2,2,1,1,350
"172","Hindi",1,1997,0,"No",100,0,0,2,2,1,1,1,1,2,3,3,4,1,2,9
"173","Hindi",6,2009,0,"Yes",100,0,0,1,1,1,1,1,1,4,1,1,2,1,1,600
"174","Hindi",2,2007,0,"Yes",100,0,0,2,1,1,2,1,2,2,1,4,2,2,2,200
"175","Hindi",3,2006,0,"No",100,0,0,1,1,1,1,1,1,1,1,2,1,1,1,90
"176","Hindi",3,2008,0,"No",100,0,0,1,1,1,1,1,1,2,1,2,2,1,2,180
"177","Hindi",2,1986,0,"Yes",100,0,0,1,1,3,1,1,2,1,4,4,4,4,1,45
"178","Hindi",4,2005,0,"Yes",100,0,0,1,1,3,1,1,1,2,3,1,1,1,1,25
"179","Hindi",3,2001,1,"Yes",100,0,0,1,1,1,2,2,1,3,1,1,3,1,2,200
"180","Hindi",1,2010,1,"Yes",100,0,0,1,1,1,1,1,1,1,1,2,3,1,1,40
"181","Hindi",10,1998,1,"Yes",100,0,0,1,1,1,1,1,1,2,2,2,2,1,1,65
"182","Hindi",1,2003,0,"Yes",100,0,0,1,1,1,1,1,1,1,3,1,2,1,1,35
"183","Hindi",1,2008,0,"No",100,0,0,3,2,2,2,2,2,3,2,2,3,1,1,20
"184","Hindi",2,1990,1,"Yes",100,0,0,1,1,1,1,1,1,1,1,1,1,2,1,300
"185","Hindi",1,2003,0,"Yes",100,0,0,1,1,1,1,1,1,1,1,1,4,1,1,80
"186","Hindi",1,2003,0,"Yes",100,0,0,1,1,1,1,1,1,1,1,1,4,1,1,80
"187","Hindi",1,2003,0,"Yes",100,0,0,1,1,1,1,1,1,1,1,1,3,1,1,90
"188","Hindi",1,2008,0,"Yes",100,0,0,1,1,1,1,1,1,1,1,1,3,1,1,200
"189","Hindi",1,1952,0,"No",100,0,0,1,1,1,1,2,1,2,1,2,2,1,1,40
"190","Hindi",7,2006,0,"Yes",100,0,0,1,1,1,NA,1,1,1,1,1,1,NA,1,396
"191","Hindi",1,2005,0,"No",100,0,0,2,1,1,NA,1,1,1,1,2,2,2,1,8
"192","Hindi",1,1984,0,"No",100,0,0,1,1,1,NA,1,1,1,1,1,1,1,3,46
"193","Hindi",1,2003,0,"Yes",100,0,0,1,1,NA,NA,1,1,1,4,1,2,NA,1,168
"194","Hindi",1,2001,0,"Yes",100,0,0,1,1,NA,NA,1,1,1,1,2,2,NA,1,152
"195","Hindi",1,2004,0,"Yes",100,0,0,2,1,NA,2,1,1,1,3,3,3,1,1,45
"196","Hindi",1,2003,0,"Yes",100,0,0,1,1,1,NA,1,1,1,1,1,4,2,1,8
"197","Hindi",1,1994,0,"No",100,0,0,1,1,NA,NA,1,1,1,4,1,1,NA,1,86
"198","Hindi",3,1988,0,"Yes",100,0,0,1,1,2,NA,1,1,1,1,1,2,NA,1,78
"199","Hindi",6,2005,0,"Yes",100,0,0,2,1,1,1,1,1,1,1,1,1,4,1,37
"200","Hindi",1,1993,0,"Yes",100,0,0,1,1,NA,NA,1,1,1,2,1,1,1,1,42
"201","Hindi",1,2009,0,"Yes",100,0,0,1,1,1,2,2,1,1,4,2,3,2,1,25
"202","Hindi",1,2003,0,"No",100,0,0,1,1,NA,NA,1,1,1,2,1,2,NA,1,11
"203","Hindi",5,2006,0,"No",100,0,0,1,1,NA,NA,1,1,1,1,1,2,3,1,56
"204","Hindi",1,2003,0,"No",100,0,0,1,1,NA,NA,1,1,1,2,1,2,1,1,23
"205","Hindi",1,2006,0,"No",100,0,0,1,1,NA,NA,2,1,1,1,1,3,2,1,12
"206","Hindi",1,2006,0,"No",100,0,0,1,1,1,NA,1,1,3,1,1,4,1,1,25
"207","Hindi",1,1999,0,"No",100,0,0,1,1,1,NA,1,1,1,4,2,2,NA,1,15
"208","Hindi",3,2003,0,"Yes",100,0,0,4,1,1,1,1,1,1,1,1,2,1,1,107
"209","Hindi",2,1976,0,"Yes",100,0,0,3,1,1,1,1,1,1,4,3,4,2,1,48
"210","Hindi",1,2001,0,"Yes",100,0,0,4,1,1,1,1,1,1,4,2,2,3,1,50
"211","Hindi",1,1987,0,"No",100,0,0,3,1,3,1,1,1,1,4,1,1,1,1,8
"212","Hindi",2,2003,0,"No",100,0,0,4,1,2,1,1,1,1,4,3,1,1,2,100
"213","Hindi",1,1976,0,"No",100,0,0,4,1,3,2,1,1,1,1,1,1,4,3,5
"214","Hindi",1,1981,0,"Yes",100,0,0,4,1,3,1,1,1,1,4,1,4,1,1,25
"215","Hindi",1,1996,0,"No",100,0,0,4,1,2,3,1,1,1,4,4,1,2,1,50
"216","Hindi",1,1978,0,"Yes",100,0,0,3,1,1,1,1,1,1,4,1,4,1,1,14
"217","Hindi",2,2000,0,"No",100,0,0,2,1,4,3,1,1,1,2,2,4,2,1,90
"218","Hindi",1,2006,0,"No",100,0,0,3,1,1,1,1,1,1,2,NA,3,2,1,7
"219","Hindi",6,2006,1,"Yes",100,0,0,3,1,1,1,1,1,1,4,1,1,3,1,110
"220","Hindi",1,2000,0,"Yes",100,0,0,1,1,2,1,1,1,2,1,3,3,2,1,40
"221","Hindi",4,2002,1,"Yes",100,0,0,4,1,2,2,1,1,1,4,2,4,3,1,300
"222","Hindi",1,1989,0,"Yes",100,0,0,1,1,2,2,1,1,1,4,2,3,3,1,70
"223","Hindi",3,2006,0,"No",100,0,0,4,1,1,1,1,1,2,4,2,3,2,4,50
"224","Hindi",1,2002,0,"No",100,0,0,3,1,3,1,1,1,1,4,1,1,3,1,55
"225","Hindi",4,2010,1,"No",100,0,0,4,1,3,1,2,1,1,4,1,1,3,1,225
"226","Hindi",32,1992,0,"Yes",100,0,0,3,1,2,3,1,1,1,4,3,1,2,1,900
"227","Hindi",1,2006,0,"No",100,0,0,1,1,1,1,4,1,1,4,1,4,1,2,27
"228","Hindi",1,1985,1,"No",100,0,0,1,2,1,1,3,1,1,1,3,4,1,1,11
"229","Hindi",2,1993,0,"No",100,0,0,1,3,2,3,1,1,1,1,3,3,1,2,6
"230","Hindi",5,1997,0,"Yes",100,0,0,1,1,2,2,4,1,3,3,4,3,1,1,10
"231","Hindi",1,2010,0,"Yes",100,0,0,3,2,2,3,1,2,1,3,3,4,1,3,55
"232","Hindi",4,1990,0,"Yes",100,0,0,1,1,2,3,1,2,1,1,3,4,3,2,300
"233","Hindi",4,2004,1,"Yes",100,0,0,1,1,2,4,1,2,4,1,1,4,1,1,45
"234","Hindi",2,2003,0,"Yes",100,0,0,1,1,3,3,1,2,2,2,2,4,3,3,125
"235","Hindi",4,1980,0,"Yes",100,0,0,1,1,2,3,1,2,2,3,2,4,3,2,80
"236","Hindi",4,2007,1,"Yes",100,0,0,1,1,1,2,1,3,1,1,1,3,1,1,110
"237","Hindi",8,2006,1,"Yes",100,0,0,2,2,1,1,1,1,1,1,3,4,1,2,110
"238","Hindi",1,1988,0,"No",100,0,0,1,1,2,1,3,2,1,1,3,4,1,1,25
"239","Hindi",6,1998,0,"Yes",100,0,0,2,1,3,4,3,3,3,4,3,4,1,3,90
"240","Hindi",1,1969,1,"Yes",100,0,0,2,1,1,2,2,1,3,3,3,3,1,1,500
"241","Hindi",1,1975,0,"Yes",100,0,0,2,2,3,3,1,2,3,4,3,4,1,4,18
"242","Hindi",1,2006,1,"No",100,0,0,3,3,2,1,4,4,4,1,1,4,1,1,26
"243","Hindi",1,1996,0,"No",100,0,0,1,1,3,2,3,2,3,4,1,1,1,2,65
"244","Hindi",1,2005,0,"Yes",100,0,0,1,3,1,1,3,1,3,1,1,3,1,2,57
"245","Hindi",2,2003,0,"No",100,0,0,1,1,2,2,1,1,3,1,1,3,1,1,5
"246","Hindi",2,2003,0,"Yes",100,0,0,1,1,1,1,1,1,3,4,1,1,1,1,70
"247","Hindi",1,2008,1,"Yes",100,0,0,3,2,2,3,2,1,3,1,1,3,1,2,80
"248","Hindi",1,2009,1,"Yes",100,0,0,1,1,2,2,1,1,4,1,3,2,1,2,50
"249","Tamil",2,2003,0,"Yes",100,0,0,1,1,1,1,1,1,1,1,1,1,1,1,60
"250","Tamil",3,2007,0,"No",100,0,0,1,3,3,2,4,2,4,4,1,1,1,3,35
"251","Tamil",1,2000,0,"No",100,0,0,2,1,3,2,3,1,2,4,2,3,2,3,33
"252","Tamil",1,1986,0,"Yes",100,0,0,1,1,3,2,1,1,1,1,1,1,1,1,160
"253","Tamil",5,1990,0,"Yes",100,0,0,4,2,4,2,4,3,4,4,4,1,4,4,142
"254","Tamil",1,2007,0,"Yes",100,0,0,2,2,1,1,1,1,1,1,1,1,1,1,100
"255","Tamil",1,2008,0,"Yes",100,0,0,2,2,1,1,1,1,1,1,1,1,1,1,30
"256","Tamil",3,2006,1,"Yes",100,0,0,2,2,1,1,1,1,1,1,1,1,1,1,335
"257","Tamil",1,1997,0,"No",100,0,0,4,2,3,3,4,1,3,3,2,3,2,3,22
"258","Tamil",1,1997,0,"Yes",100,0,0,3,1,3,2,2,1,3,3,2,3,2,3,35
"259","Tamil",5,1976,0,"Yes",100,0,0,1,1,3,3,3,2,3,4,1,1,2,3,76
"260","Tamil",10,1993,1,"No",100,0,0,3,3,1,1,1,1,1,1,1,1,1,1,61
"261","Tamil",2,2003,0,"No",100,0,0,2,2,1,1,1,1,1,1,1,1,1,1,120
"262","Tamil",1,1980,0,"Yes",100,0,0,2,2,1,1,1,1,1,1,1,4,1,1,70
"263","Tamil",1,2010,0,"Yes",100,0,0,2,2,1,1,1,1,1,1,1,1,1,1,18
"264","Tamil",3,1996,0,"Yes",100,0,0,1,2,3,2,3,2,3,4,3,1,1,4,50
"265","Tamil",2,2009,0,"No",100,0,0,1,2,3,3,4,2,4,4,4,1,1,4,16
"266","Tamil",13,1988,0,"Yes",100,0,0,4,2,3,4,4,4,4,4,4,1,4,3,185
"267","Tamil",4,1992,0,"No",100,0,0,4,2,4,3,4,3,4,4,1,1,3,3,82
"268","Tamil",1,2000,0,"Yes",100,0,0,2,1,4,2,2,1,2,3,2,3,2,2,20
"269","Hindi",1,1989,0,"No",100,0,0,2,1,3,1,1,1,1,4,3,1,4,2,16
"270","Hindi",2,1994,0,"Yes",100,0,0,3,2,2,2,1,1,1,3,3,3,1,1,40
"271","Hindi",1,1999,0,"No",100,0,0,4,1,3,2,1,1,2,1,3,3,2,3,19
"272","Hindi",5,1982,0,"No",100,0,0,2,3,3,1,3,1,1,4,2,3,3,3,400
"273","Hindi",1,2000,0,"Yes",100,0,0,1,1,3,1,3,1,1,4,1,1,1,1,40
"274","Hindi",1,2001,0,"No",100,0,0,2,1,4,1,1,1,1,1,1,4,1,1,86
"275","Hindi",1,2001,0,"No",100,0,0,2,2,3,1,1,1,2,4,1,1,1,1,12
"276","Hindi",2,2007,0,"No",100,0,0,2,1,3,1,4,1,2,4,1,4,2,2,13
"277","Hindi",1,2005,0,"No",100,0,0,1,1,3,2,1,1,1,3,1,1,2,2,28
"278","Hindi",1,2005,0,"No",100,0,0,2,1,4,1,1,1,1,1,1,1,1,1,50
"279","Hindi",2,1978,0,"No",100,0,0,3,1,3,NA,1,1,2,4,1,3,2,2,67
"280","Hindi",1,2007,1,"Yes",100,0,0,2,2,1,2,2,1,2,3,4,1,3,1,265
"281","Hindi",1,2000,0,"No",100,0,0,1,1,1,1,1,1,1,3,4,1,3,1,60
"282","Hindi",1,1996,0,"Yes",100,0,0,3,3,2,2,3,4,1,4,2,4,2,4,45
"283","Hindi",1,1992,0,"No",100,0,0,1,4,1,4,1,1,4,1,4,4,4,4,25
"284","Hindi",1,2008,0,"Yes",100,0,0,2,2,2,2,1,1,2,2,3,4,3,2,400
"285","Hindi",1,1984,0,"No",100,0,0,3,3,2,3,4,4,1,4,2,4,2,1,8
"286","Hindi",1,2013,1,"Yes",100,0,0,2,2,1,3,2,1,2,4,1,4,2,2,60
"287","Hindi",1,2008,0,"Yes",100,0,0,4,2,1,2,2,2,3,2,3,4,3,3,150
"288","Hindi",1,2003,0,"Yes",100,0,0,4,2,4,3,3,3,2,1,4,1,2,3,6
"289","Hindi",1,2006,0,"Yes",100,0,0,1,1,1,1,1,1,1,2,1,4,1,1,270
"290","Hindi",1,2006,0,"Yes",100,0,0,4,4,4,4,1,4,4,1,1,1,1,4,12
"291","Hindi",1,1999,0,"Yes",100,0,0,2,2,3,3,4,4,1,3,2,4,2,1,35
"292","Hindi",2,1998,1,"Yes",100,0,0,2,2,2,2,2,1,2,3,2,1,4,1,150
"293","Hindi",1,2011,0,"Yes",100,0,0,2,2,2,2,2,1,1,2,3,4,3,3,250
"294","Hindi",1,2007,0,"Yes",100,0,0,2,2,4,2,4,4,2,4,2,4,3,1,110
"295","Hindi",1,2008,0,"Yes",100,0,0,3,2,4,2,3,1,2,2,2,4,2,1,80
"296","Hindi",1,2007,0,"Yes",100,0,0,2,2,2,2,2,1,1,2,2,2,2,1,25
"297","Hindi",1,2006,0,"Yes",100,0,0,2,2,1,2,3,3,1,2,3,4,3,1,550
"298","Hindi",1,2012,1,"Yes",100,0,0,2,2,2,2,2,1,2,4,3,4,3,1,80
"299","Hindi",1,2006,0,"Yes",100,0,0,4,2,3,4,3,1,3,3,2,4,2,3,45
"300","Hindi",1,2010,0,"Yes",100,0,0,4,2,1,2,1,1,3,3,3,4,2,1,55
"301","Hindi",1,1952,0,"No",100,0,0,4,2,2,2,4,4,2,4,2,3,3,1,52
"302","Hindi",1,2007,1,"Yes",100,0,0,2,2,1,2,1,3,4,2,3,4,2,1,14
"303","Hindi",1,2002,0,"No",100,0,0,2,2,1,2,2,1,2,3,3,1,3,1,60
"304","Hindi",1,2012,0,"Yes",100,0,0,2,2,2,2,1,1,2,2,4,4,2,2,170
"305","Hindi",1,1998,1,"No",100,0,0,2,2,2,2,2,1,1,2,4,1,3,2,7
"306","Hindi",1,2003,0,"Yes",100,0,0,2,2,2,2,2,2,2,2,3,4,3,2,65
"307","Hindi",1,2010,0,"Yes",100,0,0,2,2,1,2,2,1,2,4,2,1,4,1,76
"308","Hindi",1,1989,0,"No",100,0,0,1,1,1,4,1,4,1,1,1,1,1,4,13
"309","Hindi",1,2013,0,"Yes",100,0,0,2,2,2,2,1,1,2,2,3,4,3,2,80
"310","Hindi",1,1980,0,"Yes",100,0,0,2,2,3,1,4,1,2,3,2,3,1,1,68
"311","Hindi",1,2004,0,"Yes",100,0,0,4,2,3,2,3,3,3,2,3,4,2,1,110
"312","Hindi",1,2006,0,"No",100,0,0,1,1,1,1,1,1,1,1,1,2,1,1,54
"313","Hindi",2,2008,0,"Yes",100,0,0,1,1,1,1,1,1,1,2,1,1,1,1,80
"314","Hindi",1,2007,0,"No",100,0,0,1,1,1,1,1,1,1,2,1,2,1,1,70
"315","Hindi",1,2008,0,"Yes",100,0,0,1,1,1,1,1,1,1,2,1,2,1,1,80
"316","Hindi",1,2004,0,"No",100,0,0,1,1,1,1,1,1,1,1,1,1,1,1,35
"317","Hindi",4,2009,1,"Yes",100,0,0,1,1,1,1,1,1,1,1,1,1,1,1,80
"318","Hindi",1,2002,0,"No",100,0,0,2,1,2,1,2,3,2,3,1,4,1,2,45
"319","Hindi",1,1985,0,"No",100,0,0,1,1,1,1,1,1,1,2,2,3,1,1,8
"320","Hindi",1,2002,0,"Yes",100,0,0,2,1,2,1,3,3,4,4,1,3,1,2,52
"321","Hindi",5,2010,0,"Yes",100,0,0,1,1,1,1,1,1,1,2,1,2,1,1,60
"322","Hindi",1,2005,0,"No",100,0,0,1,1,1,1,1,1,1,1,1,1,1,1,80
"323","Hindi",1,2000,0,"Yes",100,0,0,1,1,1,1,1,1,1,2,1,2,1,1,350
"324","Hindi",5,1984,0,"Yes",100,0,0,1,1,1,1,1,1,1,2,1,2,1,1,80
"325","Hindi",5,2005,0,"Yes",100,0,0,1,1,1,1,1,1,1,2,1,2,1,1,250
"326","Hindi",5,1984,0,"Yes",100,0,0,1,1,1,1,1,1,1,2,1,2,1,1,250
"327","Hindi",1,1984,0,"Yes",100,0,0,1,1,1,1,1,1,1,2,1,2,1,1,250
"328","Hindi",1,2002,0,"Yes",100,0,0,2,1,4,1,3,3,3,3,1,4,1,3,80
"329","Hindi",3,2010,1,"Yes",100,0,0,1,1,2,1,1,1,1,4,1,1,1,1,105
"330","Hindi",2,1998,1,"Yes",100,0,0,2,1,2,1,1,1,1,1,1,1,1,1,95
"331","Tamil",1,1994,0,"No",100,0,0,1,1,1,1,4,1,1,3,1,1,1,1,20
"332","Tamil",1,2007,0,"Yes",100,0,0,1,1,1,1,1,1,1,3,2,2,1,1,35
"333","Tamil",1,2001,0,"Yes",100,0,0,1,1,1,1,1,1,1,3,2,2,2,4,120
"334","Hindi",1,1985,0,"Yes",100,0,0,2,1,2,1,1,1,1,2,1,1,1,1,40
"335","Hindi",1,1960,0,"No",100,0,0,1,1,1,1,1,1,2,4,1,2,1,1,44
"336","Hindi",1,2001,0,"No",100,0,0,2,1,2,1,1,1,1,2,1,1,1,1,60
"337","Hindi",1,2007,0,"Yes",100,0,0,1,1,3,1,1,3,1,1,4,4,1,3,10
"338","Hindi",3,2004,0,"Yes",100,0,0,1,1,3,1,1,1,1,3,3,3,3,1,170
"339","Hindi",1,2006,0,"No",100,0,0,2,1,2,1,1,1,1,1,1,1,1,1,12
"340","Hindi",1,2009,0,"No",100,0,0,1,1,3,1,1,1,3,1,1,2,1,2,40
"341","Hindi",1,1987,0,"No",100,0,0,2,1,2,1,1,1,1,2,1,1,1,1,5
"342","Tamil",1,1986,0,"Yes",100,0,0,1,1,1,1,1,1,2,1,1,1,1,4,105
"343","Hindi",1,1998,0,"No",100,0,0,1,1,1,1,1,1,1,1,1,1,1,1,120
"344","Hindi",1,2009,0,"No",100,0,0,1,1,1,4,1,1,1,4,2,2,1,1,8
"345","Tamil",1,2002,0,"Yes",100,0,0,1,1,1,1,1,1,1,3,2,3,1,1,60
"346","Tamil",1,1996,0,"Yes",100,0,0,2,1,1,1,1,1,1,3,2,2,1,1,30
"347","Hindi",1,NA,1,"Yes",100,0,0,1,1,1,1,2,2,2,3,1,1,1,1,31
"348","Hindi",2,2003,0,"Yes",100,0,0,1,1,4,3,2,1,3,4,3,3,1,2,5
"349","Hindi",1,1962,0,"Yes",100,0,0,2,2,2,1,2,2,2,2,1,3,1,2,10
"350","Hindi",1,1967,1,"Yes",100,0,0,1,1,1,1,2,2,2,4,2,4,2,2,92
"351","Hindi",1,NA,1,"Yes",100,0,0,1,1,1,1,2,2,2,2,1,4,1,2,105
"352","Hindi",1,1979,1,"Yes",100,0,0,2,2,2,2,2,2,2,4,3,4,3,3,500
"353","Hindi",1,1987,1,"Yes",100,0,0,1,1,1,1,2,2,2,3,2,3,1,2,40
"354","Hindi",1,1980,0,"Yes",100,0,0,2,2,2,2,3,2,2,3,1,3,1,3,23
"355","Hindi",2,1997,0,"Yes",100,0,0,4,1,2,1,2,2,1,2,2,2,2,1,110
"356","Hindi",1,1972,0,"Yes",100,0,0,1,1,1,1,1,1,1,1,1,2,1,1,118
"357","Hindi",1,2000,0,"No",100,0,0,1,2,1,2,2,2,4,1,1,1,1,1,120
"358","Hindi",2,1984,0,"No",100,0,0,3,2,1,2,2,2,2,1,2,1,2,1,42
"359","Hindi",1,NA,0,"Yes",100,0,0,2,1,1,1,1,1,1,1,2,2,2,1,113
"360","Hindi",1,2000,0,"No",100,0,0,2,1,2,2,2,1,2,2,1,4,1,2,32
"361","Hindi",3,1976,0,"No",100,0,0,3,2,1,2,2,4,4,1,2,1,1,1,250
"362","Hindi",2,1992,0,"No",100,0,0,3,2,3,2,2,2,2,1,2,1,2,4,400
"363","Hindi",2,1980,0,"Yes",100,0,0,1,1,3,2,2,4,2,1,1,1,3,2,35
"364","Hindi",1,2000,0,"Yes",100,0,0,2,2,2,3,2,2,2,2,1,3,1,2,155
"365","Gujarati",1,2005,0,"Yes",100,0,0,1,1,2,1,1,1,2,3,1,1,1,1,33
"366","Gujarati",1,2008,0,"Yes",100,0,0,1,1,1,1,1,1,1,1,1,1,1,2,5
"367","Gujarati",1,2004,0,"Yes",100,0,0,1,1,2,1,1,1,2,3,1,2,2,3,56
"368","Gujarati",1,1983,0,"No",100,0,0,1,1,1,1,1,1,1,4,1,3,1,2,50
"369","Gujarati",1,2004,0,"Yes",100,0,0,1,1,2,1,1,1,2,2,1,1,1,2,38
"370","Gujarati",1,2002,0,"No",100,0,0,1,1,2,1,1,1,2,2,2,2,2,1,31
"371","Tamil",2,1980,1,"Yes",100,0,0,3,2,3,4,3,1,3,3,2,3,2,4,121
"372","Tamil",1,2000,1,"Yes",100,0,0,3,2,3,3,3,2,3,4,2,3,2,3,65
"373","Tamil",2,2003,0,"Yes",100,0,0,1,1,1,1,1,1,2,1,1,1,1,2,30
"374","Tamil",2,2001,1,"Yes",100,0,0,3,2,4,3,4,2,4,2,1,2,1,3,300
"375","Tamil",2,1992,0,"Yes",100,0,0,2,1,3,2,1,1,3,3,2,3,2,3,162
"376","Tamil",4,1992,1,"Yes",100,0,0,2,1,3,3,3,2,2,4,1,3,2,3,80
"377","Tamil",2,1998,1,"Yes",100,0,0,3,1,3,3,3,2,4,4,1,3,1,3,121
"378","Tamil",2,1992,1,"Yes",100,0,0,2,1,3,2,3,1,1,3,2,3,2,3,70
"379","Tamil",1,1987,1,"Yes",100,0,0,1,1,2,1,3,2,3,4,2,2,1,1,60
"380","Tamil",1,1967,0,"Yes",100,0,0,2,2,2,2,3,1,3,2,2,1,3,3,15
"381","Tamil",1,2001,1,"Yes",100,0,0,2,2,3,3,2,1,2,3,1,2,1,4,42
"382","Tamil",1,2001,0,"Yes",100,0,0,3,1,3,2,2,1,2,2,1,2,1,2,45
"383","Tamil",2,1990,0,"No",100,0,0,1,1,1,1,1,2,1,1,NA,NA,NA,1,7
"384","Tamil",1,1998,0,"Yes",100,0,0,3,2,2,3,4,3,1,3,2,3,2,3,42
"385","Tamil",1,2001,0,"Yes",100,0,0,2,2,3,2,1,2,4,3,1,3,1,2,45
"386","Tamil",1,2001,0,"Yes",100,0,0,3,2,4,3,3,2,3,2,1,2,1,3,52
"387","Tamil",1,1992,1,"Yes",100,0,0,2,1,2,1,2,2,2,2,1,1,1,2,40
"388","Hindi",1,1959,0,"Yes",100,0,0,1,1,1,NA,1,1,1,1,1,1,1,1,15
"389","Tamil",1,1981,0,"Yes",100,0,0,1,1,1,NA,4,1,1,4,1,4,4,3,15
"390","Hindi",1,1993,0,"Yes",100,0,0,1,1,1,4,1,1,2,4,4,4,4,1,160
"391","Hindi",1,1965,0,"Yes",50,0,50,2,1,1,2,1,1,1,4,1,2,2,1,193
"392","Tamil",1,2012,0,"Yes",50,0,50,1,1,1,1,4,4,1,4,1,4,NA,1,10
"393","Hindi",1,1919,0,"Yes",100,0,0,1,1,4,3,1,1,1,2,1,1,1,1,1360
"394","Hindi",1,1977,0,"No",100,0,0,1,1,4,4,4,1,2,4,2,2,1,2,12
"395","Tamil",1,1998,1,"Yes",50,0,50,2,1,1,1,NA,2,4,1,2,2,NA,1,15
"396","Tamil",1,1972,0,"No",100,0,0,1,1,1,1,1,1,3,3,1,3,NA,1,35
"397","Hindi",1,1975,0,"No",100,0,0,1,1,1,1,1,1,1,3,3,3,2,3,14
"398","Hindi",5,1991,0,"Yes",100,0,0,1,1,2,1,1,1,1,2,2,2,1,1,125
"399","Tamil",1,1981,0,"Yes",95,0,5,2,1,2,1,NA,3,2,2,4,3,3,1,75
"400","Hindi",1,1948,0,"Yes",100,0,0,1,1,2,1,1,3,1,2,3,3,3,3,18
"401","Hindi",1,1989,0,"Yes",100,0,0,1,1,1,1,1,1,1,3,1,2,NA,1,15
"402","Tamil",4,1995,0,"Yes",60,0,40,1,4,2,1,1,1,1,3,3,1,1,1,5
"403","Hindi",1,1995,1,"Yes",100,0,0,1,1,2,1,1,3,1,3,3,3,4,1,1000
"404","Hindi",6,1946,0,"Yes",100,0,0,3,4,1,3,1,3,1,4,NA,NA,1,1,45
"405","Hindi",1,1984,0,"Yes",100,0,0,1,4,2,1,4,1,2,4,3,4,3,3,60
"406","Hindi",1,1970,1,"Yes",100,0,0,1,1,1,1,1,1,1,1,2,2,3,1,12
"407","Hindi",1,1986,0,"Yes",100,0,0,1,1,2,3,1,3,3,3,3,4,3,3,150
"408","Hindi",2,1989,0,"Yes",100,0,0,1,1,1,1,2,1,1,1,1,1,1,1,50
"409","Hindi",1,1986,0,"Yes",100,0,0,1,1,2,1,1,1,1,3,2,1,1,1,23
"410","Tamil",1,1978,0,"No",100,0,0,1,1,2,1,1,2,1,1,1,1,NA,3,12
"411","Tamil",1,1979,0,"Yes",100,0,0,1,1,1,1,1,3,1,2,2,3,2,4,160
"412","Tamil",1,1934,0,"Yes",80,0,20,1,1,1,2,1,2,3,3,4,3,NA,3,8000
"413","Hindi",1,2007,0,"Yes",100,0,0,1,2,1,1,1,1,NA,1,1,2,NA,1,49
"414","Tamil",1,1986,0,"Yes",97,0,3,2,2,1,1,1,1,1,1,1,1,NA,1,75
"415","Hindi",1,1990,0,"No",100,0,0,1,1,1,1,1,1,1,3,2,1,1,1,9
"416","Hindi",1,1969,0,"Yes",100,0,0,1,1,1,1,1,1,1,4,1,1,NA,1,10
"417","Kannada",1,2002,0,"Yes",100,0,0,1,1,1,1,1,1,2,3,1,2,1,1,1200
"418","Kannada",1,2002,0,"Yes",100,0,0,3,2,2,2,2,1,3,2,1,1,1,2,150
"419","Kannada",1,2005,0,"Yes",100,0,0,3,2,1,1,1,1,2,1,1,1,1,2,200
"420","Kannada",1,2002,0,"Yes",100,0,0,3,2,2,2,1,1,3,2,3,2,2,2,100
"421","Kannada",1,2005,0,"Yes",100,0,0,2,2,2,2,1,1,3,2,1,2,2,2,25
"422","Kannada",1,2006,0,"Yes",100,0,0,3,2,2,2,1,1,3,2,2,2,2,2,25
"423","Kannada",1,2001,0,"Yes",100,0,0,1,1,2,2,1,1,1,3,1,1,1,1,400
"424","Kannada",2,1995,0,"Yes",100,0,0,1,1,2,2,1,1,2,1,1,1,1,2,300
"425","Kannada",4,1983,0,"Yes",100,0,0,3,1,1,1,1,1,2,2,1,1,1,1,1500
"426","Kannada",4,2000,0,"Yes",100,0,0,1,1,1,1,1,1,1,1,1,2,2,1,150
"427","Kannada",1,2003,0,"Yes",100,0,0,3,2,2,2,1,1,3,2,2,2,2,2,150
"428","Kannada",3,2000,0,"Yes",100,0,0,1,1,1,1,1,1,1,1,1,1,1,1,200
"429","Kannada",1,2001,0,"Yes",100,0,0,3,2,2,2,NA,1,3,2,2,2,2,2,200
"430","Kannada",1,2004,0,"Yes",100,0,0,1,2,1,1,1,1,1,2,1,2,1,1,300
"431","Telugu",1,1989,0,"Yes",100,0,0,4,3,1,3,3,2,2,2,4,1,4,3,25
"432","Telugu",2,2003,0,"Yes",100,0,0,2,1,2,1,2,2,2,3,3,1,2,2,25
"433","Telugu",1,1987,0,"Yes",100,0,0,1,3,3,3,4,3,3,2,4,1,4,3,3000
"434","Telugu",1,1988,0,"Yes",100,0,0,2,1,4,2,2,3,2,3,2,3,2,2,18
"435","Telugu",1,1987,0,"Yes",100,0,0,1,2,4,3,4,3,3,1,4,1,4,4,105
"436","Telugu",4,1995,0,"Yes",100,0,0,2,1,2,2,3,2,3,2,4,1,3,2,150
"437","Hindi",5,1990,0,"Yes",100,0,0,1,2,1,2,4,2,3,2,1,1,1,3,102
"438","Hindi",2,1966,0,"Yes",100,0,0,2,1,1,1,4,1,3,1,1,1,1,2,60
"439","Telugu",2,1989,0,"Yes",100,0,0,3,1,3,2,2,3,3,3,1,4,1,3,109
"440","Telugu",2,1964,0,"Yes",100,0,0,4,1,3,1,2,2,3,3,3,3,3,3,120
"441","Telugu",5,1983,0,"Yes",100,0,0,3,2,2,1,2,3,3,3,1,3,1,3,104
"442","Telugu",1,2005,0,"Yes",100,0,0,4,1,3,3,3,2,2,3,1,3,1,3,19
"443","Telugu",1,2007,1,"No",100,0,0,4,2,2,3,2,3,2,3,1,2,1,3,109
"444","Telugu",1,1980,0,"Yes",100,0,0,1,1,3,2,3,3,3,3,1,4,1,3,18
"445","Telugu",1,1996,0,"Yes",100,0,0,1,1,3,2,4,3,2,3,2,2,2,2,18
"446","Telugu",1,1988,0,"Yes",100,0,0,1,3,3,3,3,2,2,3,2,2,2,3,19
"447","Telugu",1,1997,0,"Yes",100,0,0,1,4,3,2,1,3,2,2,4,1,4,3,109
"448","Hindi",7,1982,0,"Yes",100,0,0,1,4,3,1,4,3,4,3,4,1,4,3,112
"449","Hindi",1,2003,1,"Yes",100,0,0,1,1,1,1,2,2,2,3,3,4,2,2,120
"450","Hindi",1,1997,0,"Yes",100,0,0,1,1,1,1,2,2,2,2,2,4,1,2,80
"451","Hindi",1,1983,0,"Yes",100,0,0,4,1,2,2,2,2,3,3,1,3,2,3,22
"452","Hindi",1,2002,0,"Yes",98,2,0,1,1,1,1,1,1,1,4,4,3,1,2,40
"453","Hindi",1,1986,0,"No",100,0,0,3,1,2,2,3,1,1,1,1,1,3,1,8
"454","Hindi",4,1992,0,"Yes",100,0,0,1,1,1,1,1,1,1,1,1,1,NA,1,15
"455","Hindi",10,2012,0,"Yes",100,0,0,1,1,1,1,1,1,1,3,1,3,1,1,12
"456","Hindi",1,1985,1,"Yes",85,0,15,1,1,3,3,2,1,1,4,1,4,1,1,26
"457","Hindi",1,1984,0,"No",100,0,0,3,1,3,2,1,1,1,4,1,1,1,1,15
"458","Hindi",1,2010,0,"No",100,0,0,1,1,1,1,1,1,1,4,1,3,1,1,25
"459","Hindi",1,1981,0,"Yes",100,0,0,1,1,NA,3,1,1,1,1,4,1,2,1,755
"460","Hindi",1,1967,0,"Yes",100,0,0,2,3,3,2,3,3,3,2,2,2,3,2,25
"461","Hindi",1,1969,0,"Yes",100,0,0,1,1,1,1,1,1,1,4,4,1,1,1,2000
"462","Hindi",1,1983,0,"No",100,0,0,4,1,4,1,3,1,4,1,1,1,1,1,10
"463","Hindi",2,1982,0,"Yes",100,0,0,1,1,3,2,1,1,3,3,2,2,1,2,15
"464","Hindi",8,1970,0,"No",100,0,0,3,1,3,3,3,2,1,1,1,1,3,1,20
"465","Tamil",1,2002,0,"No",100,0,0,2,1,3,3,2,1,3,3,2,3,2,3,18
"466","Hindi",1,2010,0,"No",100,0,0,2,1,1,1,1,1,2,1,1,3,1,2,6
"467","Hindi",1,1985,0,"Yes",100,0,0,1,1,2,2,2,2,1,1,4,3,3,2,26
"468","Hindi",1,2008,0,"Yes",100,0,0,1,3,3,3,4,3,3,4,4,1,4,4,19
"469","Hindi",1,2003,0,"No",100,0,0,1,2,1,2,2,4,2,1,1,2,2,1,130
"470","Tamil",1,2000,0,"Yes",100,0,0,4,1,2,2,2,3,3,3,2,3,3,2,48
"471","Telugu",2,1995,0,"Yes",100,0,0,2,1,3,3,3,2,2,4,1,3,1,3,200
"472","Hindi",1,1990,0,"Yes",100,0,0,1,1,2,2,2,3,3,1,4,1,4,2,14
"473","Hindi",1,2008,1,"No",100,0,0,1,1,2,2,2,1,2,2,1,4,1,2,5
"474","Hindi",1,1994,0,"No",100,0,0,1,1,1,1,1,1,1,2,2,2,2,4,24
"475","Hindi",2,2004,0,"No",100,0,0,2,1,2,1,2,2,4,2,1,1,2,1,100
"476","Hindi",1,2000,0,"No",100,0,0,1,2,1,2,2,4,2,1,2,2,2,1,35
"477","Hindi",1,1997,0,"No",100,0,0,2,1,1,2,2,3,2,3,2,4,2,1,36
"478","Gujarati",1,2006,0,"Yes",100,0,0,1,1,2,1,1,1,2,2,1,1,1,3,65
"479","Telugu",1,2002,0,"Yes",100,0,0,1,3,3,3,4,1,4,1,4,1,3,4,423
"480","Hindi",1,1980,0,"No",100,0,0,2,2,1,1,1,4,3,1,4,1,1,3,68
"481","Kannada",1,2000,0,"Yes",100,0,0,2,1,2,2,3,1,3,2,2,2,2,2,15
"482","Hindi",2,1994,0,"No",100,0,0,3,2,1,2,2,2,4,1,1,2,2,1,120
"483","Hindi",2,2001,1,"Yes",100,0,0,2,2,2,2,2,2,1,2,1,4,1,1,20
"484","Hindi",3,2001,0,"No",100,0,0,2,1,2,1,2,2,2,1,2,1,4,1,60
"485","Hindi",1,1991,0,"No",100,0,0,1,1,2,1,2,3,2,1,2,2,2,1,20
"486","Telugu",1,1992,0,"Yes",100,0,0,4,1,3,3,1,3,2,2,1,2,1,2,17
"487","Hindi",3,2003,0,"No",100,0,0,2,1,1,1,2,2,2,2,2,4,2,2,32
"488","Hindi",1,1985,0,"No",100,0,0,1,1,1,1,1,1,1,2,2,1,1,1,5
"489","Hindi",3,1995,0,"No",100,0,0,3,2,1,2,2,4,4,1,2,1,1,1,40
"490","Hindi",4,2003,0,"Yes",100,0,0,1,3,3,3,3,4,4,4,1,4,4,4,109
"491","Kannada",1,2000,0,"Yes",100,0,0,3,2,2,2,2,1,3,2,3,2,2,2,40
"492","Hindi",1,1989,0,"Yes",100,0,0,1,1,3,2,3,1,1,1,3,4,1,1,20
"493","Telugu",1,2007,0,"Yes",100,0,0,2,1,3,2,2,2,2,2,2,4,2,1,18
"494","Hindi",2,2001,0,"No",100,0,0,3,3,1,2,2,2,2,2,2,4,2,2,116
"495","Hindi",2,1998,0,"No",100,0,0,1,2,2,3,2,2,4,1,2,2,2,2,24
"496","Kannada",1,1998,0,"Yes",100,0,0,2,2,2,2,2,1,3,2,2,2,2,2,80
"497","Telugu",4,1991,0,"Yes",100,0,0,4,2,3,3,2,3,3,3,3,2,1,3,102
"498","Gujarati",1,2000,0,"Yes",100,0,0,1,1,1,1,1,1,1,1,1,1,1,2,32
"499","Kannada",1,2000,0,"Yes",100,0,0,2,1,2,1,1,1,1,2,1,2,1,1,600
"500","Hindi",1,1985,0,"No",100,0,0,2,1,3,3,1,3,1,1,3,1,3,1,20
"501","Hindi",1,2009,0,"No",100,0,0,2,1,2,2,2,2,1,3,1,3,1,2,25
"502","Hindi",2,1996,0,"No",100,0,0,2,1,2,2,3,3,3,3,1,4,1,4,65
"503","Tamil",1,2002,1,"Yes",100,0,0,3,2,3,3,3,2,3,4,2,3,2,3,65
"504","Hindi",1,2003,0,"No",100,0,0,1,1,3,2,2,2,3,2,1,1,2,2,124
"505","Hindi",3,2003,0,"No",100,0,0,2,1,1,2,2,2,2,2,2,4,NA,2,128
"506","Hindi",1,2000,0,"Yes",100,0,0,1,1,2,3,2,2,2,2,1,3,1,1,145
"507","Hindi",1,2007,0,"Yes",100,0,0,1,1,4,3,3,4,3,3,1,3,1,2,65
"508","Gujarati",1,2005,0,"No",100,0,0,1,1,1,1,1,1,2,2,1,1,1,2,67
"509","Hindi",1,2000,0,"Yes",100,0,0,2,1,2,3,2,2,1,2,1,3,1,2,45
"510","Hindi",1,1996,0,"Yes",100,0,0,3,1,2,1,3,2,2,3,1,4,1,2,7
"511","Hindi",1,2003,0,"Yes",100,0,0,2,2,1,1,1,1,1,1,1,2,1,1,124
"512","Hindi",2,2010,0,"No",100,0,0,1,1,2,1,2,2,2,3,2,1,1,3,10
"513","Kannada",1,2001,0,"Yes",100,0,0,3,2,2,2,1,1,3,2,3,2,2,2,300
"514","Hindi",1,1980,0,"No",100,0,0,3,2,1,2,4,2,2,1,2,2,2,1,300
"515","Hindi",3,2001,0,"No",100,0,0,2,1,2,1,2,2,2,2,2,4,2,2,138
"516","Hindi",1,2006,0,"No",100,0,0,2,2,2,2,2,3,2,1,1,2,1,3,119
"517","Tamil",1,1990,0,"Yes",100,0,0,2,2,2,2,3,2,1,3,2,3,2,3,14
"518","Kannada",1,2004,0,"Yes",100,0,0,3,2,2,2,1,1,3,2,3,2,2,2,90
"519","Telugu",1,1986,0,"Yes",100,0,0,2,1,3,3,3,2,2,2,1,2,1,4,17
"520","Tamil",1,1998,0,"Yes",100,0,0,2,1,3,3,2,1,3,4,2,3,2,2,10
"521","Hindi",1,2000,0,"Yes",100,0,0,2,1,2,3,2,2,2,2,1,1,1,2,132
"522","Hindi",1,2000,0,"Yes",100,0,0,3,2,2,3,2,2,2,2,1,3,1,2,145
"523","Hindi",1,1996,0,"No",100,0,0,1,1,1,1,1,1,2,4,2,2,2,1,26
"524","Hindi",1,1998,0,"Yes",100,0,0,2,1,3,2,2,2,2,2,2,3,2,2,121
"525","Hindi",2,1998,0,"No",100,0,0,1,2,1,2,4,2,2,1,1,2,2,1,30
"526","Hindi",1,2006,0,"Yes",100,0,0,1,1,1,1,1,1,1,1,1,4,1,1,30
"527","Hindi",2,1998,0,"No",100,0,0,1,2,1,2,2,2,4,1,2,2,2,1,20
"528","Hindi",1,1997,0,"No",100,0,0,2,1,1,1,2,2,1,3,2,4,1,2,16
"529","Gujarati",1,2004,0,"No",100,0,0,1,1,1,1,1,1,2,2,1,1,1,3,36
"530","Hindi",2,1994,0,"No",100,0,0,4,1,1,2,4,2,2,1,1,1,1,1,20
"531","Hindi",1,2010,0,"Yes",100,0,0,2,2,2,2,2,4,2,2,2,1,1,1,12
"532","Hindi",1,1998,0,"No",100,0,0,2,1,3,2,2,2,4,3,1,4,1,2,20
"533","Hindi",1,2002,0,"No",100,0,0,3,1,3,2,3,3,3,3,1,3,2,2,16
"534","Hindi",1,2005,0,"No",100,0,0,3,1,3,2,3,3,3,4,2,3,2,3,18
"535","Hindi",3,1980,0,"Yes",100,0,0,4,1,3,2,4,3,1,4,2,4,1,3,109
"536","Hindi",1,1990,0,"No",100,0,0,1,1,2,1,2,2,4,3,1,3,1,2,30
"537","Hindi",1,2000,0,"No",100,0,0,1,1,2,2,3,2,3,2,2,3,1,3,16
"538","Hindi",1,1995,0,"No",100,0,0,1,1,2,2,2,2,2,3,1,3,1,2,16
"539","Hindi",2,1990,0,"Yes",100,0,0,3,2,3,3,3,2,3,4,3,4,2,3,40
"540","Hindi",1,2007,0,"No",100,0,0,3,1,2,2,2,2,2,3,1,3,1,2,18
"541","Hindi",1,1998,1,"No",100,0,0,2,1,2,2,3,2,2,2,1,4,1,2,48
"542","Hindi",1,1980,0,"No",100,0,0,3,3,4,4,4,2,3,4,2,4,2,3,45
"543","Hindi",1,1992,1,"Yes",100,0,0,2,2,2,2,2,2,2,3,2,4,1,2,35
"544","Hindi",1,1995,0,"No",100,0,0,1,1,2,1,2,3,2,3,1,4,1,3,22
"545","Hindi",1,1965,0,"Yes",100,0,0,2,1,2,2,2,2,2,3,1,3,1,2,25
"546","Hindi",2,1986,0,"No",100,0,0,1,1,2,NA,3,2,3,4,1,4,2,3,50
"547","Hindi",1,2002,0,"No",100,0,0,1,1,2,NA,3,2,3,4,1,4,2,3,50
"548","Hindi",1,2005,0,"No",100,0,0,3,3,2,NA,4,2,4,4,2,4,3,2,5
"549","Hindi",7,1978,0,"Yes",100,0,0,1,1,2,NA,3,2,2,4,1,3,2,2,65
"550","Hindi",1,1980,0,"Yes",100,0,0,2,2,NA,NA,3,1,2,3,2,4,3,1,15
"551","Hindi",1,1996,0,"No",100,0,0,2,1,2,2,2,2,4,3,1,3,1,2,18
"552","Hindi",1,2001,0,"No",100,0,0,2,1,2,2,4,2,2,3,1,3,1,2,50
"553","Hindi",1,2001,0,"Yes",100,0,0,2,2,2,2,3,2,2,4,1,3,1,2,8
"554","Hindi",1,1992,0,"Yes",100,0,0,3,1,3,2,4,3,4,2,2,4,1,2,18
"555","Hindi",1,2009,1,"Yes",100,0,0,2,3,2,3,4,2,3,3,2,4,2,4,55
"556","Hindi",1,2012,0,"Yes",100,0,0,2,1,2,3,4,2,3,3,3,3,1,2,30
"557","Hindi",3,1995,1,"Yes",100,0,0,2,1,2,2,3,2,3,2,2,1,1,2,40
"558","Hindi",1,2004,0,"Yes",100,0,0,4,3,3,2,4,4,4,4,1,1,3,4,10
"559","Hindi",1,2006,0,"Yes",100,0,0,4,2,3,2,3,2,4,4,4,4,2,1,60
"560","Hindi",1,1996,1,"No",100,0,0,4,1,3,2,3,4,4,4,3,3,3,4,48
"561","Hindi",1,2009,0,"No",100,0,0,2,1,2,3,4,2,3,2,3,3,1,2,8
"562","Hindi",1,2010,0,"Yes",100,0,0,2,1,2,NA,4,2,1,3,3,2,3,3,12
"563","Hindi",1,2002,0,"Yes",100,0,0,2,1,2,3,4,2,2,2,3,3,1,2,18
"564","Hindi",1,1999,0,"Yes",100,0,0,2,1,2,3,4,2,3,2,3,3,1,2,50
"565","Hindi",1,2003,0,"Yes",100,0,0,2,1,1,1,3,2,3,2,4,2,1,2,12
"566","Hindi",1,2006,0,"Yes",100,0,0,3,2,3,3,4,3,3,3,3,4,2,3,20
"567","Hindi",1,1979,0,"Yes",100,0,0,3,1,2,3,3,2,3,3,1,2,1,2,130
"568","Hindi",1,1996,1,"Yes",100,0,0,3,2,1,2,1,1,1,1,1,1,1,1,195
"569","Hindi",1,1999,0,"Yes",100,0,0,1,1,2,1,1,4,2,1,1,2,1,2,8
"570","Hindi",1,2001,0,"Yes",100,0,0,1,1,1,2,1,1,1,1,2,2,4,4,90
"571","Hindi",1,2006,0,"Yes",100,0,0,1,1,1,1,1,1,1,3,4,1,1,1,18
"572","Hindi",3,1996,0,"Yes",100,0,0,2,1,4,1,1,2,2,2,4,1,3,2,50
"573","Hindi",1,2005,0,"Yes",100,0,0,2,1,4,2,1,2,2,1,1,1,1,2,12
"574","Hindi",1,2001,0,"Yes",100,0,0,1,1,1,1,1,1,1,1,1,1,1,1,18
"575","Hindi",2,2005,0,"Yes",100,0,0,1,1,2,1,1,2,2,2,3,1,2,2,12
"576","Hindi",1,2008,0,"Yes",100,0,0,2,2,2,2,1,2,1,1,1,2,1,2,15
"577","Hindi",1,1998,0,"Yes",100,0,0,2,1,1,1,1,1,1,2,3,3,3,1,45
"578","Hindi",1,1992,0,"Yes",100,0,0,2,1,2,1,1,2,1,1,1,2,1,1,55
"579","Hindi",2,2003,0,"Yes",100,0,0,2,1,2,2,1,2,2,1,1,1,1,4,11
"580","Hindi",1,2000,0,"Yes",100,0,0,1,1,2,1,1,2,1,1,2,2,1,1,NA
"581","Hindi",1,2003,0,"Yes",100,0,0,2,1,2,1,1,2,1,1,1,2,1,1,NA
"582","Hindi",1,1995,0,"Yes",100,0,0,1,1,2,1,1,2,1,1,1,2,1,1,NA
"583","Hindi",1,2007,0,"Yes",100,0,0,1,2,1,1,1,4,1,2,3,1,4,1,45
"584","Gujarati",1,1977,0,"No",100,0,0,1,1,2,1,2,1,2,2,1,3,3,2,15
"585","Gujarati",1,1978,0,"Yes",100,0,0,1,1,1,3,1,1,1,2,2,2,1,1,200
"586","Gujarati",1,1987,0,"Yes",100,0,0,1,1,1,1,1,1,4,3,2,1,1,3,200
"587","Gujarati",1,1983,0,"Yes",100,0,0,1,1,2,1,3,1,2,2,3,3,3,3,22
"588","Gujarati",1,1983,0,"Yes",100,0,0,1,1,2,1,3,1,2,2,1,3,2,4,15
"589","Gujarati",1,1998,0,"No",100,0,0,1,1,2,1,2,1,2,2,1,3,2,2,18
"590","Hindi",1,2009,0,"No",100,0,0,2,3,3,3,3,3,2,3,2,3,2,3,40
"591","Hindi",1,2008,0,"No",100,0,0,2,3,3,3,4,3,4,4,1,4,2,3,10
"592","Hindi",1,2000,0,"No",100,0,0,2,2,3,2,4,3,3,4,1,4,2,3,10
"593","Hindi",1,1988,0,"No",100,0,0,3,3,2,3,2,3,4,4,1,4,2,3,9
"594","Hindi",1,2012,0,"No",100,0,0,3,2,2,3,4,3,3,4,1,4,2,2,11
"595","Hindi",1,2006,0,"No",100,0,0,2,3,2,2,3,3,3,4,2,4,2,2,12
"596","Hindi",1,1992,0,"No",100,0,0,2,3,3,2,4,3,3,4,1,4,2,4,30
"597","Hindi",1,2008,1,"No",100,0,0,3,3,3,2,4,3,3,4,1,4,2,3,6
"598","Gujarati",1,1994,0,"Yes",100,0,0,4,1,2,1,1,1,1,1,1,1,1,2,35
"599","Gujarati",1,1998,0,"Yes",100,0,0,1,1,2,1,1,1,1,4,1,1,2,2,55
"600","Gujarati",1,2004,0,"Yes",100,0,0,1,1,2,1,1,1,1,1,1,1,1,4,25
"601","Hindi",1,1971,0,"No",100,0,0,2,1,1,NA,1,1,1,1,2,4,1,3,21
"602","Hindi",1,1982,1,"Yes",100,0,0,3,1,1,3,1,1,1,4,1,4,1,1,250
"603","Hindi",2,2005,0,"Yes",100,0,0,3,1,3,1,1,1,1,1,1,4,1,1,300
"604","Kannada",1,2000,0,"Yes",100,0,0,2,1,2,2,1,1,2,2,1,1,2,2,20
"605","Kannada",1,2005,0,"Yes",100,0,0,2,1,2,1,1,1,2,2,2,1,2,1,20
"606","Kannada",1,2003,0,"Yes",100,0,0,3,1,2,1,1,1,1,2,1,1,1,1,70
"607","Kannada",1,2002,0,"Yes",100,0,0,2,1,2,3,2,1,3,2,2,1,1,1,25
"608","Kannada",1,2002,0,"Yes",100,0,0,1,1,1,1,1,1,2,3,2,3,1,2,25
"609","Kannada",10,2000,0,"Yes",100,0,0,3,2,2,2,2,1,2,1,1,1,1,2,40
"610","Kannada",1,2005,0,"Yes",100,0,0,2,1,2,2,2,2,2,1,1,1,1,1,20
"611","Kannada",1,1990,0,"Yes",100,0,0,1,1,1,1,1,1,2,3,1,2,1,2,50
"612","Kannada",1,2002,0,"Yes",100,0,0,2,1,2,2,1,2,2,2,2,1,1,1,28
"613","Kannada",1,2002,0,"Yes",100,0,0,3,1,3,2,2,2,2,2,2,2,2,1,25
"614","Kannada",1,2003,0,"Yes",100,0,0,2,1,2,3,2,2,2,2,2,1,1,1,30
"615","Kannada",1,1993,0,"Yes",100,0,0,2,1,2,2,2,1,2,2,2,1,1,1,25
"616","Kannada",1,2001,0,"Yes",100,0,0,2,1,2,3,2,1,3,2,2,1,2,1,29
"617","Kannada",1,2003,0,"Yes",100,0,0,2,1,1,1,2,1,2,1,2,1,1,1,25
"618","Kannada",1,2000,0,"Yes",100,0,0,2,1,2,2,NA,1,2,2,3,2,2,2,25
"619","Kannada",1,1995,0,"Yes",100,0,0,2,1,2,2,2,1,2,1,1,1,1,2,35
"620","Kannada",1,1995,0,"Yes",100,0,0,2,1,2,2,1,1,2,1,1,1,1,2,40
"621","Kannada",1,2001,0,"Yes",100,0,0,1,1,2,2,NA,1,2,1,2,2,2,1,20
"622","Kannada",1,2000,0,"Yes",100,0,0,2,1,3,2,2,1,2,2,2,2,2,1,25
"623","Kannada",1,2003,0,"Yes",100,0,0,2,1,2,2,1,1,3,2,2,2,2,1,25
"624","Kannada",1,1995,0,"Yes",100,0,0,1,1,2,1,1,1,2,3,3,2,2,2,45
"625","Kannada",1,1998,0,"Yes",100,0,0,2,1,2,2,1,1,2,2,1,1,1,1,20
"626","Kannada",1,2003,0,"Yes",100,0,0,3,2,2,2,2,1,2,2,1,2,1,2,30
"627","Kannada",1,1999,0,"Yes",100,0,0,3,2,2,2,1,1,2,1,1,1,1,2,40
"628","Kannada",1,2001,0,"Yes",100,0,0,3,1,3,2,2,1,2,2,2,2,2,1,25
"629","Kannada",1,1995,0,"Yes",100,0,0,2,1,2,2,1,1,2,3,2,3,2,2,20
"630","Kannada",1,2002,0,"Yes",100,0,0,1,1,2,1,NA,2,2,2,2,2,2,1,20
"631","Kannada",1,2000,0,"Yes",100,0,0,2,1,2,2,1,1,2,1,1,1,1,1,26
"632","Kannada",1,2000,0,"Yes",100,0,0,3,1,2,2,1,1,2,1,2,2,2,2,20
"633","Kannada",1,2002,0,"Yes",100,0,0,2,1,2,2,1,1,2,2,2,1,1,1,25
"634","Kannada",1,2005,0,"Yes",100,0,0,2,1,2,2,1,1,3,2,2,2,2,2,25
"635","Kannada",2,1998,0,"Yes",100,0,0,2,1,2,1,2,1,2,1,2,2,1,2,40
"636","Kannada",1,2007,0,"Yes",100,0,0,1,1,1,1,NA,1,1,1,1,1,1,1,20
"637","Kannada",7,1979,0,"Yes",85,10,5,1,4,4,4,3,2,4,4,1,1,4,3,36
"638","Hindi",1,1992,0,"Yes",100,0,0,1,1,1,1,2,4,1,2,3,3,1,1,80
"639","Hindi",3,1998,1,"Yes",82,0,18,2,1,3,1,4,2,2,1,3,4,2,4,230
"640","Hindi",1,2006,0,"Yes",100,0,0,1,1,1,1,1,1,1,1,2,2,1,1,104
"641","Hindi",5,1981,0,"Yes",100,0,0,1,1,1,2,1,1,1,2,1,2,NA,2,150
"642","Hindi",4,2001,0,"Yes",100,0,0,1,1,NA,NA,1,1,1,1,2,2,3,1,378
"643","Hindi",1,2000,0,"Yes",100,0,0,1,1,1,1,1,1,1,2,1,1,NA,1,276
"644","Hindi",1,2001,0,"Yes",100,0,0,1,1,1,1,1,1,1,3,1,1,NA,1,490
"645","Hindi",1,1993,0,"Yes",100,0,0,1,1,1,NA,1,1,1,2,1,2,NA,1,250
"646","Hindi",1,1988,0,"No",100,0,0,2,1,1,1,2,1,1,1,1,2,2,1,83
"647","Telugu",5,2000,0,"Yes",100,0,0,1,1,1,2,1,1,1,2,1,2,NA,1,250
"648","Hindi",4,2006,0,"Yes",100,0,0,2,1,1,1,2,1,2,1,1,2,1,4,156
"649","Hindi",1,1983,0,"Yes",75,0,25,1,1,1,NA,4,1,1,3,1,2,4,4,85
"650","Hindi",1,2008,0,"No",100,0,0,3,2,1,NA,2,1,2,4,1,3,2,2,120
"651","Hindi",7,1988,0,"Yes",100,0,0,1,1,1,1,2,1,1,2,2,1,1,1,60
"652","Hindi",1,2005,1,"Yes",100,0,0,2,2,2,2,2,2,2,3,1,4,1,4,100
"653","Tamil",1,1998,1,"Yes",100,0,0,2,1,3,2,3,2,3,3,2,3,1,2,45
"654","Tamil",2,2000,1,"Yes",100,0,0,4,2,3,3,2,2,2,3,2,3,2,3,55
"655","Tamil",2,1997,0,"Yes",100,0,0,4,1,3,1,3,2,3,2,1,2,1,3,75
"656","Tamil",2,2008,0,"Yes",100,0,0,4,1,3,1,1,2,2,2,1,1,1,1,158
"657","Tamil",1,1993,0,"Yes",100,0,0,4,1,3,1,3,3,3,2,1,2,1,3,50
"658","Tamil",2,1991,0,"Yes",100,0,0,4,3,2,1,1,2,1,2,1,1,NA,1,70
"659","Tamil",1,1986,0,"Yes",100,0,0,2,1,3,2,1,2,4,3,2,2,2,2,56
"660","Tamil",1,1995,0,"Yes",100,0,0,4,1,3,3,1,3,2,2,1,1,1,3,45
"661","Tamil",2,2005,0,"Yes",100,0,0,1,1,1,1,1,1,1,1,1,1,1,1,250
"662","Tamil",2,2007,0,"Yes",15,0,85,3,1,2,1,1,2,2,4,2,3,2,1,150
"663","Tamil",1,1995,0,"Yes",100,0,0,2,1,4,2,2,2,2,3,2,3,2,2,50
"664","Tamil",1,2001,0,"Yes",100,0,0,3,2,3,3,3,1,3,3,2,3,2,3,38
"665","Tamil",2,2011,0,"Yes",100,0,0,2,2,1,1,1,1,1,1,1,1,1,1,6
"666","Tamil",2,1996,0,"No",100,0,0,1,2,3,3,3,2,3,4,3,1,4,3,35
"667","Tamil",3,1988,0,"Yes",100,0,0,1,1,3,3,4,2,3,1,3,1,2,3,65
"668","Tamil",1,1997,0,"No",100,0,0,3,2,3,3,3,2,4,4,1,1,1,3,128
"669","Hindi",1,2002,0,"Yes",100,0,0,1,1,1,1,1,1,1,2,1,2,1,1,80
"670","Hindi",2,1980,0,"Yes",100,0,0,2,1,2,1,2,2,2,3,1,3,1,2,90
"671","Hindi",1,1991,1,"Yes",100,0,0,4,1,1,1,1,1,3,3,2,1,1,1,212
"672","Hindi",2,1974,1,"Yes",100,0,0,2,1,1,2,1,1,1,2,2,4,2,1,150
"673","Hindi",2,2010,0,"Yes",100,0,0,4,2,1,2,1,1,1,2,2,3,2,1,200
"674","Hindi",2,2007,1,"Yes",100,0,0,4,2,1,2,1,1,1,2,2,3,1,1,200
"675","Hindi",1,2007,0,"Yes",100,0,0,2,2,1,2,1,1,1,3,2,1,3,1,100
"676","Hindi",1,2011,1,"Yes",100,0,0,3,2,2,2,3,3,3,4,4,4,1,1,131
"677","Hindi",3,1997,0,"Yes",100,0,0,4,1,2,2,1,1,1,2,1,2,2,1,250
"678","Hindi",1,1995,0,"Yes",50,0,50,2,2,2,2,1,2,2,2,3,4,2,2,40
"679","Hindi",1,2007,0,"Yes",100,0,0,2,1,1,2,3,1,2,3,2,4,1,2,60
"680","Hindi",1,2008,0,"Yes",100,0,0,4,1,3,1,1,1,1,2,1,1,1,1,90
"681","Hindi",1,1988,0,"Yes",80,20,0,3,1,4,3,1,1,1,4,1,1,3,1,89
"682","Hindi",1,2004,1,"Yes",96,3,1,3,1,3,2,3,1,1,4,1,3,1,2,46
"683","Hindi",1,1998,0,"Yes",100,0,0,3,1,1,2,1,1,1,3,1,3,2,3,47
"684","Hindi",1,1991,0,"Yes",100,0,0,4,1,1,1,1,1,2,4,1,4,2,2,94
"685","Hindi",1,2007,1,"Yes",100,0,0,2,1,2,2,3,2,2,3,3,4,1,2,108
"686","Tamil",1,1979,0,"No",100,0,0,4,1,1,1,1,1,1,3,3,1,1,1,35
"687","Tamil",1,1974,0,"Yes",100,0,0,2,1,1,1,1,1,1,1,1,1,1,1,50
"688","Tamil",1,1980,0,"No",100,0,0,2,1,1,1,1,1,1,3,1,1,1,1,60
"689","Tamil",1,1974,0,"Yes",100,0,0,1,1,1,1,1,1,1,2,3,3,NA,1,75
"690","Telugu",4,1991,0,"Yes",60,40,0,2,1,2,1,2,2,3,1,1,1,1,1,300
"691","Hindi",1,1977,0,"Yes",100,0,0,4,1,2,2,2,1,3,2,1,1,1,1,91
"692","Hindi",2,1980,0,"Yes",100,0,0,3,1,1,1,3,1,2,1,1,1,1,1,150
"693","Telugu",1,1990,0,"Yes",100,0,0,3,1,2,1,2,1,2,1,1,1,1,1,100
"694","Telugu",5,1998,0,"Yes",100,0,0,1,3,3,3,1,3,1,2,1,4,4,3,153
"695","Telugu",1,1977,0,"Yes",100,0,0,3,1,2,1,2,1,2,1,1,1,1,2,110
"696","Telugu",2,1980,0,"Yes",100,0,0,4,1,3,3,4,3,3,3,2,3,2,3,182
"697","Hindi",1,1990,0,"Yes",100,0,0,1,3,1,2,4,1,4,3,2,2,2,3,120
"698","Hindi",2,1979,0,"Yes",100,0,0,4,1,2,1,3,1,3,3,2,2,2,3,200
"699","Telugu",1,1980,0,"Yes",100,0,0,1,4,4,3,4,3,2,2,4,4,1,3,70
"700","Telugu",1,1996,0,"Yes",100,0,0,2,1,3,2,2,2,3,3,3,3,3,2,170
"701","Hindi",2,1993,0,"Yes",100,0,0,4,1,1,1,3,2,3,2,1,1,1,3,160
"702","Telugu",1,2008,0,"Yes",100,0,0,3,1,2,1,2,1,3,1,1,1,1,1,60
"703","Hindi",1,1966,0,"Yes",100,0,0,4,1,2,1,2,1,3,2,1,2,1,2,25
"704","Hindi",2,2009,0,"Yes",90,10,0,4,2,3,1,1,1,1,4,2,4,2,2,300
"705","Hindi",1,1994,0,"Yes",100,0,0,2,1,2,1,1,1,1,4,1,4,1,2,250
"706","Hindi",1,2004,0,"Yes",100,0,0,3,1,2,3,1,1,1,4,1,4,1,1,102
"707","Hindi",2,1979,0,"Yes",100,0,0,2,1,2,1,1,1,1,4,1,1,1,1,275
"708","Hindi",1,1996,1,"Yes",100,0,0,2,1,1,1,1,1,1,4,1,4,1,1,400
"709","Hindi",1,1990,0,"Yes",100,0,0,1,1,1,1,1,1,1,3,1,1,1,1,70
"710","Hindi",2,1997,1,"Yes",50,30,20,1,1,1,1,1,1,1,4,2,3,1,1,175
"711","Hindi",3,1994,0,"Yes",40,50,10,1,1,1,1,3,1,1,4,1,1,1,1,140
"712","Hindi",3,2010,0,"Yes",30,25,45,2,2,3,3,2,2,1,4,3,4,1,3,90
"713","Hindi",6,1992,1,"Yes",50,20,30,2,2,1,2,1,1,1,3,2,4,1,1,350
"714","Hindi",3,1996,0,"Yes",70,10,20,2,2,3,3,1,2,1,4,3,4,1,3,78
"715","Hindi",2,1978,1,"Yes",70,20,10,3,1,2,3,1,2,3,3,2,4,1,2,19
"716","Hindi",2,2004,1,"Yes",85,10,5,2,1,2,2,1,1,1,3,1,3,1,2,59
"717","Hindi",9,2004,1,"Yes",100,0,0,2,2,1,3,3,4,1,3,2,4,2,3,250
"718","Hindi",1,1984,0,"Yes",50,30,20,2,2,1,4,2,2,3,4,2,3,1,3,45
"719","Hindi",4,2012,0,"Yes",35,25,40,2,2,3,3,2,2,4,4,3,4,2,3,150
"720","Hindi",7,1996,1,"Yes",80,0,20,2,1,2,1,3,1,1,3,1,1,1,2,108
"721","Hindi",1,1971,0,"Yes",10,45,45,1,2,1,3,1,1,2,4,2,3,2,3,40
"722","Hindi",1,1996,0,"Yes",100,0,0,2,1,2,1,1,2,1,1,2,4,1,1,230
"723","Hindi",4,1990,0,"Yes",100,0,0,3,1,2,1,1,2,1,3,1,4,2,1,50
"724","Hindi",5,1996,0,"Yes",100,0,0,3,1,2,1,2,1,1,1,2,4,3,2,40
"725","Hindi",1,1984,0,"Yes",100,0,0,4,2,2,1,1,1,1,1,1,2,1,1,17
"726","Hindi",1,1965,0,"Yes",80,20,0,1,1,1,2,1,1,2,4,3,3,1,2,15
"727","Hindi",2,1998,0,"Yes",80,10,10,2,3,2,1,1,1,1,4,3,3,1,3,60
"728","Hindi",1,1999,0,"Yes",100,0,0,2,2,1,1,4,1,1,1,1,1,1,1,20
"729","Hindi",2,2007,1,"Yes",100,0,0,1,1,1,1,1,1,2,4,1,1,1,1,70
"730","Hindi",1,1995,0,"Yes",100,0,0,4,2,2,2,2,1,1,3,1,4,1,2,35
"731","Hindi",1,1992,0,"Yes",90,7,3,4,2,3,2,4,3,3,2,1,2,1,3,38
"732","Hindi",1,1983,0,"Yes",100,0,0,2,1,3,2,2,2,2,2,2,4,2,1,32
"733","Hindi",1,2006,0,"Yes",100,0,0,1,1,1,1,1,1,1,3,1,1,1,1,40
"734","Tamil",1,1983,0,"Yes",100,0,0,1,1,1,1,1,1,1,2,3,3,1,1,65
"735","Hindi",1,2002,0,"Yes",100,0,0,1,1,1,1,1,1,1,1,1,1,1,1,306
"736","Tamil",1,1974,0,"Yes",100,0,0,1,1,1,1,1,1,1,3,2,1,1,1,57
"737","Tamil",4,1952,0,"Yes",100,0,0,1,1,1,1,2,1,1,1,1,2,1,1,170
"738","Hindi",1,2010,0,"Yes",100,0,0,1,1,1,1,1,1,1,1,1,1,1,3,120
"739","Tamil",1,2010,0,"Yes",100,0,0,1,1,1,1,1,1,1,1,1,1,1,3,110
"740","Hindi",1,1968,0,"Yes",100,0,0,3,1,1,1,1,1,1,1,1,1,1,1,65
"741","Tamil",1,1980,0,"No",100,0,0,2,1,1,1,1,1,1,1,1,1,1,1,12
"742","Tamil",1,1990,0,"Yes",100,0,0,1,1,1,1,1,1,1,2,3,1,1,1,15
"743","Hindi",1,1992,0,"Yes",100,0,0,2,1,4,2,2,3,2,3,2,3,2,2,42
"744","Hindi",1,1992,0,"Yes",98,0,2,4,1,3,3,1,3,2,2,1,2,1,2,38
"745","Hindi",2,2000,0,"Yes",100,0,0,2,1,1,1,1,1,1,2,1,2,1,1,100
"746","Telugu",1,1995,0,"Yes",100,0,0,1,1,3,2,4,3,2,3,2,2,2,2,27
"747","Telugu",6,1985,0,"Yes",90,0,10,4,1,3,2,3,2,1,3,1,3,2,3,41
"748","Hindi",1,2000,0,"Yes",100,0,0,1,1,1,1,1,1,1,4,3,1,2,1,180
"749","Hindi",1,2003,0,"No",100,0,0,4,4,3,3,3,2,1,1,1,1,1,3,150
"750","Hindi",1,1987,0,"No",100,0,0,4,3,2,2,3,4,3,4,2,4,1,2,20
"751","Hindi",1,1979,0,"Yes",100,0,0,3,3,2,2,3,4,4,2,3,4,3,1,12
"752","Hindi",1,2000,1,"Yes",100,0,0,1,1,1,1,1,1,1,4,2,3,2,1,300
"753","Hindi",22,2006,0,"Yes",100,0,0,4,1,4,1,1,1,1,1,1,1,1,1,165
"754","Hindi",1,1974,0,"Yes",100,0,0,1,1,1,1,1,1,1,2,1,1,1,1,100
"755","Hindi",1,1999,0,"No",100,0,0,2,2,2,1,2,2,2,2,2,2,1,2,20
"756","Hindi",1,1997,0,"No",100,0,0,2,2,2,1,2,2,1,2,2,2,1,2,40
"757","Hindi",2,1999,0,"Yes",100,0,0,1,2,1,2,1,1,1,1,2,2,1,1,22
"758","Hindi",1,1999,0,"No",100,0,0,1,1,2,1,1,1,1,2,1,2,1,1,32
"759","Hindi",2,1999,0,"Yes",100,0,0,1,2,1,2,1,1,3,1,2,1,1,1,20
"760","Hindi",1,1997,0,"No",100,0,0,1,1,1,1,1,1,2,3,2,3,1,1,16
"761","Hindi",1,1991,0,"Yes",100,0,0,1,1,1,1,1,1,1,4,2,3,1,1,30
"762","Hindi",1,1990,0,"Yes",100,0,0,1,1,1,1,1,1,1,1,1,4,2,1,60
"763","Hindi",1,1995,0,"No",100,0,0,2,2,2,1,2,2,2,2,2,2,1,2,14
"764","Hindi",1,2009,0,"Yes",100,0,0,1,1,2,1,2,1,1,3,2,2,2,1,101
"765","Hindi",1,1998,0,"Yes",100,0,0,1,1,1,1,2,1,1,1,1,1,1,1,120
"766","Hindi",1,2004,0,"Yes",100,0,0,2,2,2,1,1,2,1,1,1,3,1,1,128
"767","Hindi",1,1992,0,"No",100,0,0,1,1,1,1,1,1,1,2,2,2,2,1,20
"768","Hindi",1,1998,0,"No",100,0,0,2,2,2,1,2,2,2,2,2,2,1,2,13
"769","Hindi",1,1972,0,"Yes",100,0,0,1,1,1,1,1,1,1,1,1,1,1,1,30
"770","Hindi",2,2001,0,"No",100,0,0,1,2,2,1,2,1,2,2,4,1,1,1,80
"771","Hindi",1,2003,0,"No",100,0,0,2,2,2,1,2,2,1,2,2,2,1,2,11
"772","Hindi",1,1983,0,"Yes",100,0,0,1,1,1,1,1,1,1,2,2,2,2,1,40
"773","Hindi",1,1999,NA,"No",100,0,0,2,1,1,1,1,1,1,1,2,4,1,2,15
"774","Hindi",1,1976,0,"No",100,0,0,2,1,1,1,1,1,1,1,1,1,1,1,75
"775","Hindi",1,1999,0,"Yes",100,0,0,1,2,1,2,1,1,1,1,2,2,1,1,24
"776","Hindi",2,1999,0,"Yes",100,0,0,1,2,1,2,1,2,1,1,2,2,1,1,26
"777","Hindi",1,1985,0,"No",100,0,0,1,1,1,1,1,1,1,3,3,1,1,1,60
"778","Hindi",1,2002,0,"No",100,0,0,2,2,2,1,2,2,2,2,2,2,1,2,8
"779","Hindi",2,2001,0,"No",100,0,0,3,2,2,3,2,2,2,1,2,4,2,2,32
"780","Hindi",2,1991,0,"No",100,0,0,1,2,1,2,2,2,3,1,1,1,1,1,20
"781","Hindi",1,1993,0,"Yes",100,0,0,2,1,3,2,2,3,2,3,1,3,1,4,47
"782","Hindi",4,1990,0,"Yes",90,10,0,1,3,3,1,2,2,2,1,1,1,1,3,58
"783","Hindi",1,1994,0,"Yes",100,0,0,1,1,1,1,1,1,2,2,1,3,1,1,70
"784","Hindi",1,2013,1,"Yes",100,0,0,1,1,2,1,1,2,2,2,1,4,1,2,150
"785","Hindi",3,1985,0,"Yes",100,0,0,1,1,1,1,1,2,1,2,1,4,1,2,105
"786","Hindi",1,NA,1,"Yes",100,0,0,1,1,3,1,2,2,2,2,1,2,1,4,120
"787","Hindi",1,2007,0,"Yes",87,0,13,2,1,1,1,3,1,4,1,3,4,1,2,225
"788","Hindi",4,1999,0,"Yes",96,0,4,2,1,1,1,3,1,3,1,2,3,1,2,120
"789","Hindi",1,2004,0,"Yes",80,0,20,2,1,1,1,3,1,4,1,3,3,1,2,32
"790","Hindi",1,1968,0,"Yes",90,0,10,2,1,1,1,2,1,3,1,3,3,1,2,12
"791","Hindi",1,1990,1,"Yes",100,0,0,3,1,3,1,2,2,2,4,1,1,1,3,100
"792","Hindi",1,2003,0,"Yes",100,0,0,2,2,1,NA,1,1,1,3,1,3,3,3,60
"793","Hindi",1,1972,0,"Yes",100,0,0,2,1,2,2,1,1,2,2,1,4,1,2,7
"794","Hindi",1,2010,0,"Yes",100,0,0,2,2,2,2,1,2,2,2,2,1,2,2,50
"795","Hindi",1,2003,1,"Yes",100,0,0,4,1,2,2,2,1,2,4,1,1,4,1,350
"796","Hindi",1,1952,1,"Yes",100,0,0,1,1,2,1,2,3,2,2,1,3,1,2,78
"797","Hindi",2,1982,1,"Yes",100,0,0,2,1,2,1,2,2,4,2,1,3,1,2,240
"798","Hindi",1,2003,1,"Yes",100,0,0,2,1,2,1,2,2,2,2,1,3,1,2,135
"799","Hindi",1,1974,1,"Yes",100,0,0,1,1,1,1,2,1,2,2,1,3,1,2,110
"800","Hindi",4,2004,0,"Yes",95,0,5,2,2,3,3,1,1,2,3,1,2,4,4,104
"801","Hindi",1,1948,0,"Yes",80,0,20,3,1,4,3,1,1,2,4,3,4,2,3,150
"802","Hindi",1,1985,0,"Yes",100,0,0,2,1,2,2,2,2,2,3,1,1,1,2,100
"803","Hindi",2,1987,0,"Yes",100,0,0,4,2,4,NA,4,1,3,4,1,1,3,4,175
"804","Hindi",1,2001,0,"Yes",100,0,0,2,1,2,2,1,2,3,3,2,3,1,2,110
"805","Hindi",1,1980,0,"Yes",100,0,0,3,2,3,3,3,2,2,3,2,2,2,3,31
"806","Hindi",1,1943,0,"Yes",100,0,0,4,2,3,3,3,2,2,3,2,2,2,3,45
"807","Hindi",3,2004,0,"Yes",70,30,0,2,1,3,1,4,4,4,3,4,1,1,3,90
"808","Hindi",1,1995,0,"Yes",100,0,0,3,1,4,3,1,2,4,1,3,1,2,1,18
"809","Hindi",1,1998,0,"Yes",100,0,0,2,1,3,1,1,2,4,1,3,1,4,1,15
"810","Hindi",31,2000,1,"Yes",100,0,0,2,1,2,3,2,2,3,2,1,1,NA,2,50
"811","Hindi",1,2000,1,"Yes",70,0,30,2,1,2,3,3,3,4,2,1,1,1,3,86
"812","Hindi",1,1990,0,"Yes",100,0,0,1,1,1,1,1,1,1,4,1,2,NA,1,316
"813","Hindi",1,1983,0,"Yes",100,0,0,2,2,1,NA,1,1,1,3,2,4,NA,1,200
"814","Hindi",1,2004,0,"Yes",30,70,0,3,2,1,1,1,1,3,3,3,1,1,3,30
"815","Hindi",2,1990,0,"Yes",100,0,0,1,1,2,1,2,2,2,4,1,3,1,2,78
"816","Hindi",1,1958,0,"Yes",100,0,0,2,1,2,1,2,2,2,3,2,3,2,2,125
"817","Hindi",1,1985,1,"Yes",100,0,0,4,1,2,2,3,3,2,3,1,3,1,2,72
"818","Hindi",7,1996,0,"Yes",100,0,0,2,1,1,NA,1,1,1,3,1,2,2,1,342
"819","Telugu",2,1980,0,"Yes",100,0,0,3,1,3,3,3,3,2,3,1,4,1,3,50
"820","Hindi",1,1991,0,"Yes",80,5,15,2,1,3,1,1,1,3,3,1,4,1,1,75
"821","Hindi",1,2003,0,"Yes",100,0,0,2,2,2,2,2,2,2,2,1,4,1,2,70
"822","Hindi",1,1997,0,"Yes",100,0,0,2,2,2,1,4,1,3,4,2,4,1,4,12
"823","Hindi",1,2001,1,"Yes",100,0,0,2,1,3,1,2,2,3,4,1,2,1,3,60
"824","Hindi",1,1990,1,"Yes",100,0,0,2,1,2,1,2,2,2,2,2,1,2,2,105
"825","Hindi",1,1959,0,"Yes",100,0,0,2,2,2,2,4,2,2,4,1,3,1,2,20
"826","Hindi",2,2005,0,"Yes",100,0,0,3,1,2,2,4,2,2,3,1,4,1,2,80
"827","Hindi",1,1969,1,"Yes",100,0,0,2,1,2,2,2,2,2,3,1,3,1,2,200
"828","Hindi",1,2008,0,"Yes",100,0,0,2,1,2,2,2,2,2,3,1,3,1,2,32
"829","Hindi",1,2007,0,"Yes",100,0,0,2,1,2,1,2,2,2,2,1,4,1,2,21
"830","Gujarati",1,2007,1,"No",100,0,0,1,2,1,3,1,1,3,2,2,2,1,1,200
"831","Hindi",1,1980,0,"Yes",100,0,0,2,2,2,2,3,2,3,3,2,2,3,3,30
"832","Hindi",1,1985,0,"Yes",100,0,0,3,2,2,3,2,1,2,3,3,1,1,3,48
"833","Hindi",1,1993,0,"Yes",100,0,0,1,3,3,3,3,2,2,3,2,2,2,3,31
"834","Telugu",2,1983,0,"Yes",98,0,2,4,1,1,1,3,3,2,2,1,2,1,3,43
"835","Tamil",1,1990,0,"Yes",100,0,0,2,1,2,1,4,3,3,2,1,2,1,3,95
"836","Tamil",1,1998,0,"Yes",100,0,0,1,3,4,3,4,4,4,4,4,1,3,4,22
"837","Hindi",2,1985,0,"Yes",100,0,0,4,1,4,4,1,1,1,1,1,4,4,4,100
"838","Hindi",1,2010,0,"Yes",100,0,0,2,2,2,3,1,1,3,3,3,2,2,2,46
"839","Hindi",1,2009,1,"No",100,0,0,2,2,1,4,1,3,1,1,1,1,1,4,16
"840","Hindi",1,1992,0,"Yes",80,10,10,2,2,1,1,1,1,4,4,3,3,1,2,40
"841","Hindi",1,2010,0,"Yes",95,0,5,1,1,1,NA,4,1,2,4,3,2,3,4,85
"842","Telugu",1,2004,0,"Yes",100,0,0,2,1,2,1,2,2,2,1,1,1,1,2,45
"843","Hindi",1,1979,0,"No",70,0,30,4,1,1,1,1,1,2,4,1,3,3,2,15
"844","Hindi",2,2007,0,"No",80,0,20,4,1,1,1,1,1,1,2,1,2,1,1,53
"845","Hindi",3,1992,0,"No",100,0,0,3,1,1,2,1,1,2,4,1,3,1,2,22
"846","Hindi",1,2001,0,"No",100,0,0,2,2,2,2,3,2,3,3,1,2,1,2,20
"847","Hindi",1,1996,0,"No",100,0,0,2,1,2,2,3,2,3,3,1,2,1,2,15
"848","Hindi",1,2006,0,"No",100,0,0,3,1,1,1,2,1,2,2,1,2,1,2,25
"849","Hindi",7,2002,0,"Yes",100,0,0,1,1,1,1,1,1,1,3,4,1,2,3,78
"850","Hindi",4,2008,0,"Yes",100,0,0,1,1,1,1,1,1,1,3,1,1,3,1,165
"851","Hindi",1,1979,0,"No",100,0,0,2,2,2,2,4,2,2,4,1,4,1,2,45
"852","Hindi",1,1992,1,"Yes",100,0,0,2,1,2,1,2,3,4,3,1,3,1,2,60
"853","Gujarati",1,1995,0,"Yes",100,0,0,1,1,2,1,1,1,1,2,1,4,2,3,10
"854","Gujarati",1,2005,0,"Yes",100,0,0,1,1,2,1,1,1,1,1,1,1,1,2,12
"855","Gujarati",1,1996,0,"Yes",100,0,0,1,1,2,1,4,1,1,1,1,1,1,2,8
"856","Gujarati",1,1998,0,"No",100,0,0,1,1,2,1,2,1,1,4,1,2,4,3,8
"857","Hindi",1,2003,0,"Yes",100,0,0,4,2,1,2,3,1,2,2,2,3,2,1,25
"858","Hindi",1,2007,0,"Yes",100,0,0,4,2,1,2,1,2,4,2,3,3,2,1,25
"859","Hindi",2,2007,0,"Yes",100,0,0,1,2,1,1,3,1,1,2,3,1,1,3,40
"860","Hindi",1,2000,0,"No",100,0,0,2,2,1,2,1,1,1,2,3,1,3,1,35
"861","Hindi",2,2007,0,"Yes",100,0,0,1,1,1,2,1,1,2,2,2,4,2,1,26
"862","Hindi",1,2006,0,"Yes",100,0,0,2,1,1,2,2,1,1,4,3,3,1,1,60
"863","Hindi",1,1996,1,"Yes",100,0,0,2,2,2,2,1,1,2,4,2,3,1,1,60
"864","Hindi",1,2004,0,"Yes",100,0,0,2,2,2,2,1,2,1,2,2,4,2,1,22
"865","Hindi",1,2005,0,"Yes",100,0,0,3,2,1,2,2,1,2,2,2,4,2,1,25
"866","Hindi",1,2003,0,"Yes",100,0,0,2,2,2,2,2,1,2,2,2,3,2,1,35
"867","Hindi",3,1945,1,"No",100,0,0,2,2,3,3,4,2,3,3,3,4,2,3,62
"868","Hindi",4,1971,0,"No",100,0,0,4,2,3,2,3,2,3,4,3,4,3,3,8
"869","Hindi",1,1985,1,"Yes",100,0,0,3,3,2,1,4,1,4,4,2,4,1,4,30
"870","Telugu",1,1990,0,"Yes",100,0,0,2,2,3,3,3,2,3,4,2,4,2,4,25
"871","Hindi",3,2000,0,"Yes",100,0,0,1,1,1,1,1,1,1,3,2,3,2,2,20
"872","Hindi",4,1984,0,"Yes",100,0,0,1,1,1,1,1,1,1,3,1,1,1,1,6
"873","Hindi",1,2009,0,"Yes",100,0,0,1,1,1,1,1,1,1,4,1,2,1,1,25
"874","Hindi",1,1993,0,"Yes",100,0,0,1,1,1,1,1,1,2,3,1,3,1,1,23
"875","Hindi",13,2005,0,"Yes",100,0,0,1,1,1,1,1,1,1,4,1,1,1,1,15
"876","Hindi",5,1996,0,"Yes",100,0,0,2,2,2,2,3,2,3,4,3,4,2,3,40
"877","Hindi",2,2000,0,"Yes",100,0,0,2,2,2,2,3,2,2,1,3,3,2,2,25
"878","Hindi",1,1994,0,"No",100,0,0,3,1,2,1,2,1,2,3,1,3,1,1,12
"879","Hindi",1,1970,1,"Yes",100,0,0,2,1,2,2,2,2,2,3,2,3,1,2,50
"880","Hindi",1,2005,0,"Yes",100,0,0,2,1,4,1,3,3,3,4,4,4,2,3,50
"881","Hindi",1,2009,0,"No",100,0,0,3,1,2,1,3,2,3,3,4,3,2,2,7
"882","Hindi",1,2004,0,"No",100,0,0,3,2,2,2,3,3,3,4,3,3,2,3,22
"883","Kannada",1,2000,0,"Yes",100,0,0,2,1,2,2,1,1,2,1,1,1,1,2,25
"884","Kannada",1,2000,0,"Yes",100,0,0,3,2,2,2,1,1,2,1,1,1,1,2,15
"885","Kannada",1,2004,0,"Yes",100,0,0,4,2,2,2,1,1,2,1,2,2,2,1,28
"886","Kannada",1,2002,0,"Yes",100,0,0,2,1,2,2,1,1,3,2,3,2,2,1,20
"887","Kannada",1,2001,0,"Yes",100,0,0,2,1,2,1,NA,1,2,2,2,2,1,2,25
"888","Kannada",1,2000,0,"Yes",100,0,0,3,2,2,2,1,1,2,2,1,2,1,2,35
"889","Hindi",2,1989,0,"Yes",100,0,0,1,1,1,4,1,1,1,1,1,1,4,1,67
"890","Hindi",1,1973,0,"Yes",100,0,0,2,2,2,2,2,2,2,2,2,1,1,1,30
"891","Hindi",1,1999,0,"Yes",100,0,0,2,2,3,2,3,3,3,1,1,1,3,2,18
"892","Hindi",1,2007,0,"Yes",100,0,0,1,1,1,1,1,1,1,1,1,1,NA,1,20
"893","Hindi",1,1935,0,"Yes",100,0,0,2,1,1,1,1,1,1,1,2,1,1,1,35
"894","Hindi",33,2005,0,"No",100,0,0,1,1,1,1,1,1,1,1,1,1,1,1,35
"895","Hindi",1,1995,1,"Yes",100,0,0,1,1,1,1,1,1,1,3,1,1,1,1,20
"896","Hindi",1,2004,0,"No",100,0,0,1,1,1,1,1,1,1,4,1,3,2,1,9
"897","Hindi",200,2006,0,"Yes",100,0,0,2,1,1,1,1,1,1,3,1,1,2,1,33
"898","Hindi",1,1997,0,"Yes",100,0,0,1,1,1,1,1,1,1,4,1,1,1,1,15
"899","Hindi",3,2011,0,"Yes",100,0,0,2,1,2,1,1,1,1,4,4,1,3,1,80
"900","Hindi",1,2001,0,"Yes",60,15,25,2,2,3,2,4,2,3,3,2,4,1,3,40
"901","Hindi",1,1940,1,"Yes",90,0,10,2,1,1,1,2,1,3,3,2,3,1,3,140
"902","Hindi",1,1967,0,"Yes",100,0,0,2,1,3,3,2,2,2,4,3,4,2,3,40
"903","Hindi",3,1987,0,"Yes",60,0,40,3,1,2,3,4,2,3,4,2,3,1,3,38
"904","Hindi",5,1949,0,"Yes",30,25,45,2,1,1,3,1,2,3,4,2,3,1,3,65
"905","Hindi",2,2003,1,"Yes",80,10,10,2,1,2,2,1,2,1,3,2,3,1,2,44
"906","Tamil",1,1983,0,"Yes",100,0,0,2,1,2,1,2,1,1,4,1,1,1,1,40
"907","Tamil",1,2000,0,"Yes",100,0,0,3,1,1,1,1,1,1,1,3,4,1,2,35
"908","Tamil",1,1998,1,"Yes",100,0,0,2,1,3,2,2,2,3,4,3,3,2,2,65
"909","Hindi",1,2009,0,"Yes",100,0,0,1,4,4,3,1,1,1,1,1,1,1,4,25
"910","Hindi",3,2004,0,"Yes",100,0,0,1,1,1,1,1,1,1,2,1,2,1,1,30
"911","Hindi",1,1980,0,"Yes",100,0,0,1,1,1,1,1,1,1,2,1,2,1,1,20
"912","Hindi",2,1980,0,"Yes",100,0,0,3,1,1,1,1,1,1,3,3,3,2,2,87
"913","Tamil",1,2001,0,"No",100,0,0,1,1,1,1,1,1,1,3,1,1,1,1,7
"914","Tamil",1,2005,0,"No",100,0,0,1,1,1,1,2,1,1,1,1,1,1,1,8
"915","Hindi",1,2004,0,"No",100,0,0,1,1,1,1,2,1,2,1,1,2,1,1,13
"916","Hindi",1,2001,0,"Yes",100,0,0,1,1,1,1,2,1,1,1,1,1,1,3,7
"917","Hindi",3,1994,0,"No",100,0,0,1,1,1,1,2,1,1,1,1,1,1,2,30
"918","Hindi",1,2010,1,"Yes",100,0,0,1,1,2,1,1,1,1,3,2,3,3,1,50
"919","Tamil",1,1984,0,"Yes",100,0,0,1,1,1,1,1,1,1,4,2,3,2,1,35
"920","Tamil",1,2005,0,"Yes",100,0,0,1,1,1,1,1,1,1,1,1,1,1,1,35
"921","Tamil",1,1984,0,"No",100,0,0,1,1,1,1,1,1,1,2,2,2,NA,1,20
"922","Hindi",1,2010,0,"No",100,0,0,1,1,1,1,1,1,1,2,4,1,1,1,5
"923","Hindi",1,2005,0,"Yes",100,0,0,1,1,1,1,1,1,1,2,1,3,1,1,10
"924","Tamil",2,2005,0,"Yes",100,0,0,1,1,1,1,2,1,1,2,1,2,1,1,10
"925","Tamil",15,2003,0,"Yes",100,0,0,1,1,1,1,2,1,1,3,1,1,1,1,11
"926","Hindi",1,2006,0,"Yes",100,0,0,1,1,1,1,1,1,1,2,1,1,1,1,27
"927","Hindi",1,1994,0,"No",100,0,0,1,1,1,1,1,1,1,2,2,2,1,1,10
"928","Hindi",1,2002,0,"No",100,0,0,1,1,1,1,1,1,1,1,1,1,1,1,60
"929","Hindi",1,1927,0,"Yes",100,0,0,1,1,1,1,1,1,1,1,1,1,1,1,130
"930","Hindi",2,1956,0,"Yes",100,0,0,1,1,1,1,1,1,1,3,3,1,1,2,95
"931","Tamil",8,1947,0,"No",100,0,0,1,1,1,1,1,1,1,1,1,1,1,1,130
"932","Tamil",1,1999,0,"No",100,0,0,1,1,1,1,1,1,1,3,3,2,1,1,35
"933","Tamil",1,2002,0,"No",100,0,0,1,1,1,1,2,1,2,3,1,1,1,1,45
"934","Hindi",1,1976,0,"No",100,0,0,3,1,1,1,1,1,1,2,1,1,1,2,22
"935","Tamil",1,1950,1,"No",100,0,0,1,1,1,1,1,1,1,3,2,3,NA,1,35
"936","Tamil",1,2002,0,"Yes",100,0,0,1,1,1,1,2,1,1,4,2,1,1,1,250
"937","Hindi",3,2001,0,"Yes",100,0,0,1,1,1,1,1,1,1,2,1,1,1,1,54
"938","Tamil",2,2004,0,"Yes",100,0,0,1,1,1,1,1,1,1,2,2,2,1,1,30
"939","Hindi",4,1960,0,"Yes",65,10,25,2,1,3,4,2,4,1,3,2,3,1,3,80
"940","Hindi",2,1999,0,"No",60,0,40,2,1,1,1,3,1,2,2,3,2,1,1,20
"941","Hindi",16,2011,0,"Yes",60,0,40,1,1,2,1,1,1,1,4,2,3,1,2,50
"942","Hindi",1,1937,1,"Yes",100,0,0,1,1,1,1,2,1,2,4,1,1,1,1,1500
"943","Kannada",2,2011,0,"Yes",100,0,0,3,1,1,1,1,1,1,2,1,2,1,1,2000
"944","Hindi",1,1998,0,"Yes",100,0,0,1,1,NA,3,1,1,1,1,1,1,NA,1,150
"945","Hindi",2,1993,0,"No",100,0,0,3,3,3,3,3,3,3,2,3,2,3,3,500
"946","Hindi",2,1986,0,"Yes",100,0,0,1,1,1,1,1,1,1,1,1,4,1,1,250
"947","Hindi",1,2003,0,"No",0,0,100,1,1,1,1,1,1,1,1,1,1,1,1,520
"948","Hindi",2,2000,0,"Yes",100,0,0,2,1,2,1,2,1,3,3,1,1,2,1,20
"949","Kannada",1,2005,0,"Yes",100,0,0,1,1,1,1,1,1,1,2,2,2,2,1,1800
"950","Hindi",1,1990,0,"Yes",50,30,20,1,1,3,3,1,1,3,2,1,1,1,1,12
"951","Hindi",1,NA,0,"Yes",100,0,0,1,1,1,1,1,1,1,1,1,1,1,1,124
"952","Hindi",1,1988,1,"Yes",40,0,60,1,1,1,1,1,1,1,4,1,4,1,1,45
"953","Hindi",1,2008,1,"Yes",100,0,0,2,2,1,2,1,1,2,4,2,3,3,1,50
"954","Telugu",2,2007,0,"Yes",0,0,100,2,1,1,1,1,1,2,4,2,2,1,2,60
"955","Hindi",1,1991,0,"No",100,0,0,2,1,2,1,2,2,2,2,1,2,1,1,25
"956","Telugu",2,1999,0,"Yes",0,0,100,2,1,1,1,1,1,2,4,2,2,1,2,1000
"957","Hindi",1,2003,0,"No",100,0,0,2,1,2,2,2,1,2,2,1,3,1,2,123
"958","Kannada",3,2001,0,"Yes",100,0,0,3,1,2,1,1,1,2,1,1,1,1,1,2000
"959","Hindi",3,1997,0,"Yes",80,20,0,1,1,1,1,1,1,1,1,1,1,1,2,550
"960","Hindi",1,2006,1,"Yes",100,0,0,2,1,NA,NA,1,1,3,4,1,2,1,1,31
"961","Kannada",2,2007,0,"Yes",100,0,0,3,1,1,1,1,1,1,2,1,2,1,1,2500
"962","Kannada",2,1993,0,"Yes",100,0,0,3,1,1,1,1,1,1,2,1,1,1,1,4000
"963","Hindi",4,2003,1,"Yes",0,0,100,2,1,1,1,1,1,1,4,1,4,1,1,45
"964","Hindi",1,1994,0,"Yes",100,0,0,2,1,2,NA,4,2,4,3,1,1,2,2,25
"965","Hindi",1,1990,0,"Yes",100,0,0,2,2,1,1,2,1,1,2,3,4,2,1,350
"966","Kannada",3,2005,0,"Yes",100,0,0,3,1,1,1,1,1,2,1,1,2,1,1,2000
"967","Hindi",1,2004,0,"Yes",100,0,0,2,1,2,2,3,2,3,3,4,1,3,2,45
"968","Hindi",1,2003,0,"Yes",100,0,0,2,2,2,2,1,2,1,2,3,4,2,1,7
"969","Hindi",1,1995,0,"No",100,0,0,1,2,2,1,2,2,2,2,2,2,2,4,15
"970","Hindi",1,2000,0,"Yes",100,0,0,2,2,1,2,2,1,2,2,2,4,2,1,70
"971","Hindi",1,1997,0,"Yes",100,0,0,4,1,1,2,1,1,2,2,2,3,2,1,97
"972","Hindi",1,1999,0,"Yes",100,0,0,2,1,3,2,4,1,2,3,4,1,2,2,70
"973","Hindi",1,1995,0,"No",100,0,0,1,2,2,1,2,2,2,2,2,3,2,1,40
"974","Kannada",4,2000,0,"Yes",100,0,0,3,1,1,1,1,1,1,2,1,1,1,1,2500
"975","Hindi",1,1994,0,"No",50,0,50,2,1,2,2,2,1,2,2,1,3,1,2,123
"976","Hindi",1,2002,0,"Yes",100,0,0,4,1,1,2,1,1,1,2,1,3,2,1,35
"977","Kannada",1,2001,0,"Yes",100,0,0,1,1,1,1,2,1,1,3,1,2,1,1,500
"978","Telugu",8,1998,0,"Yes",0,0,100,2,1,1,1,1,1,2,4,2,2,1,2,500
"979","Hindi",1,2002,0,"No",100,0,0,2,1,1,4,2,1,2,1,2,1,2,2,15
"980","Hindi",1,2004,1,"Yes",20,0,80,2,1,1,1,3,1,1,3,1,4,1,1,105
"981","Hindi",1,1937,0,"No",100,0,0,1,2,2,3,2,2,2,1,2,2,2,2,1130
"982","Kannada",4,2004,0,"Yes",100,0,0,4,1,1,1,1,1,2,1,1,1,1,1,2800
"983","Hindi",1,2000,0,"Yes",100,0,0,2,2,2,2,1,1,1,2,2,4,2,2,15
"984","Kannada",3,2003,0,"Yes",100,0,0,1,1,1,1,2,1,1,2,1,1,1,1,1700
"985","Hindi",1,2011,1,"Yes",100,0,0,2,2,1,2,3,1,3,2,2,4,2,3,200
"986","Hindi",2,2009,1,"Yes",100,0,0,2,1,2,1,2,2,2,3,2,4,1,1,500
"987","Hindi",2,2000,0,"Yes",100,0,0,1,1,1,1,2,2,2,1,4,4,2,1,166
"988","Hindi",1,1997,0,"Yes",100,0,0,3,3,2,2,2,2,2,2,2,3,2,2,60
"989","Telugu",2,1996,0,"Yes",0,0,100,2,1,1,1,1,1,2,2,2,2,1,4,700
"990","Hindi",1,2001,0,"No",100,0,0,2,1,2,2,2,1,2,2,1,3,1,2,130
"991","Kannada",5,2006,1,"Yes",100,0,0,3,1,1,1,2,1,2,1,1,1,1,1,3000
"992","Hindi",1,1995,0,"Yes",90,0,10,1,1,1,1,1,1,1,1,2,3,1,1,220
"993","Hindi",1,1991,0,"No",100,0,0,1,1,1,1,2,2,1,2,1,1,1,1,20
"994","Kannada",2,2010,0,"Yes",100,0,0,3,1,1,1,1,1,1,2,1,2,1,1,700
"995","Telugu",5,2000,0,"Yes",0,0,100,4,1,1,1,1,1,2,2,1,2,1,2,1587
"996","Kannada",1,2006,0,"Yes",100,0,0,4,1,1,1,1,NA,1,2,2,2,2,1,2000
"997","Hindi",2,2005,0,"No",100,0,0,1,1,1,2,1,1,1,1,2,2,1,3,40
"998","Hindi",1,2000,0,"Yes",100,0,0,1,1,1,NA,1,1,1,2,3,3,1,1,128
"999","Hindi",1,1995,0,"No",100,0,0,2,1,2,2,2,1,1,2,1,2,1,1,20
"1000","Kannada",3,2004,0,"Yes",100,0,0,3,1,1,1,1,1,1,1,2,2,2,1,3000
"1001","Tamil",1,1998,0,"Yes",100,0,0,3,2,2,2,4,1,2,2,1,2,1,3,45
"1002","Kannada",2,2000,0,"Yes",100,0,0,3,1,2,1,1,1,1,2,1,2,1,1,2000
"1003","Tamil",2,2000,1,"Yes",100,0,0,3,2,2,2,3,1,2,3,1,3,2,4,85
"1004","Kannada",1,2003,0,"Yes",100,0,0,3,1,1,1,1,1,1,3,1,3,1,1,1500
"1005","Hindi",2,2008,0,"Yes",50,0,50,2,2,1,1,1,1,2,2,2,1,2,1,80
"1006","Hindi",2,2000,0,"Yes",40,40,20,2,1,2,1,3,3,3,3,3,3,2,3,320
"1007","Kannada",4,2006,0,"Yes",100,0,0,3,1,1,1,1,1,1,2,1,2,1,1,2800
"1008","Hindi",1,2010,0,"Yes",100,0,0,4,2,3,2,3,2,2,3,2,3,1,1,125
"1009","Hindi",1,1996,0,"No",100,0,0,1,2,2,2,4,2,2,3,2,2,2,2,22
"1010","Hindi",1,2002,0,"Yes",0,0,100,1,1,NA,1,1,1,1,4,2,3,1,1,158
"1011","Telugu",1,1994,1,"Yes",0,0,100,4,1,2,1,1,1,2,3,2,2,1,2,65
"1012","Hindi",1,1999,0,"No",100,0,0,3,1,1,1,2,2,2,2,2,2,1,1,20
"1013","Telugu",7,2003,0,"Yes",100,0,0,4,1,1,1,1,1,2,2,2,2,1,2,175
"1014","Hindi",1,2000,0,"No",100,0,0,3,1,2,1,2,2,2,4,2,2,2,1,28
"1015","Hindi",2,2005,0,"Yes",100,0,0,3,2,1,2,3,1,2,2,2,4,2,1,150
"1016","Tamil",1,1995,1,"Yes",100,0,0,3,1,3,NA,2,1,2,4,2,2,3,1,40
"1017","Hindi",1,1991,0,"Yes",30,40,30,2,2,4,1,2,2,3,4,4,1,4,2,53
"1018","Tamil",1,1999,0,"Yes",100,0,0,3,1,3,2,2,1,4,3,1,3,3,3,65
"1019","Hindi",2,1988,0,"Yes",100,0,0,1,2,1,2,1,1,1,1,2,2,1,1,124
"1020","Hindi",1,2001,0,"No",100,0,0,1,1,1,2,1,1,1,1,2,2,1,1,4000
"1021","Kannada",3,1997,0,"Yes",100,0,0,2,1,1,1,1,1,1,3,1,2,1,1,3000
"1022","Tamil",1,2009,0,"No",100,0,0,1,1,1,1,1,1,1,1,2,2,1,1,100
"1023","Telugu",1,2013,0,"Yes",50,0,50,2,1,1,1,1,1,2,3,2,2,1,2,135
"1024","Telugu",2,2002,0,"Yes",0,0,100,3,1,1,1,1,2,2,4,2,2,1,2,2003
"1025","Hindi",4,2000,0,"Yes",10,0,90,2,1,2,2,2,1,3,3,3,1,2,1,600
"1026","Telugu",3,2008,0,"Yes",0,0,100,2,1,2,1,1,1,3,4,3,2,1,2,1750
"1027","Hindi",1,2004,1,"Yes",100,0,0,1,1,1,2,1,1,1,1,1,1,2,4,119
"1028","Hindi",1,1999,1,"Yes",100,0,0,2,1,2,1,2,3,2,3,1,4,1,2,28
"1029","Telugu",1,2000,0,"Yes",100,0,0,2,1,1,1,1,1,3,2,2,2,1,4,70
"1030","Hindi",3,1997,0,"Yes",100,0,0,1,1,1,1,1,1,1,4,1,2,2,1,90
"1031","Hindi",1,1988,0,"Yes",100,0,0,1,2,1,2,2,1,1,2,1,2,2,1,18
"1032","Hindi",1,1994,1,"Yes",55,0,45,2,1,1,1,1,1,1,4,1,1,1,1,60
"1033","Hindi",1,1985,1,"Yes",100,0,0,1,2,1,2,2,1,1,2,3,4,3,1,250
"1034","Gujarati",1,1999,0,"Yes",100,0,0,4,1,1,2,1,1,3,2,1,3,2,2,450
"1035","Hindi",1,1992,0,"No",100,0,0,1,2,1,2,2,2,2,1,2,2,2,1,12
"1036","Tamil",1,2000,1,"Yes",100,0,0,2,1,1,1,3,1,2,3,1,2,1,3,60
"1037","Kannada",3,2000,0,"Yes",100,0,0,1,1,2,1,1,1,1,1,2,2,1,1,1200
"1038","Hindi",2,2000,0,"Yes",100,0,0,2,2,NA,NA,2,2,2,4,1,2,NA,1,60
"1039","Hindi",5,1989,0,"Yes",0,0,100,4,1,1,1,1,1,1,1,3,4,2,4,800
"1040","Hindi",1,2009,1,"Yes",100,0,0,3,2,3,1,4,2,2,3,1,3,1,2,60
"1041","Hindi",1,1978,0,"No",100,0,0,4,2,2,1,4,2,2,1,2,1,1,1,100
"1042","Kannada",2,2000,0,"Yes",100,0,0,4,1,1,1,2,1,1,2,2,2,1,1,1500
"1043","Telugu",8,1997,0,"Yes",20,0,80,4,1,1,1,2,1,2,2,2,2,1,2,271
"1044","Tamil",1,2002,0,"Yes",100,0,0,3,2,3,3,3,1,2,3,2,1,2,4,53
"1045","Hindi",1,2012,0,"Yes",100,0,0,4,2,1,2,3,1,3,2,3,2,2,3,50
"1046","Hindi",1,2009,0,"Yes",100,0,0,3,2,2,2,2,1,2,2,2,3,NA,4,2000
"1047","Gujarati",1,2010,0,"Yes",100,0,0,1,1,1,1,1,1,1,2,1,2,3,1,70
"1048","Hindi",1,1996,1,"Yes",100,0,0,2,2,1,2,3,1,2,2,3,1,2,1,100
"1049","Hindi",3,2005,0,"Yes",3,0,97,1,1,1,1,1,1,1,4,2,2,1,1,60
"1050","Kannada",4,2000,0,"No",100,0,0,3,1,1,1,1,1,1,2,1,2,1,1,3500
"1051","Telugu",5,1991,0,"Yes",0,0,100,4,1,1,1,1,1,2,3,2,2,1,2,9999
"1052","Hindi",1,1995,0,"No",100,0,0,1,2,1,2,2,2,4,1,2,2,2,1,10
"1053","Gujarati",1,2008,0,"Yes",100,0,0,1,1,1,1,1,1,1,2,1,2,2,2,45
"1054","Kannada",3,2004,1,"Yes",100,0,0,1,1,1,1,1,1,1,2,2,2,1,1,2000
"1055","Hindi",1,2009,1,"Yes",100,0,0,3,2,1,2,2,1,3,4,3,3,2,1,60
"1056","Hindi",1,2000,0,"No",100,0,0,2,2,1,1,3,2,2,1,2,1,1,2,35
"1057","Kannada",1,1975,0,"Yes",100,0,0,1,1,1,1,NA,1,1,3,2,2,1,1,2000
"1058","Kannada",3,2000,0,"Yes",100,0,0,1,1,1,1,1,1,1,2,1,1,1,1,1500
"1059","Kannada",1,2005,0,"Yes",100,0,0,3,1,2,1,1,1,2,2,1,1,1,2,1000
"1060","Hindi",5,2003,1,"Yes",100,0,0,2,3,1,1,3,1,4,3,2,3,1,1,80
"1061","Hindi",1,2006,0,"Yes",20,0,80,1,1,1,1,1,1,1,3,1,1,1,1,60
"1062","Hindi",1,2009,0,"Yes",100,0,0,1,2,2,2,3,1,3,3,1,1,3,1,35
"1063","Hindi",1,2007,1,"Yes",100,0,0,2,1,2,2,2,1,1,2,1,4,1,2,150
"1064","Hindi",4,1997,0,"Yes",100,0,0,1,2,1,2,1,1,1,1,2,2,1,1,46
"1065","Kannada",4,2000,0,"Yes",100,0,0,2,1,1,1,1,1,1,2,1,2,1,1,2500
"1066","Hindi",1,1993,0,"No",100,0,0,1,2,1,2,2,2,2,1,2,2,1,1,8
"1067","Hindi",1,2001,0,"Yes",100,0,0,2,1,2,1,4,3,4,3,1,1,3,2,60
"1068","Kannada",1,2003,0,"Yes",100,0,0,3,1,1,1,1,1,1,2,1,1,1,1,700
"1069","Kannada",1,2002,0,"Yes",100,0,0,3,1,1,1,1,1,1,1,1,1,1,2,2000
"1070","Kannada",1,2005,0,"Yes",100,0,0,3,1,1,1,1,1,2,1,1,1,1,1,2000
"1071","Hindi",1,1980,0,"No",100,0,0,1,2,1,2,2,2,2,1,2,1,2,2,1500
"1072","Hindi",1,2004,1,"Yes",100,0,0,4,2,1,2,2,1,3,2,2,3,2,1,170
"1073","Hindi",1,2005,0,"Yes",100,0,0,3,3,3,1,3,1,2,4,3,2,3,1,60
"1074","Hindi",1,1995,0,"No",100,0,0,1,2,1,1,1,1,2,1,1,2,2,1,22
"1075","Kannada",1,2001,0,"Yes",100,0,0,4,1,1,1,2,1,2,1,1,1,1,1,800
"1076","Hindi",1,2008,0,"Yes",100,0,0,1,1,1,2,2,2,1,3,1,4,1,1,19
"1077","Hindi",2,1999,1,"Yes",100,0,0,2,1,1,1,1,1,1,1,1,2,1,1,118
"1078","Hindi",1,2008,0,"Yes",100,0,0,4,2,1,2,1,1,1,2,1,2,1,1,50
"1079","Hindi",1,1977,0,"No",100,0,0,1,2,1,2,2,2,2,1,2,1,2,1,55
"1080","Kannada",1,2004,0,"Yes",100,0,0,4,1,2,1,1,1,1,2,1,1,1,2,2500
"1081","Kannada",3,2001,0,"Yes",100,0,0,1,1,1,1,1,1,1,1,1,1,1,1,2000
"1082","Kannada",4,2004,0,"Yes",100,0,0,1,1,1,1,2,1,1,2,1,1,1,1,2500
"1083","Hindi",14,2001,0,"Yes",100,0,0,1,1,1,1,1,1,1,2,1,3,2,1,450
"1084","Hindi",2,1987,0,"No",100,0,0,2,1,2,1,2,2,2,1,2,4,2,1,26
"1085","Kannada",2,2000,0,"Yes",100,0,0,2,1,1,1,1,1,1,1,1,1,1,1,135
"1086","Hindi",4,2000,0,"No",100,0,0,3,3,3,3,3,3,3,2,2,2,2,NA,NA
"1087","Kannada",2,2000,0,"Yes",100,0,0,3,1,1,1,1,1,1,2,1,2,1,1,2500
"1088","Hindi",1,2000,1,"Yes",0,0,100,1,1,2,1,1,1,1,3,1,3,1,1,220
"1089","Hindi",1,1998,0,"Yes",100,0,0,1,1,1,1,3,1,2,1,1,1,1,1,300
"1090","Hindi",1,1995,0,"Yes",50,20,30,2,2,3,3,2,2,4,2,1,1,1,2,8
"1091","Kannada",4,2000,0,"Yes",100,0,0,3,1,1,1,2,1,1,1,1,1,1,1,2500
"1092","Kannada",1,2002,0,"Yes",100,0,0,1,1,2,1,1,1,1,2,1,1,1,1,700
"1093","Telugu",4,1997,0,"Yes",100,0,0,4,1,1,1,1,1,2,3,2,2,1,2,2300
"1094","Kannada",3,2000,0,"Yes",100,0,0,2,1,1,1,1,1,2,2,1,2,1,1,1500
"1095","Telugu",1,2011,0,"Yes",100,0,0,2,1,1,1,1,1,3,3,2,2,1,2,25
"1096","Telugu",7,1995,0,"Yes",0,0,100,2,1,1,1,1,1,2,3,2,2,1,2,700
"1097","Hindi",2,2001,0,"Yes",100,0,0,4,2,1,2,1,1,2,3,1,3,1,2,150
"1098","Hindi",2,2006,1,"Yes",30,0,70,1,1,1,1,1,1,1,3,1,4,1,1,200
"1099","Telugu",3,2006,0,"Yes",100,0,0,2,1,1,1,1,1,2,3,2,2,1,2,290
"1100","Hindi",1,2000,0,"Yes",100,0,0,2,1,2,1,4,2,3,4,4,4,2,3,100
"1101","Hindi",1,2012,0,"Yes",10,0,90,1,1,1,1,1,1,1,3,1,3,2,1,675
"1102","Hindi",1,2004,0,"Yes",100,0,0,1,1,1,1,1,1,1,1,1,1,1,1,110
"1103","Gujarati",1,2008,0,"Yes",100,0,0,1,1,1,1,1,1,1,2,1,2,2,1,62
"1104","Hindi",3,1995,0,"Yes",0,0,100,1,1,1,1,1,1,1,4,1,2,1,1,70
"1105","Tamil",1,2002,0,"Yes",100,0,0,3,2,2,1,2,1,3,4,2,3,2,3,93
"1106","Hindi",1,2008,0,"Yes",100,0,0,4,2,1,2,3,1,3,2,2,3,2,1,250
"1107","Gujarati",1,2007,0,"Yes",100,0,0,1,1,2,1,2,1,1,2,1,2,2,2,70
"1108","Hindi",2,1996,0,"No",100,0,0,1,2,2,1,2,2,4,2,1,1,1,2,12
"1109","Hindi",1,2008,0,"Yes",100,0,0,1,1,1,1,1,1,2,1,3,1,1,3,16
"1110","Hindi",2,1999,0,"Yes",0,0,100,3,1,4,1,3,1,1,4,4,1,3,1,200
"1111","Hindi",1,2000,0,"No",100,0,0,1,2,2,1,2,2,3,1,1,2,2,2,10
"1112","Kannada",2,1998,0,"Yes",100,0,0,3,1,1,1,1,1,1,2,2,2,1,1,400
"1113","Hindi",1,2001,1,"Yes",10,0,90,1,2,1,1,1,1,1,3,1,1,1,1,86
"1114","Kannada",1,2010,0,"Yes",100,0,0,3,1,2,1,NA,1,1,2,1,1,1,1,600
"1115","Telugu",1,2005,0,"Yes",100,0,0,2,1,2,1,1,1,2,3,2,2,1,2,32
"1116","Kannada",3,2006,0,"Yes",100,0,0,3,1,1,1,1,1,1,1,1,2,1,1,1700
"1117","Hindi",3,2003,0,"Yes",90,0,10,2,1,2,2,4,3,2,3,1,1,1,2,135
"1118","Hindi",1,1995,0,"No",100,0,0,1,2,2,1,2,2,2,1,2,2,2,1,120
"1119","Gujarati",1,2007,0,"Yes",100,0,0,1,1,1,1,1,1,1,2,1,2,2,1,78
"1120","Hindi",3,1991,0,"Yes",1,0,99,1,1,NA,1,1,1,1,4,1,2,1,1,1025
"1121","Hindi",1,1991,0,"No",100,0,0,1,2,1,2,2,2,2,1,1,2,2,1,40
"1122","Hindi",1,1993,0,"Yes",100,0,0,2,1,2,1,2,2,3,2,1,1,2,2,80
"1123","Hindi",1,2006,0,"Yes",100,0,0,2,2,2,2,2,2,2,2,1,4,1,2,200
"1124","Gujarati",1,2009,0,"Yes",100,0,0,1,1,1,1,2,1,1,2,1,2,3,1,62
"1125","Kannada",2,1999,0,"Yes",100,0,0,1,1,1,1,1,1,2,2,1,2,1,2,2000
"1126","Hindi",1,1999,0,"Yes",100,0,0,1,1,1,2,3,1,1,1,1,2,2,1,30
"1127","Kannada",4,2000,0,"Yes",100,0,0,1,1,1,1,2,1,1,1,1,1,1,1,1700
"1128","Hindi",1,2000,0,"Yes",100,0,0,3,2,1,2,1,1,2,2,2,2,1,3,140
"1129","Hindi",3,2002,0,"Yes",100,0,0,1,1,1,1,1,1,1,1,1,1,1,1,20
"1130","Hindi",1,1998,1,"Yes",100,0,0,3,1,3,1,3,1,3,3,4,4,1,4,55
"1131","Hindi",1,1993,0,"No",100,0,0,1,2,1,2,2,2,2,2,2,4,2,1,30
"1132","Kannada",2,2002,0,"Yes",100,0,0,4,1,2,1,1,1,2,1,1,2,1,2,2000
"1133","Telugu",2,2006,0,"Yes",0,0,100,2,1,2,1,1,1,2,3,2,2,1,2,200
"1134","Tamil",2,2008,0,"Yes",100,0,0,2,1,3,3,2,1,3,3,1,4,1,1,65
"1135","Hindi",1,1994,0,"No",100,0,0,2,1,1,2,1,3,2,4,1,3,1,1,28
"1136","Hindi",1,1993,0,"Yes",60,0,40,2,1,2,2,1,2,3,3,1,1,4,3,10
"1137","Hindi",1,2006,0,"Yes",100,0,0,2,1,3,1,2,1,2,4,2,3,1,3,100
"1138","Hindi",1,2003,1,"Yes",60,0,40,1,1,1,1,1,1,1,4,1,4,1,1,80
"1139","Hindi",3,1997,0,"Yes",0,0,100,3,1,1,1,1,1,1,2,3,3,4,1,560
"1140","Hindi",1,1998,0,"Yes",100,0,0,1,2,1,2,2,1,2,2,3,4,2,1,170
"1141","Kannada",3,2000,0,"Yes",100,0,0,3,1,2,1,1,1,1,2,1,2,1,1,1200
"1142","Kannada",3,2004,0,"Yes",100,0,0,3,1,1,1,1,1,1,2,1,2,1,1,700
"1143","Hindi",1,2010,0,"Yes",100,0,0,4,2,2,2,3,2,3,2,1,2,1,2,180
"1144","Hindi",1,2004,0,"Yes",0,0,100,1,1,1,1,1,1,1,3,1,4,1,1,15
"1145","Hindi",1,1988,0,"Yes",60,10,30,1,1,1,1,3,1,2,2,1,1,1,2,46
"1146","Kannada",1,2004,0,"Yes",100,0,0,4,2,1,1,1,1,1,2,1,2,1,1,1500
"1147","Hindi",3,2000,1,"Yes",100,0,0,2,1,2,1,3,2,2,2,1,1,1,1,280
"1148","Hindi",1,2012,0,"Yes",100,0,0,2,1,2,1,4,2,4,2,3,1,2,2,25
"1149","Hindi",1,2006,1,"Yes",100,0,0,2,1,NA,1,1,1,2,4,1,2,2,1,16
"1150","Kannada",4,2002,0,"Yes",100,0,0,3,1,2,1,1,1,1,1,1,2,1,2,2500
"1151","Kannada",2,2005,0,"Yes",100,0,0,1,1,1,1,1,1,2,1,1,1,1,1,3000
"1152","Telugu",2,2005,0,"Yes",0,0,100,4,1,1,1,1,1,2,3,2,2,1,2,600
"1153","Hindi",1,1980,0,"No",100,0,0,2,1,1,2,2,2,2,1,1,2,2,2,180
"1154","Hindi",1,2011,1,"Yes",100,0,0,2,1,1,1,1,1,1,4,1,4,1,1,40
"1155","Hindi",1,2006,1,"Yes",65,0,35,3,1,1,1,1,1,1,3,1,4,1,1,150
"1156","Kannada",1,2005,0,"Yes",100,0,0,3,1,2,2,1,1,1,2,2,2,1,1,1000
"1157","Hindi",2,1968,0,"Yes",100,0,0,1,2,1,2,1,1,2,1,2,2,1,1,1040
"1158","Hindi",1,1994,0,"No",100,0,0,1,2,1,2,2,2,2,1,2,2,2,4,10
"1159","Hindi",1,2002,1,"Yes",100,0,0,3,1,1,1,1,1,1,1,1,1,4,1,13
"1160","Tamil",1,2000,1,"Yes",40,0,60,4,1,3,3,1,1,1,2,1,2,1,1,30
"1161","Hindi",1,2003,1,"Yes",100,0,0,2,2,1,1,1,1,1,1,1,1,1,1,13
"1162","Kannada",4,2005,0,"Yes",100,0,0,1,1,1,1,2,1,1,1,1,1,1,2,2000
"1163","Kannada",1,2006,0,"Yes",100,0,0,1,1,1,1,1,1,2,3,2,2,1,1,700
"1164","Hindi",1,2007,0,"Yes",100,0,0,1,1,1,1,1,1,3,3,3,2,1,1,15
"1165","Hindi",1,1993,0,"Yes",100,0,0,4,3,2,2,4,3,2,2,2,4,3,3,300
"1166","Telugu",2,2010,0,"Yes",0,0,100,2,1,1,1,1,1,3,4,2,2,1,2,233
"1167","Hindi",1,1990,0,"No",100,0,0,1,2,2,1,2,2,2,1,2,1,2,2,200
"1168","Tamil",1,2002,0,"Yes",100,0,0,3,1,2,1,3,1,3,3,2,3,2,1,45
"1169","Hindi",1,2004,0,"Yes",100,0,0,3,1,2,2,1,1,2,3,4,1,2,3,150
"1170","Telugu",2,1996,0,"No",100,0,0,1,2,1,2,1,1,1,1,2,2,1,1,25
"1171","Gujarati",1,2008,0,"Yes",100,0,0,1,1,1,1,1,1,1,1,1,1,3,2,100
"1172","Hindi",1,2007,0,"Yes",100,0,0,4,2,4,3,3,3,3,2,2,4,3,3,300
"1173","Hindi",1,1999,1,"Yes",0,0,100,3,1,1,1,1,1,1,1,4,1,1,1,116
"1174","Kannada",2,2005,0,"Yes",100,0,0,3,1,1,1,1,1,1,2,1,2,1,1,1500
"1175","Hindi",1,2000,0,"No",100,0,0,4,2,2,1,4,2,2,1,1,1,1,1,70
"1176","Hindi",1,2005,0,"Yes",100,0,0,1,1,1,NA,NA,1,1,3,2,3,2,1,5
"1177","Telugu",3,2006,1,"Yes",0,0,100,4,1,2,1,1,1,2,2,2,2,1,2,3000
"1178","Hindi",5,1974,0,"Yes",100,0,0,1,1,1,1,1,1,1,1,1,1,1,1,150
"1179","Telugu",5,2011,0,"Yes",100,0,0,2,1,1,1,1,1,2,3,2,2,1,2,200
"1180","Kannada",1,2003,0,"Yes",100,0,0,3,1,2,1,1,1,2,2,1,2,1,2,2200
"1181","Kannada",3,2004,0,"Yes",100,0,0,2,1,1,1,1,1,1,2,1,2,2,1,3000
"1182","Telugu",2,2009,0,"Yes",0,0,100,2,1,1,1,1,1,3,2,2,4,2,2,120
"1183","Hindi",1,2011,0,"Yes",100,0,0,1,1,1,4,1,1,1,1,1,1,NA,1,250
"1184","Hindi",1,2007,0,"No",100,0,0,3,2,1,1,1,2,2,4,1,1,1,1,10
"1185","Hindi",1,2005,0,"Yes",100,0,0,2,1,4,1,NA,3,1,2,3,1,2,1,20
"1186","Hindi",1,2007,0,"Yes",100,0,0,1,1,1,1,1,1,2,1,2,4,1,NA,25
"1187","Hindi",1,2008,1,"Yes",100,0,0,3,3,2,2,2,2,3,3,2,3,3,3,16
"1188","Hindi",2,NA,0,"Yes",100,0,0,4,3,3,1,3,3,3,3,3,3,2,3,100
"1189","Telugu",1,2008,0,"Yes",100,0,0,2,1,2,1,2,2,2,2,1,2,1,2,21
"1190","Hindi",4,2009,0,"Yes",100,0,0,4,1,1,1,1,4,1,1,4,1,1,4,33
"1191","Hindi",1,2010,0,"Yes",100,0,0,2,2,1,2,2,1,2,3,2,1,4,1,18
"1192","Hindi",1,2007,0,"No",100,0,0,2,2,1,1,2,3,2,2,2,3,2,1,9
"1193","Hindi",1,2006,0,"Yes",100,0,0,2,2,3,3,2,3,2,2,2,1,2,3,10
"1194","Telugu",1,2002,0,"Yes",100,0,0,2,1,2,2,2,2,2,3,3,2,3,2,20
"1195","Telugu",8,2003,0,"Yes",100,0,0,4,3,4,3,3,3,3,3,2,3,2,3,103
"1196","Telugu",3,2009,0,"Yes",100,0,0,4,1,3,3,3,3,2,3,1,3,1,3,102
"1197","Telugu",2,2001,0,"Yes",100,0,0,2,2,4,3,3,3,3,3,2,3,2,3,103
"1198","Telugu",4,1992,0,"Yes",100,0,0,1,4,3,4,1,2,2,3,4,1,4,3,35
"1199","Hindi",4,2008,0,"Yes",100,0,0,1,4,1,3,4,2,3,3,4,1,4,4,25
"1200","Telugu",4,2001,0,"Yes",100,0,0,1,4,3,2,4,2,2,2,4,1,4,3,102
"1201","Telugu",3,2001,0,"Yes",100,0,0,1,4,4,3,4,4,4,2,3,1,3,4,22
"1202","Hindi",5,2008,0,"Yes",100,0,0,1,1,1,1,4,1,2,2,1,1,1,1,22
"1203","Hindi",3,2011,0,"Yes",100,0,0,4,1,1,2,3,2,2,2,1,1,1,2,21
"1204","Telugu",1,2002,0,"Yes",100,0,0,4,2,3,1,3,3,2,3,1,3,1,3,31
"1205","Telugu",3,2002,0,"Yes",100,0,0,1,4,3,2,3,2,2,3,4,1,4,3,103
"1206","Hindi",7,2013,0,"Yes",100,0,0,1,1,1,1,2,2,1,3,2,1,1,1,35
"1207","Hindi",1,2009,0,"Yes",100,0,0,1,1,1,1,1,1,1,4,1,2,1,1,24
"1208","Hindi",25,2007,0,"Yes",100,0,0,1,1,1,1,1,1,1,1,1,1,1,1,15
"1209","Hindi",25,2012,0,"Yes",100,0,0,1,1,1,1,1,1,1,1,1,1,1,1,20
"1210","Hindi",25,2008,0,"Yes",100,0,0,1,1,1,1,1,1,1,1,1,3,1,1,15
"1211","Hindi",1,2010,0,"Yes",100,0,0,2,3,2,2,2,3,3,3,2,3,3,3,12
"1212","Hindi",2,2007,1,"Yes",100,0,0,1,1,1,1,1,1,1,4,1,1,1,1,13
"1213","Hindi",1,2010,0,"Yes",100,0,0,1,1,1,1,1,1,2,1,1,1,1,3,12
"1214","Hindi",1,2008,0,"Yes",100,0,0,1,1,1,1,2,1,1,2,4,4,2,1,21
"1215","Hindi",1,2011,0,"Yes",100,0,0,2,2,1,2,1,1,2,2,2,4,3,2,5
"1216","Hindi",3,2003,1,"Yes",100,0,0,2,2,2,2,2,2,2,4,4,1,2,2,150
"1217","Kannada",1,2003,0,"No",100,0,0,2,1,1,1,NA,1,2,1,1,1,1,2,7
"1218","Hindi",1,1996,0,"No",100,0,0,1,1,2,1,1,1,2,2,2,2,1,1,35
"1219","Hindi",1,1999,0,"Yes",100,0,0,3,1,1,2,1,1,1,1,2,2,2,3,5000
"1220","Hindi",1,2004,1,"Yes",20,0,80,2,2,2,2,1,1,2,2,3,4,3,2,350
"1221","Hindi",1,2007,1,"Yes",0,0,100,1,2,2,2,2,2,1,4,4,4,2,4,200
"1222","Gujarati",1,1994,0,"No",100,0,0,1,1,2,1,1,1,1,1,1,1,1,2,5
"1223","Gujarati",1,2008,0,"No",100,0,0,1,1,2,NA,1,1,1,4,2,3,2,2,8
"1224","Gujarati",1,1985,0,"Yes",100,0,0,2,2,2,1,1,4,1,1,1,1,1,2,6
"1225","Gujarati",1,1998,0,"No",100,0,0,1,1,2,1,1,1,1,1,1,1,1,2,5
"1226","Gujarati",1,2000,0,"No",100,0,0,2,1,4,1,1,1,1,1,1,1,1,3,8
"1227","Gujarati",1,2005,0,"No",100,0,0,2,1,2,1,1,1,1,2,2,1,3,2,7
"1228","Gujarati",1,1992,0,"No",100,0,0,1,1,2,1,1,1,1,4,4,1,3,2,5
"1229","Gujarati",2,1990,0,"No",100,0,0,1,2,2,1,1,1,2,1,1,1,2,1,5
"1230","Gujarati",1,2004,0,"No",100,0,0,1,1,2,1,1,1,1,4,2,2,3,2,6
"1231","Gujarati",1,1984,0,"No",100,0,0,1,2,2,2,1,1,1,2,2,1,3,3,5
"1232","Hindi",1,1990,0,"Yes",100,0,0,1,1,3,1,1,1,4,1,1,1,1,3,18
"1233","Gujarati",1,2008,0,"No",100,0,0,1,1,2,2,1,2,1,2,1,2,2,2,6
"1234","Hindi",1,1991,0,"Yes",100,0,0,1,1,2,1,1,1,2,2,2,4,2,2,5
"1235","Gujarati",1,2008,0,"No",100,0,0,1,1,2,1,1,1,1,2,3,1,3,2,5
"1236","Gujarati",1,1998,0,"Yes",100,0,0,2,2,3,1,1,1,4,1,1,1,1,2,5
"1237","Gujarati",1,1990,0,"No",100,0,0,2,1,2,1,1,1,4,1,1,1,1,3,8
"1238","Gujarati",1,2002,0,"No",100,0,0,2,1,2,1,1,1,1,2,1,2,3,2,12
"1239","Gujarati",1,2010,0,"No",100,0,0,1,1,2,1,1,1,1,1,1,1,1,2,5
"1240","Gujarati",2,1998,0,"No",100,0,0,1,1,2,2,1,1,1,2,1,1,3,2,6
"1241","Gujarati",1,2010,0,"No",100,0,0,1,2,1,1,2,1,1,2,1,1,3,2,5
"1242","Gujarati",1,2005,0,"No",100,0,0,1,1,2,1,2,1,1,4,1,3,3,2,5
"1243","Gujarati",1,2006,0,"No",100,0,0,2,2,3,1,1,2,2,2,1,2,3,3,7
"1244","Gujarati",1,2009,0,"No",100,0,0,2,1,1,2,1,1,1,1,1,1,3,1,5
"1245","Gujarati",1,1994,0,"No",100,0,0,1,1,2,1,1,1,1,1,1,4,1,2,5
"1246","Gujarati",1,2001,0,"Yes",100,0,0,2,2,2,1,3,1,4,3,4,2,1,2,8
"1247","Gujarati",1,2010,0,"No",100,0,0,2,1,2,2,1,1,1,2,1,2,3,1,5
"1248","Gujarati",1,2009,0,"Yes",100,0,0,1,1,2,1,1,1,1,2,1,2,2,1,5
"1249","Gujarati",1,1998,0,"No",100,0,0,1,1,2,1,1,1,1,1,1,1,1,2,12
"1250","Gujarati",1,2006,0,"No",100,0,0,2,1,2,1,1,1,1,2,2,1,3,2,7
"1251","Gujarati",1,2001,0,"Yes",100,0,0,2,1,2,1,4,1,1,1,1,1,1,2,7
"1252","Gujarati",1,2002,0,"No",100,0,0,2,1,2,1,1,1,4,1,1,1,1,2,5
"1253","Gujarati",1,2007,0,"No",100,0,0,2,1,4,1,1,1,1,1,1,1,1,3,6
"1254","Gujarati",1,1999,0,"Yes",100,0,0,1,1,2,1,1,1,1,3,2,4,2,4,6
"1255","Gujarati",1,2010,1,"Yes",100,0,0,1,1,2,1,2,1,2,1,1,1,1,2,5
"1256","Gujarati",1,2008,0,"No",100,0,0,2,1,2,1,1,1,1,3,4,1,3,2,5
"1257","Kannada",1,2008,0,"No",100,0,0,2,2,2,2,2,NA,2,1,1,1,1,2,6
"1258","Kannada",1,2007,0,"No",100,0,0,1,1,1,1,NA,1,2,1,1,1,1,2,5
"1259","Kannada",1,2004,0,"No",100,0,0,2,2,2,2,NA,1,2,1,1,1,1,2,5
"1260","Kannada",1,2005,0,"No",100,0,0,1,1,1,1,NA,2,1,1,1,1,1,2,6
"1261","Kannada",1,2011,NA,"No",100,0,0,1,2,1,NA,NA,1,NA,1,1,1,1,1,6
"1262","Kannada",1,2011,0,"No",100,0,0,2,2,1,NA,NA,1,2,1,1,1,1,1,6
"1263","Hindi",1,2002,0,"No",100,0,0,3,2,1,1,2,1,2,1,1,1,1,1,6
"1264","Kannada",1,2005,0,"No",100,0,0,1,1,1,1,1,1,3,1,1,1,1,1,6
"1265","Kannada",1,2004,0,"No",100,0,0,2,1,1,1,NA,1,2,1,1,1,1,2,6
"1266","Kannada",1,2003,0,"No",100,0,0,2,2,2,2,2,1,3,1,1,1,1,2,6
"1267","Kannada",1,2005,0,"No",100,0,0,1,1,1,1,NA,2,1,1,1,1,1,2,6
"1268","Kannada",1,2005,0,"No",100,0,0,2,1,2,2,NA,1,2,1,1,1,1,2,6
"1269","Kannada",1,2005,0,"No",100,0,0,2,1,1,1,NA,1,2,1,1,1,1,1,6
"1270","Kannada",1,2002,0,"Yes",100,0,0,3,2,2,1,2,1,2,1,1,1,1,2,7
"1271","Kannada",1,2002,0,"No",100,0,0,1,1,1,1,1,1,1,1,1,1,1,1,5
"1272","Kannada",1,2007,0,"Yes",100,0,0,3,1,2,1,2,1,2,1,1,1,1,1,10
"1273","Kannada",1,2003,0,"No",100,0,0,1,1,1,1,1,1,1,1,1,1,1,1,5
"1274","Kannada",1,2003,0,"Yes",100,0,0,3,2,2,2,2,1,2,2,2,2,1,2,6
"1275","Kannada",1,2009,0,"No",100,0,0,2,2,1,1,1,1,1,1,1,1,1,1,8
"1276","Kannada",4,2006,0,"Yes",100,0,0,1,4,1,4,4,3,3,4,1,1,4,4,7
"1277","Kannada",1,2007,0,"No",100,0,0,2,1,1,1,NA,1,1,1,1,1,1,1,6
"1278","Kannada",1,2006,0,"No",100,0,0,2,1,1,1,2,1,2,1,1,1,1,1,6
"1279","Kannada",1,2006,0,"No",100,0,0,2,2,2,2,1,1,2,1,1,1,1,1,2
"1280","Hindi",1,2002,0,"No",100,0,0,4,2,2,2,NA,1,3,1,1,1,1,2,5
"1281","Kannada",1,2002,0,"No",100,0,0,1,1,2,1,2,1,3,NA,1,1,1,1,7
"1282","Kannada",1,2004,0,"Yes",100,0,0,3,1,2,2,2,1,2,2,1,1,1,2,5
"1283","Kannada",1,2006,0,"No",100,0,0,3,2,2,2,NA,1,2,1,1,1,1,2,5
"1284","Kannada",1,2008,0,"No",100,0,0,2,2,2,2,NA,1,2,1,1,1,1,2,5
"1285","Kannada",1,1988,0,"No",100,0,0,2,1,1,1,1,1,1,NA,NA,NA,NA,2,5
"1286","Kannada",1,2003,0,"Yes",100,0,0,2,1,2,2,1,1,3,2,2,1,2,3,40
"1287","Kannada",1,2004,0,"No",100,0,0,2,2,2,2,2,1,2,1,1,1,1,1,7
"1288","Tamil",1,2003,0,"No",100,0,0,2,1,3,2,3,2,2,3,2,1,1,2,6
"1289","Tamil",1,1999,0,"No",100,0,0,2,2,1,1,2,2,1,1,1,1,1,1,8
"1290","Tamil",1,2008,0,"No",100,0,0,3,3,1,1,3,1,3,1,1,1,1,1,6
"1291","Tamil",1,2012,0,"No",100,0,0,3,2,2,1,1,1,1,1,1,1,1,1,5
"1292","Tamil",1,2008,0,"No",100,0,0,3,1,4,2,2,2,3,3,2,1,2,2,8
"1293","Tamil",2,1998,1,"No",100,0,0,3,2,1,1,1,2,1,2,2,2,1,1,6
"1294","Tamil",2,2007,0,"Yes",100,0,0,1,3,4,3,3,2,4,4,1,1,4,4,6
"1295","Tamil",1,2005,0,"No",100,0,0,4,3,2,3,4,2,2,2,1,2,1,1,7
"1296","Tamil",1,2011,0,"No",100,0,0,2,2,1,1,1,1,2,1,1,1,1,1,5
"1297","Tamil",1,2007,0,"No",100,0,0,2,1,4,3,3,2,2,3,1,3,1,2,8
"1298","Tamil",1,2007,0,"No",100,0,0,2,2,2,1,1,1,2,1,1,1,1,1,6
"1299","Tamil",1,2006,0,"No",100,0,0,3,1,1,1,3,2,3,2,1,4,1,2,6
"1300","Tamil",1,2011,0,"No",100,0,0,3,2,2,1,3,1,2,2,2,3,2,2,7
"1301","Telugu",1,2010,0,"No",100,0,0,1,4,3,3,3,2,4,2,4,1,4,2,23
"1302","Tamil",2,2010,0,"No",100,0,0,1,1,1,1,1,2,1,1,1,1,1,1,5
"1303","Tamil",3,2008,0,"No",100,0,0,4,2,3,2,2,2,2,3,1,3,2,3,6
"1304","Tamil",1,2007,1,"No",100,0,0,2,1,2,2,3,2,3,4,1,3,1,3,7
"1305","Tamil",1,2007,0,"No",100,0,0,3,2,3,2,2,1,2,4,2,3,1,3,6
"1306","Tamil",2,2000,0,"No",100,0,0,1,1,1,1,2,1,1,2,3,4,1,2,5
"1307","Tamil",1,2008,1,"No",100,0,0,4,2,2,1,3,2,2,2,1,2,1,3,50
"1308","Tamil",1,2008,0,"No",100,0,0,3,2,2,1,2,2,2,3,1,2,1,3,6
"1309","Tamil",1,2008,0,"No",100,0,0,3,2,1,1,4,1,2,1,1,1,1,1,7
"1310","Tamil",1,2010,0,"No",100,0,0,3,3,2,1,1,1,1,1,1,1,1,1,6
"1311","Tamil",1,2008,0,"No",100,0,0,3,2,3,2,2,3,3,4,1,3,2,3,8
"1312","Tamil",1,2008,0,"No",100,0,0,3,2,3,1,1,1,3,1,1,NA,1,3,7
"1313","Tamil",1,2009,0,"No",100,0,0,2,1,2,2,4,1,3,2,3,3,3,4,7
"1314","Tamil",1,2008,0,"No",100,0,0,3,1,1,2,2,1,2,3,1,4,1,1,7
"1315","Tamil",1,2005,0,"No",100,0,0,2,1,1,1,2,1,3,2,1,3,1,3,6
"1316","Tamil",1,2009,0,"No",100,0,0,3,2,2,3,4,3,4,4,2,3,1,1,7
"1317","Tamil",1,2008,0,"No",100,0,0,3,1,2,1,4,1,3,4,2,3,2,3,6
"1318","Tamil",1,2009,0,"No",100,0,0,2,2,2,1,1,1,2,1,1,1,1,1,5
"1319","Tamil",3,2004,0,"Yes",100,0,0,1,4,3,2,3,2,2,4,1,1,4,4,7
"1320","Tamil",1,2012,0,"Yes",100,0,0,1,1,1,1,1,1,1,1,1,1,1,1,6
"1321","Tamil",4,2008,0,"Yes",100,0,0,1,4,4,4,1,3,4,4,1,4,4,4,6
"1322","Tamil",50,2007,0,"Yes",100,0,0,3,1,3,3,3,1,3,4,2,3,2,3,280
"1323","Tamil",1,2007,0,"No",100,0,0,2,1,2,2,3,4,4,2,1,4,1,3,7
"1324","Tamil",1,2004,0,"No",100,0,0,4,2,2,3,1,2,1,3,1,3,1,3,6
"1325","Tamil",40,2007,0,"Yes",100,0,0,2,2,1,1,1,1,4,1,1,1,1,1,5
"1326","Telugu",1,2006,0,"Yes",100,0,0,1,4,1,2,4,2,4,3,1,4,4,2,7
"1327","Hindi",1,2001,0,"No",100,0,0,4,1,1,NA,1,1,3,3,1,2,1,2,9
"1328","Hindi",1,2006,0,"No",100,0,0,3,1,3,NA,1,1,1,4,1,2,1,1,6
"1329","Hindi",1,2006,0,"No",100,0,0,4,1,1,1,1,1,2,3,1,3,2,1,7
"1330","Hindi",1,2000,0,"No",100,0,0,4,1,2,1,1,1,2,3,2,4,1,1,5
"1331","Hindi",1,2009,0,"No",100,0,0,2,1,1,1,1,1,3,1,1,2,1,1,6
"1332","Hindi",1,2009,0,"No",100,0,0,2,1,1,1,1,1,3,1,2,1,1,1,6
"1333","Hindi",1,2005,0,"No",100,0,0,3,1,1,1,1,1,1,1,2,1,3,1,6
"1334","Hindi",1,2001,0,"No",100,0,0,1,1,1,1,1,1,3,1,2,2,1,1,6
"1335","Hindi",1,2008,0,"No",100,0,0,3,2,NA,NA,1,1,1,4,1,4,1,1,6
"1336","Hindi",1,1975,0,"No",100,0,0,2,1,1,1,1,1,2,3,1,2,1,2,5
"1337","Hindi",1,2007,0,"No",100,0,0,1,1,1,1,1,1,1,1,2,2,1,1,6
"1338","Hindi",1,2008,0,"No",100,0,0,1,1,1,1,1,1,1,1,2,1,1,1,6
"1339","Hindi",1,2004,0,"No",100,0,0,2,1,1,1,1,4,1,2,3,2,1,3,9
"1340","Hindi",1,2005,0,"No",100,0,0,2,3,2,1,1,1,2,1,2,1,1,3,6
"1341","Hindi",1,2007,0,"No",100,0,0,1,1,1,1,1,1,2,1,2,1,3,1,6
"1342","Hindi",1,2010,0,"No",100,0,0,1,1,1,1,1,1,2,1,2,2,4,1,5
"1343","Hindi",1,1993,0,"No",100,0,0,2,1,1,1,1,1,2,1,1,3,1,1,6
"1344","Hindi",1,2003,0,"No",100,0,0,3,1,2,1,1,1,1,4,1,3,1,1,5
"1345","Hindi",1,2006,0,"No",100,0,0,3,1,2,1,1,1,2,1,2,3,1,1,7
"1346","Hindi",1,2009,0,"No",100,0,0,3,1,2,NA,3,1,1,4,1,4,2,1,9
"1347","Hindi",1,2002,0,"No",100,0,0,3,1,2,NA,1,1,1,4,1,3,1,2,7
"1348","Hindi",1,2008,0,"No",100,0,0,3,1,1,1,1,1,3,3,2,1,1,1,5
"1349","Hindi",2,2006,0,"No",100,0,0,1,2,3,NA,1,1,1,4,1,3,2,3,8
"1350","Hindi",1,2008,0,"No",100,0,0,2,1,1,1,1,1,3,3,2,1,3,1,5
"1351","Hindi",1,2010,0,"No",100,0,0,3,2,2,NA,1,1,2,3,1,3,1,1,5
"1352","Gujarati",1,2009,0,"No",100,0,0,2,1,1,1,1,1,4,1,2,1,3,1,6
"1353","Hindi",1,2000,0,"No",100,0,0,3,1,2,1,1,1,2,3,1,4,1,2,6
"1354","Hindi",1,2009,0,"No",100,0,0,3,1,1,1,1,1,1,2,2,1,1,1,6
"1355","Hindi",1,2010,0,"No",100,0,0,3,1,1,1,1,1,2,3,1,4,1,1,6
"1356","Hindi",1,2002,0,"Yes",100,0,0,2,1,1,2,1,1,3,1,2,2,1,1,8
"1357","Hindi",1,2000,0,"No",100,0,0,3,1,1,1,1,1,2,3,2,1,1,1,6
"1358","Hindi",1,1992,0,"No",100,0,0,1,1,NA,1,1,4,1,3,1,4,1,2,6
"1359","Hindi",1,2007,0,"No",100,0,0,1,1,1,1,1,1,2,4,1,3,1,1,5
"1360","Hindi",1,2006,0,"No",100,0,0,3,1,1,NA,1,1,2,2,1,4,1,1,6
"1361","Hindi",1,1999,0,"No",100,0,0,4,1,1,1,1,1,2,3,1,3,1,2,6
"1362","Hindi",1,2009,0,"No",100,0,0,3,1,1,1,1,1,2,1,2,1,1,1,5
"1363","Hindi",1,2007,0,"No",100,0,0,2,1,1,NA,1,1,2,2,1,2,1,1,6
"1364","Hindi",1,2010,0,"No",100,0,0,2,1,2,NA,2,1,3,4,1,1,1,1,5
"1365","Hindi",1,2007,0,"No",100,0,0,3,1,1,1,1,1,3,3,1,4,1,2,5
"1366","Hindi",1,2000,0,"No",100,0,0,2,1,1,2,1,1,1,4,1,2,1,1,7
"1367","Hindi",1,2008,0,"No",100,0,0,2,1,1,1,1,1,1,3,2,1,NA,1,6
"1368","Hindi",1,1989,0,"No",100,0,0,3,1,1,1,1,1,2,4,1,2,1,2,13
"1369","Hindi",1,1998,0,"No",100,0,0,2,1,1,2,1,1,2,2,3,4,1,2,9
"1370","Hindi",1,2004,0,"No",100,0,0,4,1,1,1,1,1,1,3,1,3,1,2,12
"1371","Hindi",1,2003,0,"No",100,0,0,4,1,NA,NA,1,1,2,3,1,2,1,1,7
"1372","Hindi",1,2008,0,"No",100,0,0,3,1,1,1,1,1,3,3,2,1,1,1,6
"1373","Hindi",1,2007,0,"No",100,0,0,3,1,1,1,1,1,3,1,2,1,1,1,7
"1374","Hindi",1,2008,0,"No",100,0,0,3,1,3,2,1,1,1,3,1,4,1,1,7
"1375","Hindi",1,2004,0,"No",100,0,0,4,1,2,NA,1,1,1,3,1,3,1,2,5
"1376","Hindi",1,2006,0,"No",100,0,0,2,1,1,1,1,1,3,3,1,1,1,1,6
"1377","Hindi",1,2004,0,"No",100,0,0,2,1,1,1,1,1,3,1,2,1,3,1,10
"1378","Hindi",1,2003,0,"No",100,0,0,3,1,1,1,1,1,3,1,2,2,4,1,6
"1379","Hindi",1,1998,0,"No",100,0,0,3,1,1,1,1,1,4,2,1,1,1,1,6
"1380","Hindi",1,2005,0,"No",100,0,0,3,1,1,1,1,1,3,3,1,1,4,1,6
"1381","Hindi",1,2006,0,"No",100,0,0,3,1,1,1,1,1,3,3,1,1,3,1,7
"1382","Hindi",1,1999,0,"No",100,0,0,3,1,NA,NA,1,1,2,3,1,3,1,1,5
"1383","Hindi",1,1997,0,"No",100,0,0,2,1,1,1,1,1,1,4,1,3,1,1,5
"1384","Hindi",1,2006,0,"No",100,0,0,4,2,2,NA,1,2,2,3,1,3,1,2,6
"1385","Telugu",2,2010,0,"Yes",100,0,0,2,1,3,2,3,1,3,1,1,1,1,1,10
"1386","Telugu",2,2012,0,"Yes",100,0,0,1,4,4,3,4,3,4,4,3,4,3,2,7
"1387","Telugu",1,1980,0,"Yes",100,0,0,2,1,3,1,2,3,3,3,1,1,3,3,15
"1388","Telugu",1,2009,0,"Yes",100,0,0,4,2,2,1,3,3,3,3,2,3,2,2,20
"1389","Telugu",2,2000,0,"DON'T KNOW (SPONTANEOUS)",100,0,0,1,3,3,4,4,3,2,2,3,4,3,3,103
"1390","Telugu",1,2005,0,"Yes",100,0,0,2,1,2,1,2,3,3,3,1,1,2,2,25
"1391","Telugu",7,2007,0,"Yes",100,0,0,1,4,3,3,4,2,4,2,4,1,4,4,109
"1392","Telugu",1,2004,0,"Yes",100,0,0,2,1,2,1,2,2,2,1,2,2,2,2,25
"1393","Telugu",3,2008,0,"Yes",100,0,0,4,1,3,3,3,3,3,2,1,2,1,3,25
"1394","Telugu",4,2007,0,"Yes",100,0,0,2,1,2,1,1,1,2,1,1,1,1,2,80
"1395","Telugu",1,2000,0,"Yes",100,0,0,1,4,1,2,4,2,4,3,1,4,4,2,29
"1396","Telugu",1,2012,0,"No",100,0,0,4,1,2,1,1,1,2,1,1,1,1,2,5
"1397","Telugu",1,1994,0,"Yes",100,0,0,2,1,2,1,2,1,2,2,1,2,1,2,5
"1398","Telugu",1,2003,0,"Yes",100,0,0,4,1,3,3,2,2,2,2,2,2,1,3,20
"1399","Telugu",15,2005,0,"Yes",100,0,0,1,4,2,3,4,4,3,2,4,1,4,4,29
"1400","Telugu",2,2011,0,"Yes",100,0,0,3,1,2,2,2,2,2,2,3,3,2,2,6
"1401","Telugu",1,1992,0,"Yes",100,0,0,2,1,2,1,3,1,3,2,3,2,3,2,5
"1402","Telugu",1,2007,0,"Yes",100,0,0,2,1,2,2,3,2,2,1,2,2,2,2,5
"1403","Telugu",1,2006,0,"Yes",100,0,0,4,2,3,3,3,3,3,3,2,3,1,3,12
"1404","Hindi",1,1991,0,"No",100,0,0,1,1,2,1,2,2,2,4,2,3,2,1,22
"1405","Hindi",1,1991,0,"No",100,0,0,2,1,2,1,4,2,2,1,2,1,2,1,20
"1406","Hindi",1,1997,0,"No",100,0,0,1,2,1,2,2,2,2,1,2,1,1,1,20
"1407","Hindi",1,1995,0,"No",100,0,0,2,2,2,1,2,2,2,2,2,2,1,2,12
"1408","Hindi",1,2003,0,"No",100,0,0,2,1,2,2,3,2,4,1,2,3,2,2,17
"1409","Hindi",1,1993,0,"No",100,0,0,1,1,1,1,2,1,1,1,1,1,1,1,14
"1410","Hindi",1,2000,0,"No",100,0,0,1,1,1,1,2,1,1,2,2,2,2,1,20
"1411","Hindi",1,1998,0,"No",100,0,0,1,1,1,1,1,1,2,3,2,4,2,1,40
"1412","Hindi",1,1998,0,"No",100,0,0,3,2,1,2,4,2,2,1,2,2,2,1,25
"1413","Hindi",1,2002,0,"No",100,0,0,2,2,2,1,2,2,2,1,2,2,1,4,15
"1414","Hindi",1,1992,0,"No",100,0,0,1,1,1,2,1,2,2,1,2,4,1,1,30
"1415","Hindi",2,2009,0,"Yes",100,0,0,1,1,1,1,1,1,1,1,1,1,2,1,26
"1416","Hindi",1,1995,0,"No",100,0,0,1,2,1,2,4,2,2,1,2,2,2,1,22
"1417","Hindi",1,1999,0,"No",100,0,0,1,1,1,1,1,1,1,2,2,2,1,1,18
"1418","Hindi",1,1994,0,"No",100,0,0,1,2,1,2,2,2,2,1,2,2,2,4,10
"1419","Hindi",3,1999,1,"No",100,0,0,1,2,2,1,2,2,2,2,3,1,3,1,36
"1420","Hindi",2,1991,0,"No",100,0,0,3,2,1,2,2,2,4,1,2,2,2,1,22
"1421","Hindi",2,1993,0,"No",100,0,0,4,2,1,1,2,2,4,1,1,2,2,1,30
"1422","Hindi",2,1998,0,"No",100,0,0,3,2,1,2,2,2,2,1,2,1,2,1,26
"1423","Hindi",1,1985,0,"Yes",100,0,0,1,1,3,1,1,2,4,1,3,1,3,1,10
"1424","Hindi",1,2003,0,"Yes",100,0,0,2,1,2,3,2,3,3,1,4,1,1,3,7
"1425","Hindi",1,2005,0,"No",100,0,0,2,1,3,2,2,2,3,2,1,1,4,2,7
"1426","Hindi",1,2000,0,"Yes",100,0,0,2,1,3,4,2,1,4,2,4,1,3,2,5
"1427","Hindi",1,2010,0,"Yes",100,0,0,2,1,3,3,2,3,4,2,1,1,1,4,10
"1428","Hindi",1,2004,0,"No",100,0,0,3,1,3,NA,2,1,3,4,1,3,1,2,8
"1429","Hindi",1,2005,0,"No",100,0,0,2,1,2,1,3,2,3,3,2,3,2,2,5
"1430","Hindi",1,2006,0,"No",100,0,0,3,1,2,1,3,3,3,3,2,3,2,2,5
"1431","Hindi",1,2005,0,"No",100,0,0,2,1,2,1,3,2,4,3,4,3,2,2,6
"1432","Hindi",1,2004,1,"No",100,0,0,3,1,2,1,3,2,3,3,2,3,2,2,7
"1433","Hindi",1,1996,0,"No",100,0,0,3,1,2,1,3,4,4,3,2,3,2,2,6
"1434","Hindi",1,1994,0,"No",100,0,0,3,1,2,1,3,2,3,3,2,3,2,2,6
"1435","Hindi",1,2009,0,"No",100,0,0,2,1,3,NA,2,1,3,4,1,4,1,2,5
"1436","Hindi",1,2003,0,"No",100,0,0,3,1,2,1,3,2,3,3,2,3,2,2,5
"1437","Hindi",1,2000,0,"No",100,0,0,3,3,3,2,4,4,3,4,4,4,2,3,10
"1438","Hindi",1,1993,0,"No",100,0,0,3,1,2,1,2,2,2,4,2,3,2,2,8
"1439","Hindi",1,1995,0,"No",100,0,0,1,1,2,NA,1,1,2,4,1,1,2,2,8
"1440","Hindi",1,2011,0,"No",100,0,0,2,1,1,NA,1,1,2,3,1,4,1,1,5
"1441","Hindi",1,2001,0,"No",100,0,0,3,1,2,1,3,2,3,3,2,3,2,2,5
"1442","Hindi",1,2001,0,"No",100,0,0,2,2,2,2,3,3,3,4,4,3,2,3,10
"1443","Hindi",25,1976,0,"Yes",100,0,0,3,1,2,1,3,2,2,3,2,3,1,2,25
"1444","Hindi",1,1984,0,"No",100,0,0,3,1,2,NA,1,1,2,3,2,1,1,2,6
"1445","Hindi",1,1988,0,"No",100,0,0,2,1,2,1,2,2,2,3,4,3,2,2,5
"1446","Hindi",1,2006,0,"No",100,0,0,3,1,3,NA,3,1,2,4,2,4,2,1,9
"1447","Hindi",1,2003,0,"No",100,0,0,3,1,2,1,3,2,3,3,2,3,2,2,6
"1448","Hindi",1,2000,0,"No",100,0,0,2,1,1,1,3,2,3,3,2,4,1,2,5
"1449","Hindi",4,2011,0,"No",100,0,0,3,1,1,NA,2,1,3,4,1,4,1,3,6
"1450","Hindi",1,2005,0,"No",100,0,0,3,1,2,1,3,2,3,4,2,3,2,2,6
"1451","Hindi",1,1990,0,"No",100,0,0,3,1,2,1,3,2,4,2,2,3,2,2,10
"1452","Hindi",1,2005,0,"No",100,0,0,3,1,2,1,2,2,3,3,2,3,2,2,5
"1453","Hindi",1,2009,0,"No",100,0,0,2,1,2,1,2,3,3,3,2,3,2,2,5
"1454","Hindi",1,2007,0,"No",100,0,0,4,1,1,1,3,3,3,3,1,3,1,2,7
"1455","Hindi",1,2008,0,"No",100,0,0,3,2,2,1,3,3,3,3,2,3,1,2,5
"1456","Hindi",1,2002,0,"No",100,0,0,3,1,2,1,3,2,3,4,2,3,2,2,5
"1457","Hindi",1,2001,0,"No",100,0,0,4,1,2,1,3,3,2,3,2,3,1,2,20
"1458","Hindi",1,2009,0,"No",100,0,0,2,1,NA,1,1,1,2,4,1,4,1,1,7
"1459","Hindi",1,2000,0,"No",100,0,0,3,1,2,1,2,2,3,3,4,3,2,2,12
"1460","Hindi",1,2003,0,"No",100,0,0,3,1,2,1,2,2,2,3,2,3,2,2,7
"1461","Hindi",1,2006,0,"No",100,0,0,3,1,2,1,3,2,3,3,2,3,2,2,5
"1462","Hindi",1,2003,0,"No",100,0,0,3,1,2,1,3,2,3,3,2,3,2,2,5
"1463","Hindi",1,2004,0,"No",100,0,0,2,1,2,1,2,2,3,3,2,3,4,2,5
"1464","Hindi",1,2007,0,"No",100,0,0,2,1,2,NA,3,1,3,3,1,4,1,1,5
"1465","Hindi",2,2008,1,"No",100,0,0,3,1,4,NA,2,1,2,4,1,3,2,2,7
"1466","Hindi",1,1997,0,"No",100,0,0,2,1,2,1,3,2,2,3,3,3,2,2,7
"1467","Hindi",1,2002,0,"No",100,0,0,3,1,2,1,3,2,3,3,4,3,2,2,5
"1468","Hindi",1,2007,0,"No",100,0,0,3,1,2,1,3,2,2,3,2,3,1,2,20
"1469","Hindi",1,2012,0,"No",100,0,0,2,1,2,1,1,1,1,1,1,1,1,1,5
"1470","Hindi",1,2006,0,"No",100,0,0,2,1,2,1,1,1,1,1,1,1,1,1,6
"1471","Hindi",1,2002,0,"No",100,0,0,2,1,1,4,1,1,1,1,1,1,1,1,5
"1472","Hindi",1,2002,0,"No",100,0,0,2,1,2,1,1,1,1,2,1,1,1,1,5
"1473","Hindi",1,1984,0,"No",100,0,0,2,1,1,1,1,1,1,1,1,1,1,1,7
"1474","Hindi",1,1988,0,"No",100,0,0,2,1,1,1,1,1,1,2,1,1,1,1,5
"1475","Hindi",1,2007,0,"No",100,0,0,2,1,1,1,1,1,1,2,1,1,1,1,5
"1476","Hindi",1,2005,0,"No",100,0,0,2,1,1,1,1,1,1,1,1,1,1,1,5
"1477","Hindi",1,1994,0,"No",100,0,0,2,1,1,1,1,1,1,2,1,1,1,1,5
"1478","Hindi",1,2010,0,"No",100,0,0,2,1,2,1,1,1,1,2,1,1,1,1,5
"1479","Hindi",1,2006,0,"No",100,0,0,1,1,1,1,1,1,1,2,1,1,1,1,6
"1480","Hindi",1,2007,0,"No",100,0,0,2,1,2,1,1,1,1,2,1,1,1,1,5
"1481","Hindi",1,2000,0,"No",100,0,0,3,1,2,1,1,1,1,2,1,1,1,1,5
"1482","Hindi",1,2007,0,"No",100,0,0,2,1,1,1,1,1,4,2,1,1,1,1,6
"1483","Hindi",1,1993,1,"No",100,0,0,2,1,2,1,1,1,1,1,1,1,1,1,5
"1484","Hindi",1,2001,0,"No",100,0,0,2,1,1,1,1,1,1,2,1,1,1,1,5
"1485","Hindi",1,2003,0,"No",100,0,0,1,1,2,1,1,1,1,2,1,1,1,1,5
"1486","Hindi",1,2008,0,"No",100,0,0,1,1,2,1,1,1,1,2,1,1,1,1,5
"1487","Hindi",1,2005,0,"No",100,0,0,2,1,1,1,1,1,1,1,1,1,1,1,5
"1488","Hindi",1,2005,0,"No",100,0,0,2,1,2,1,1,1,1,2,1,1,1,1,6
"1489","Hindi",4,2009,0,"No",100,0,0,1,1,2,1,1,1,1,1,1,1,1,1,6
"1490","Gujarati",1,1993,0,"No",100,0,0,1,1,1,2,1,1,2,2,2,2,1,1,7
"1491","Gujarati",1,2008,0,"No",100,0,0,1,1,1,1,1,1,2,2,2,3,4,1,5
"1492","Hindi",1,2004,0,"No",100,0,0,4,1,4,2,3,1,3,4,2,3,3,4,5
"1493","Hindi",1,2004,0,"Yes",100,0,0,1,3,3,3,4,3,3,4,4,1,4,4,7
"1494","Hindi",1,2008,0,"No",100,0,0,2,1,2,1,3,1,3,4,2,2,2,2,6
"1495","Hindi",2,2010,0,"No",100,0,0,1,4,4,4,3,2,1,3,4,4,1,4,5
"1496","Hindi",1,1990,0,"No",100,0,0,4,1,1,1,1,1,1,1,4,1,1,3,4
"1497","Hindi",1,2008,0,"Yes",100,0,0,2,1,2,2,3,2,3,3,3,3,2,3,7
"1498","Hindi",1,2000,0,"No",100,0,0,1,4,3,4,4,3,4,4,1,1,4,4,7
"1499","Hindi",2,2005,0,"No",100,0,0,3,4,1,4,1,1,1,1,4,1,1,3,5
"1500","Hindi",1,2005,0,"No",100,0,0,1,1,2,1,2,1,1,2,1,2,1,3,6
"1501","Hindi",2,2010,0,"No",100,0,0,2,1,4,4,1,2,4,4,1,1,4,3,7
"1502","Hindi",1,2007,0,"No",100,0,0,1,4,4,4,4,1,4,1,3,4,4,3,5
"1503","Hindi",2,2006,0,"No",100,0,0,1,1,1,1,1,1,1,1,4,1,4,4,6
"1504","Hindi",1,2003,0,"Yes",100,0,0,3,1,3,2,3,2,1,3,1,2,1,2,8
"1505","Hindi",1,2006,0,"Yes",100,0,0,2,3,3,3,2,2,3,3,2,3,3,3,6
"1506","Hindi",2,2005,0,"No",100,0,0,1,1,4,4,4,1,4,4,4,3,4,4,5
"1507","Hindi",4,2007,0,"Yes",100,0,0,1,3,3,3,3,4,4,4,1,4,4,4,7
"1508","Hindi",1,2008,0,"No",100,0,0,2,1,2,2,2,1,2,3,3,3,3,3,6
"1509","Hindi",7,2001,0,"Yes",100,0,0,1,4,3,3,3,2,1,3,4,1,4,4,8
"1510","Hindi",7,2006,0,"Yes",100,0,0,1,4,3,1,4,3,4,3,4,1,4,3,6
"1511","Hindi",1,1991,0,"No",100,0,0,2,2,2,2,2,2,2,3,2,3,1,2,30
"1512","Hindi",1,1994,0,"Yes",100,0,0,1,2,1,2,1,1,1,1,2,2,1,1,21
"1513","Hindi",1,2006,0,"No",100,0,0,1,1,2,1,1,1,1,1,1,1,1,1,6
"1514","Hindi",1,1999,0,"No",100,0,0,4,1,3,3,4,2,2,4,2,3,2,2,6
"1515","Hindi",1,2003,0,"No",100,0,0,2,2,1,NA,1,1,1,1,1,3,3,1,7
"1516","Hindi",1,2005,0,"No",100,0,0,1,1,1,1,3,1,1,3,1,1,1,2,5
"1517","Hindi",1,2006,0,"Yes",100,0,0,1,1,2,2,2,2,2,2,1,4,1,2,5
"1518","Kannada",1,2003,0,"No",100,0,0,2,2,2,2,NA,1,2,1,1,1,1,2,6
"1519","Hindi",1,2005,0,"No",100,0,0,2,2,3,1,1,1,1,4,2,3,1,1,5
"1520","Hindi",2,2012,0,"No",100,0,0,3,1,2,3,4,1,3,2,1,1,1,2,100
"1521","Hindi",1,2012,0,"Yes",0,0,100,1,1,1,1,1,1,1,1,1,3,1,1,30
"1522","Hindi",1,2010,0,"No",100,0,0,1,1,2,1,2,1,1,3,2,2,1,1,5
"1523","Hindi",1,1993,0,"No",100,0,0,1,1,1,NA,1,1,1,2,1,2,NA,1,12
"1524","Hindi",1,2005,0,"Yes",100,0,0,2,1,1,1,1,1,1,2,1,4,1,2,20
"1525","Hindi",1,2011,0,"No",100,0,0,2,2,2,2,2,2,2,2,1,3,1,2,8
"1526","Hindi",1,2005,0,"Yes",70,30,0,1,1,1,1,1,2,1,1,3,2,1,1,25
"1527","Tamil",1,2005,0,"No",100,0,0,2,2,1,1,1,1,3,1,1,1,1,1,5
"1528","Kannada",1,2005,0,"No",100,0,0,1,1,2,1,NA,NA,2,1,1,1,1,1,6
"1529","Hindi",1,1988,0,"No",100,0,0,1,1,4,3,1,1,4,1,3,4,4,1,17
"1530","Hindi",1,1954,0,"No",100,0,0,1,1,2,2,2,2,2,3,1,3,1,1,20
"1531","Hindi",1,2006,0,"Yes",100,0,0,2,1,2,1,3,2,4,2,2,4,1,2,25
"1532","Kannada",1,2000,0,"No",100,0,0,2,1,1,1,NA,1,2,1,1,1,1,2,7
"1533","Hindi",1,1996,0,"No",100,0,0,2,1,3,2,3,2,3,3,1,1,1,2,5
"1534","Hindi",1,2002,0,"No",100,0,0,1,1,4,3,1,1,4,1,4,4,4,4,6
"1535","Hindi",1,2007,1,"Yes",100,0,0,2,2,2,2,2,1,1,2,4,1,3,2,200
"1536","Hindi",1,2007,0,"No",100,0,0,3,1,3,1,1,1,1,4,3,1,1,1,8
"1537","Hindi",1,1999,0,"Yes",100,0,0,2,1,1,1,1,1,4,2,1,2,NA,1,7
"1538","Kannada",1,2000,0,"No",100,0,0,2,1,1,1,NA,1,2,1,1,1,1,2,7
"1539","Tamil",1,2001,0,"No",100,0,0,1,2,3,2,4,2,3,4,2,1,3,3,6
"1540","Hindi",1,1982,0,"No",100,0,0,3,1,2,4,2,1,3,4,3,3,3,3,5
"1541","Hindi",1,2004,0,"No",100,0,0,1,1,2,2,2,1,2,2,1,3,1,2,28
"1542","Telugu",1,2002,0,"No",100,0,0,1,4,4,3,4,3,3,2,4,4,3,2,7
"1543","Hindi",2,1992,0,"Yes",100,0,0,1,3,4,3,3,2,4,4,1,1,4,4,112
"1544","Hindi",1,1997,0,"No",100,0,0,1,1,1,1,1,1,2,2,1,4,1,1,38
"1545","Hindi",2,1996,0,"No",100,0,0,3,2,1,2,2,2,4,1,1,2,2,1,30
"1546","Telugu",2,1993,0,"Yes",100,0,0,3,2,3,3,3,2,2,3,2,3,2,2,23
"1547","Kannada",1,2003,0,"No",100,0,0,2,2,2,2,NA,1,2,1,1,1,1,2,7
"1548","Hindi",2,1991,0,"No",100,0,0,2,1,2,1,2,2,2,1,2,4,2,2,28
"1549","Hindi",1,1987,0,"No",100,0,0,2,1,1,3,3,1,1,1,4,1,3,1,6
"1550","Hindi",1,1963,0,"Yes",80,20,0,2,1,1,1,1,1,2,4,3,4,2,1,7
"1551","Hindi",1,2002,0,"Yes",100,0,0,1,1,1,2,2,1,2,2,3,1,2,2,121
"1552","Hindi",2,2009,0,"Yes",100,0,0,1,1,2,1,1,2,2,1,1,1,1,2,125
"1553","Hindi",2,2010,0,"Yes",100,0,0,2,1,3,3,3,4,4,2,4,1,1,3,35
"1554","Telugu",1,2012,0,"No",100,0,0,2,1,2,1,2,1,2,1,1,1,1,1,7
"1555","Hindi",1,2003,0,"No",100,0,0,2,1,2,2,2,1,2,2,1,3,1,2,125
"1556","Hindi",2,2012,0,"Yes",100,0,0,4,1,1,1,1,1,1,3,1,4,1,1,300
"1557","Kannada",1,2005,0,"No",100,0,0,2,1,1,1,NA,1,2,1,1,1,1,2,15
"1558","Hindi",3,1965,0,"No",100,0,0,1,1,1,1,1,1,2,1,2,1,1,4,125
"1559","Tamil",10,2011,0,"No",100,0,0,2,1,3,3,3,1,3,3,1,1,1,1,15
"1560","Tamil",10,2011,0,"No",100,0,0,3,2,3,2,2,1,2,3,1,4,1,1,10
"1561","Hindi",1,1994,0,"Yes",100,0,0,3,1,2,2,2,2,3,3,3,4,2,2,6
"1562","Tamil",1,1973,0,"No",100,0,0,2,2,1,1,1,1,1,1,1,1,1,1,5
"1563","Telugu",1,2011,0,"No",100,0,0,2,1,2,1,1,1,2,1,1,1,1,1,8
"1564","Hindi",1,1997,0,"No",100,0,0,4,1,2,2,4,1,1,2,1,1,1,2,21
"1565","Tamil",10,2011,0,"No",100,0,0,2,1,2,2,3,3,2,3,3,3,2,1,15
"1566","Tamil",10,2011,0,"No",100,0,0,3,2,3,2,3,3,3,3,1,3,2,1,15
"1567","Tamil",1,2009,0,"No",100,0,0,3,2,2,1,1,1,1,1,1,2,1,1,6
"1568","Tamil",1,2009,0,"No",100,0,0,2,2,3,1,4,1,2,3,2,3,1,3,15
"1569","Hindi",4,1964,0,"No",100,0,0,1,1,1,1,1,1,2,2,4,1,1,1,170
"1570","Hindi",1,2010,0,"No",100,0,0,1,1,1,1,1,1,2,1,1,1,1,1,5
"1571","Hindi",2,1915,0,"No",100,0,0,4,2,2,1,2,2,4,1,2,1,1,1,32
"1572","Hindi",1,1997,0,"No",100,0,0,1,2,4,1,1,1,1,2,1,4,1,1,29
"1573","Hindi",1,1994,0,"No",100,0,0,1,1,1,1,2,1,1,1,1,1,1,1,28
"1574","Gujarati",1,1985,0,"No",100,0,0,1,1,2,2,1,1,2,3,2,2,1,1,10
"1575","Telugu",1,1999,0,"No",100,0,0,1,4,4,3,3,2,2,3,3,1,3,3,22
"1576","Gujarati",1,2011,0,"No",100,0,0,1,1,2,1,1,1,2,2,2,2,1,1,17
"1577","Telugu",1,2013,NA,"Yes",100,0,0,3,1,3,1,3,3,3,3,2,3,1,3,22
"1578","Hindi",1,1965,0,"Yes",100,0,0,3,2,3,2,1,1,2,3,2,3,1,2,8
"1579","Tamil",1,2004,0,"No",100,0,0,4,1,1,3,4,1,2,1,2,3,1,1,35
"1580","Hindi",1,1998,1,"Yes",100,0,0,1,1,1,1,1,1,1,1,1,2,1,1,125
"1581","Kannada",1,2001,0,"No",100,0,0,3,1,1,1,NA,1,2,1,1,1,1,2,5
"1582","Hindi",2,1994,0,"No",100,0,0,1,2,1,2,1,1,1,1,2,2,1,1,21
"1583","Telugu",1,1995,0,"No",100,0,0,4,2,3,1,2,3,3,2,1,1,1,3,23
"1584","Hindi",1,2010,0,"No",100,0,0,1,1,1,1,1,3,4,1,1,4,1,1,5
"1585","Kannada",1,2000,0,"No",100,0,0,2,2,2,2,NA,2,2,1,1,1,1,2,7
"1586","Kannada",1,2010,0,"No",100,0,0,2,2,1,1,1,1,1,1,1,1,1,1,6
"1587","Hindi",1,2008,0,"Yes",100,0,0,3,2,2,2,3,2,2,2,2,4,2,2,6
"1588","Telugu",1,2009,0,"DON'T KNOW (SPONTANEOUS)",100,0,0,1,4,3,3,1,3,2,2,4,1,3,3,32
"1589","Kannada",1,2006,0,"No",100,0,0,1,2,2,2,NA,1,3,1,1,1,1,2,6
"1590","Hindi",1,1993,0,"No",100,0,0,2,1,3,3,4,3,2,3,2,3,2,2,6
"1591","Telugu",2,1999,0,"Yes",100,0,0,1,4,4,4,1,3,1,4,1,1,3,3,107
"1592","Hindi",1,1873,0,"No",100,0,0,2,1,2,1,1,1,1,2,3,2,NA,1,8
"1593","Hindi",1,2002,0,"Yes",100,0,0,1,4,1,1,1,3,1,1,1,1,1,1,42
"1594","Telugu",1,1990,0,"Yes",100,0,0,2,1,2,2,3,3,3,2,3,3,3,2,23
"1595","Telugu",1,2010,0,"No",100,0,0,3,1,3,3,3,3,2,3,2,3,2,3,21
"1596","Hindi",1,2003,0,"Yes",100,0,0,1,4,1,4,1,3,1,1,1,1,4,1,39
"1597","Telugu",1,1998,0,"No",100,0,0,4,3,2,1,2,3,2,3,1,3,1,3,24
"1598","Kannada",1,2000,0,"Yes",100,0,0,2,1,2,1,3,1,2,1,1,1,1,1,15
"1599","Telugu",2,1998,0,"No",100,0,0,1,4,4,4,1,3,4,4,1,1,2,4,107
"1600","Telugu",1,1980,0,"No",100,0,0,1,3,3,3,3,3,3,2,4,1,4,3,26
"1601","Hindi",1,1997,0,"No",90,0,10,2,1,1,1,1,1,4,3,1,4,3,1,5
"1602","Hindi",1,1990,0,"No",100,0,0,1,4,3,4,4,3,4,4,1,1,4,4,106
"1603","Hindi",1,2010,0,"No",100,0,0,3,1,3,3,1,1,1,4,1,1,1,1,5
"1604","Hindi",4,2005,0,"No",100,0,0,1,1,3,1,1,3,3,2,3,2,1,2,12
"1605","Tamil",1,1996,0,"No",100,0,0,2,2,1,1,2,1,1,1,1,1,1,1,15
"1606","Tamil",1,2000,0,"No",100,0,0,2,2,3,2,3,2,2,4,2,3,2,3,35
"1607","Hindi",1,1984,0,"No",100,0,0,2,1,1,1,4,1,1,1,1,1,1,1,6
"1608","Tamil",1,1882,0,"Yes",100,0,0,2,1,3,1,1,1,1,1,1,1,1,1,15
"1609","Hindi",1,1999,0,"Yes",100,0,0,1,2,1,2,1,1,1,1,2,2,1,1,20
"1610","Hindi",1,2005,0,"Yes",100,0,0,2,1,2,2,2,2,2,1,2,3,1,2,28
"1611","Hindi",2,1998,0,"No",100,0,0,1,2,1,2,4,2,2,1,1,2,2,1,30
"1612","Hindi",1,2000,0,"No",100,0,0,1,1,2,1,1,1,2,2,1,1,1,1,34
"1613","Hindi",2,2003,0,"No",100,0,0,1,2,1,2,4,2,3,1,1,1,1,1,30
"1614","Hindi",2,1991,0,"No",100,0,0,1,2,1,2,2,2,4,1,1,1,1,1,24
"1615","Hindi",2,2002,0,"No",100,0,0,1,2,1,2,3,2,3,3,1,1,1,1,20
"1616","Hindi",3,1991,0,"No",100,0,0,2,1,2,1,2,2,2,1,2,1,4,1,26
"1617","Kannada",1,2003,0,"No",100,0,0,2,2,1,1,NA,1,3,1,1,1,1,2,5
"1618","Hindi",1,2011,1,"No",100,0,0,1,1,1,1,1,1,2,1,1,3,1,1,5
"1619","Hindi",1,2006,0,"No",100,0,0,1,1,1,1,1,1,1,3,1,4,1,1,5
"1620","Tamil",1,1995,0,"Yes",100,0,0,4,2,1,1,1,1,1,1,1,1,1,1,60
"1621","Kannada",1,2005,0,"No",100,0,0,1,1,1,1,NA,2,1,1,1,1,1,2,7
"1622","Hindi",1,2002,0,"Yes",100,0,0,4,3,2,1,1,1,1,1,1,1,1,1,6
"1623","Hindi",1,2006,0,"No",100,0,0,1,1,1,1,1,1,2,1,1,4,1,1,10
"1624","Telugu",1,2003,0,"Yes",100,0,0,4,1,3,1,1,1,2,1,1,1,1,1,5
"1625","Hindi",1,2010,0,"No",100,0,0,3,2,3,3,2,2,2,3,2,2,2,3,5
"1626","Hindi",2,1991,0,"No",100,0,0,4,2,1,2,4,2,3,1,1,1,1,1,30
"1627","Hindi",2,2011,0,"No",100,0,0,2,1,2,1,2,2,2,1,2,1,4,2,38
"1628","Hindi",2,1990,0,"Yes",100,0,0,1,2,3,4,4,3,4,3,1,1,4,2,10
"1629","Hindi",1,2001,0,"No",100,0,0,2,2,2,1,2,2,2,2,2,2,1,2,7
"1630","Hindi",1,2013,1,"Yes",100,0,0,2,2,1,2,2,1,2,3,2,1,4,1,6
"1631","Hindi",1,1994,0,"No",100,0,0,2,1,2,1,2,2,2,3,1,3,1,2,15
"1632","Hindi",1,2005,0,"Yes",100,0,0,2,1,3,2,4,4,1,2,1,1,4,4,8
"1633","Hindi",1,2000,0,"No",100,0,0,1,2,1,2,2,2,2,1,2,2,1,1,12
"1634","Hindi",1,2010,0,"Yes",100,0,0,1,1,2,1,2,1,1,2,2,2,2,1,100
"1635","Hindi",1,2003,0,"No",100,0,0,1,1,2,1,1,1,1,3,3,4,1,1,5
"1636","Hindi",1,2002,0,"Yes",100,0,0,2,1,1,2,1,2,2,1,3,4,1,1,115
"1637","Hindi",1,2006,0,"No",100,0,0,4,1,2,1,1,1,1,2,1,1,1,1,8
"1638","Hindi",1,2012,0,"No",100,0,0,2,2,2,2,1,1,1,2,3,4,3,2,3
"1639","Hindi",1,2012,0,"Yes",100,0,0,2,1,4,2,3,4,1,4,1,1,1,3,27
"1640","Kannada",1,2005,0,"No",100,0,0,2,2,2,2,NA,NA,3,1,1,1,1,2,6
"1641","Hindi",1,2012,0,"Yes",100,0,0,2,2,2,2,2,1,1,2,1,4,3,2,5
"1642","Hindi",1,2013,0,"Yes",100,0,0,1,1,1,1,1,1,1,1,1,3,1,1,15
"1643","Hindi",1,2007,1,"Yes",100,0,0,1,1,1,1,1,2,2,4,1,3,1,1,25
"1644","Hindi",2,1991,0,"No",100,0,0,2,1,2,1,2,2,4,2,1,1,2,1,26
"1645","Hindi",1,2012,0,"Yes",100,0,0,2,2,2,2,2,1,1,2,3,4,3,2,8
"1646","Kannada",1,2007,0,"No",100,0,0,1,1,1,1,1,1,1,1,1,1,1,1,5
"1647","Hindi",1,2007,1,"Yes",100,0,0,1,1,1,1,1,1,1,2,4,1,1,2,10
"1648","Hindi",1,2003,0,"No",100,0,0,1,1,2,1,1,1,1,3,3,1,1,1,5
"1649","Kannada",1,2007,0,"No",100,0,0,1,1,1,1,NA,1,2,1,1,1,1,2,5
"1650","Hindi",1,2004,0,"Yes",100,0,0,2,2,1,2,2,1,2,4,2,1,3,1,32
"1651","Hindi",1,1965,0,"No",100,0,0,1,1,1,1,1,1,1,4,1,1,NA,1,5
"1652","Tamil",1,2012,0,"No",100,0,0,2,2,2,1,3,3,2,3,3,3,2,3,7
"1653","Hindi",1,2009,0,"Yes",100,0,0,2,2,3,4,4,3,4,3,1,1,1,3,10
"1654","Tamil",1,2009,0,"No",100,0,0,4,2,3,2,2,3,3,3,1,3,1,3,15
"1655","Telugu",1,2001,0,"Yes",100,0,0,1,3,4,3,3,3,3,3,4,1,4,3,107
"1656","Hindi",1,2005,0,"No",100,0,0,2,1,1,1,2,2,1,3,2,4,1,1,6
"1657","Hindi",1,1999,0,"No",100,0,0,2,2,1,1,1,1,1,1,1,1,1,1,25
"1658","Hindi",1,1990,0,"Yes",70,30,0,3,1,2,2,4,3,3,3,3,3,2,3,10
"1659","Hindi",1,2007,0,"No",100,0,0,1,1,2,1,1,1,1,3,2,1,1,1,14
"1660","Tamil",1,2000,0,"No",100,0,0,3,2,3,2,3,3,3,2,1,2,1,3,8
"1661","Tamil",1,2013,0,"No",100,0,0,4,2,2,1,2,1,2,3,2,3,2,3,7
"1662","Kannada",1,2005,0,"No",100,0,0,2,2,2,2,NA,NA,2,1,1,1,1,2,5
"1663","Hindi",1,2003,0,"No",100,0,0,1,2,1,1,1,1,1,1,1,1,1,1,5
"1664","Kannada",1,2007,0,"No",100,0,0,1,1,1,1,NA,1,2,1,1,1,1,2,5
"1665","Hindi",1,2007,0,"No",100,0,0,2,1,1,1,3,1,3,4,1,4,1,1,5
"1666","Hindi",1,1999,0,"Yes",100,0,0,1,2,1,2,1,3,1,1,2,2,1,1,24
"1667","Kannada",1,2006,0,"No",100,0,0,1,2,2,2,2,3,3,1,1,1,1,2,6
"1668","Hindi",1,2007,0,"Yes",100,0,0,1,1,1,1,1,1,3,2,1,1,1,1,5
"1669","Hindi",1,2005,0,"No",100,0,0,1,1,1,1,1,1,2,2,4,2,1,2,6
"1670","Hindi",1,2005,0,"Yes",100,0,0,2,2,2,2,2,2,2,2,1,4,1,2,8
"1671","Hindi",4,2009,0,"Yes",100,0,0,2,2,4,2,3,4,4,3,4,1,1,2,8
"1672","Hindi",1,2005,0,"No",100,0,0,1,2,1,1,1,1,1,1,1,1,1,1,5
"1673","Tamil",1,2011,1,"No",100,0,0,4,1,3,1,2,3,2,3,2,3,2,2,7
"1674","Hindi",1,1999,0,"No",100,0,0,4,2,1,2,2,2,2,1,2,1,2,1,30
"1675","Hindi",1,2001,0,"No",100,0,0,1,1,1,1,1,1,1,1,1,1,1,1,5
"1676","Hindi",1,1999,0,"No",100,0,0,2,1,1,1,1,1,1,2,2,1,1,1,30
"1677","Kannada",1,2004,0,"No",100,0,0,3,2,2,2,NA,1,2,1,1,1,1,1,5
"1678","Hindi",1,2003,1,"Yes",100,0,0,2,2,1,2,2,1,1,2,2,4,3,1,12
"1679","Tamil",1,2013,0,"Yes",100,0,0,3,2,1,1,1,1,1,1,1,1,1,1,5
"1680","Tamil",1,1997,0,"No",100,0,0,3,1,3,3,2,2,2,2,1,1,1,3,6
"1681","Tamil",1,2006,0,"No",100,0,0,3,1,4,2,3,1,3,3,2,3,2,3,26
"1682","Hindi",1,2008,0,"Yes",100,0,0,3,1,2,2,3,2,2,3,3,3,2,2,5
"1683","Hindi",2,2009,0,"No",100,0,0,2,1,2,2,1,1,2,3,2,4,4,1,16
"1684","Tamil",1,2012,1,"No",100,0,0,3,2,4,3,2,3,3,3,3,3,2,3,8
"1685","Hindi",1,2006,0,"No",100,0,0,2,1,2,1,2,2,3,4,1,3,2,2,7
"1686","Hindi",1,1994,0,"No",100,0,0,2,1,2,1,1,1,1,1,1,1,1,1,20
"1687","Hindi",1,2007,0,"No",100,0,0,1,1,1,1,2,2,2,3,1,3,1,1,15
"1688","Hindi",1,2003,0,"No",100,0,0,1,1,1,1,1,1,2,1,1,1,NA,1,6
"1689","Hindi",1,2001,0,"No",100,0,0,2,1,1,1,1,1,3,3,3,2,1,1,5
"1690","Hindi",1,2002,0,"Yes",100,0,0,1,1,1,1,1,1,1,2,1,1,1,1,6
"1691","Kannada",1,2006,0,"No",100,0,0,2,2,2,2,2,2,2,2,1,1,1,2,8
"1692","Hindi",1,1989,0,"No",100,0,0,1,1,1,1,1,1,1,3,2,1,1,1,6
"1693","Hindi",1,2004,0,"Yes",100,0,0,1,1,1,1,1,1,1,1,1,1,3,4,7
"1694","Kannada",1,2002,0,"No",100,0,0,2,2,2,2,NA,1,3,1,1,1,1,2,5
"1695","Kannada",1,2006,0,"No",100,0,0,3,2,2,2,NA,1,2,1,1,1,1,2,6
"1696","Hindi",1,2010,0,"No",100,0,0,1,1,1,1,1,1,1,1,1,4,1,1,5
"1697","Hindi",1,1993,1,"No",100,0,0,4,1,1,1,1,1,4,1,4,1,1,4,3
"1698","Hindi",1,2009,0,"Yes",100,0,0,2,2,1,2,2,1,1,4,4,1,3,3,6
"1699","Hindi",2,2008,0,"No",100,0,0,1,1,1,2,2,1,1,3,4,3,2,1,15
"1700","Hindi",1,2008,0,"No",100,0,0,1,1,2,1,2,2,3,3,1,3,1,1,5
"1701","Kannada",1,2003,0,"No",100,0,0,2,2,2,2,NA,1,2,1,1,1,1,2,4
"1702","Kannada",1,2005,0,"No",100,0,0,2,2,2,2,NA,1,2,1,1,1,1,2,5
"1703","Hindi",1,1991,0,"No",100,0,0,1,1,1,1,1,1,1,2,2,1,2,1,16
"1704","Hindi",2,1988,0,"Yes",60,0,40,1,1,2,2,1,1,1,2,1,4,3,1,40
"1705","Telugu",1,1992,0,"Yes",100,0,0,2,1,2,1,1,1,1,1,1,1,1,1,6
"1706","Telugu",1,1992,0,"Yes",100,0,0,2,1,2,1,2,2,2,2,2,2,2,2,5
"1707","Hindi",1,1993,0,"No",100,0,0,2,1,1,1,2,2,2,2,2,3,3,1,35
"1708","Hindi",1,1994,1,"Yes",100,0,0,1,1,1,1,1,1,1,4,3,3,1,3,50
"1709","Kannada",1,2004,0,"No",100,0,0,2,2,2,2,NA,1,2,1,1,1,1,2,7
"1710","Hindi",1,2012,0,"Yes",100,0,0,1,1,1,1,1,1,1,1,1,1,1,1,7
"1711","Hindi",1,2011,0,"No",100,0,0,1,1,1,1,1,1,1,3,2,1,1,1,5
"1712","Hindi",1,2004,0,"Yes",0,0,100,2,2,2,2,2,1,2,4,2,1,2,2,6
"1713","Hindi",1,2010,0,"Yes",100,0,0,1,1,1,1,3,1,3,2,3,4,1,2,7
"1714","Hindi",1,1999,0,"No",100,0,0,3,2,2,2,1,2,2,2,1,3,2,3,121
"1715","Hindi",1,2004,0,"No",100,0,0,2,1,2,2,2,3,4,1,3,1,3,3,12
"1716","Hindi",2,1994,0,"Yes",0,0,100,1,2,1,2,2,2,3,1,1,1,1,1,20
"1717","Hindi",1,2004,0,"Yes",100,0,0,1,1,1,1,1,1,1,1,1,2,1,1,118
"1718","Telugu",3,2013,0,"Yes",100,0,0,2,1,2,3,3,2,3,1,1,1,2,1,10
"1719","Hindi",1,2009,0,"No",100,0,0,2,2,2,2,3,3,3,2,2,4,1,2,12
"1720","Gujarati",1,2004,0,"Yes",100,0,0,1,1,2,1,1,1,1,1,1,1,1,2,5
"1721","Hindi",1,1996,0,"No",100,0,0,3,2,1,2,2,2,2,1,1,2,1,1,20
"1722","Hindi",1,1991,0,"No",100,0,0,1,1,2,1,2,1,1,3,1,3,1,1,26
"1723","Telugu",10,2007,0,"Yes",100,0,0,1,3,4,3,4,3,3,2,4,1,4,4,24
"1724","Hindi",1,1996,0,"No",100,0,0,1,2,1,2,2,2,3,1,1,4,1,1,26
"1725","Telugu",5,2000,0,"Yes",100,0,0,3,1,2,1,1,1,1,1,1,1,1,1,22
"1726","Hindi",1,2007,0,"Yes",100,0,0,4,2,2,2,2,1,1,2,4,4,4,2,10
"1727","Hindi",1,2002,0,"Yes",100,0,0,1,1,1,1,1,1,2,2,2,2,2,1,29
"1728","Telugu",1,2002,0,"No",100,0,0,3,2,4,3,3,2,2,2,1,3,1,2,6
"1729","Kannada",1,2002,0,"Yes",100,0,0,2,1,1,1,NA,1,1,1,1,1,1,1,12
"1730","Hindi",10,1999,0,"Yes",100,0,0,1,2,1,2,1,1,1,1,2,2,1,1,26
"1731","Telugu",2,2008,0,"Yes",100,0,0,4,3,3,2,3,2,1,3,1,3,2,3,104
"1732","Hindi",1,2006,1,"Yes",100,0,0,1,1,1,1,1,1,1,3,2,3,2,1,12
"1733","Telugu",7,2004,0,"Yes",100,0,0,1,4,3,3,4,2,2,3,4,4,1,3,103
"1734","Kannada",1,2002,0,"Yes",100,0,0,1,1,1,1,NA,1,1,1,1,1,1,1,15
"1735","Telugu",6,2011,0,"Yes",100,0,0,4,1,3,2,3,2,1,3,1,3,2,3,103
"1736","Gujarati",1,2003,0,"Yes",100,0,0,2,2,1,1,NA,1,1,1,1,1,1,1,16
"1737","Gujarati",1,1998,0,"Yes",100,0,0,1,1,2,1,1,1,1,3,4,1,3,2,6
"1738","Gujarati",1,2005,0,"Yes",100,0,0,1,1,2,1,1,1,1,4,1,1,1,2,15
"1739","Telugu",1,2001,0,"Yes",100,0,0,2,1,2,2,2,2,3,2,1,2,1,2,8
"1740","Telugu",1,2002,0,"Yes",100,0,0,1,3,3,2,4,1,1,3,4,1,4,1,159
"1741","Hindi",2,2000,0,"Yes",100,0,0,1,1,1,1,3,1,1,3,3,3,3,1,35
"1742","Hindi",2,1991,0,"No",100,0,0,1,2,1,2,2,1,3,2,1,1,1,1,20
"1743","Hindi",1,2000,0,"Yes",100,0,0,1,1,1,1,2,1,2,2,3,3,1,3,7
"1744","Kannada",2,2006,0,"Yes",100,0,0,2,1,1,1,NA,1,1,1,1,1,1,1,12
"1745","Hindi",1,2009,0,"Yes",100,0,0,2,2,2,2,2,1,1,2,3,1,3,2,5
"1746","Kannada",1,2004,0,"Yes",100,0,0,1,1,1,1,1,1,1,1,1,1,1,1,20
"1747","Hindi",1,2002,0,"No",100,0,0,2,1,1,1,1,2,1,4,1,1,3,1,6
"1748","Kannada",1,2004,0,"No",100,0,0,2,2,2,2,2,1,2,1,1,1,1,2,5
"1749","Hindi",2,2012,0,"No",100,0,0,3,1,2,2,3,2,3,3,2,3,2,3,2
"1750","Tamil",4,2011,0,"Yes",100,0,0,2,2,1,1,2,1,1,1,1,2,1,1,10
"1751","Telugu",1,2007,0,"Yes",100,0,0,4,2,3,2,3,2,2,3,1,3,2,3,26
"1752","Hindi",2,1996,0,"Yes",100,0,0,1,2,1,2,1,1,2,1,2,1,1,1,30
"1753","Hindi",1,2013,0,"No",100,0,0,1,1,1,1,1,1,1,1,1,1,1,1,8
"1754","Hindi",1,2002,0,"Yes",100,0,0,2,2,1,2,2,1,1,4,2,1,3,1,8
"1755","Hindi",1,1994,0,"Yes",100,0,0,1,1,1,1,1,1,1,4,1,4,2,1,42
"1756","Telugu",1,2013,0,"Yes",100,0,0,1,4,3,3,4,2,2,3,4,4,1,3,27
"1757","Hindi",4,2008,0,"No",100,0,0,1,1,1,1,3,1,3,4,1,4,1,1,6
"1758","Tamil",1,2001,0,"No",100,0,0,1,1,3,2,4,2,3,4,3,1,1,3,15
"1759","Kannada",1,2007,0,"Yes",100,0,0,2,1,1,1,NA,1,1,1,1,1,1,1,12
"1760","Hindi",3,2001,1,"Yes",100,0,0,1,2,1,1,1,1,1,1,2,3,2,1,400
"1761","Hindi",1,1996,0,"No",100,0,0,1,2,1,2,2,2,2,1,1,2,2,1,30
"1762","Hindi",2,2001,1,"Yes",100,0,0,1,1,1,1,2,1,2,3,2,4,2,1,400
"1763","Hindi",1,2002,0,"Yes",100,0,0,3,1,1,NA,1,1,1,3,1,4,3,1,28
"1764","Hindi",14,2004,0,"Yes",100,0,0,1,1,1,1,1,1,1,1,2,1,1,1,15
"1765","Telugu",1,2008,0,"Yes",100,0,0,2,1,2,3,3,2,2,2,1,1,1,2,15
"1766","Telugu",2,2004,0,"Yes",100,0,0,1,4,3,2,4,2,2,2,4,1,4,3,120
"1767","Hindi",1,2011,0,"Yes",100,0,0,1,1,1,1,1,1,1,1,4,1,2,NA,12
"1768","Kannada",1,2008,0,"Yes",100,0,0,2,1,1,1,NA,1,1,1,1,1,1,1,12
"1769","Telugu",2,2008,0,"Yes",100,0,0,4,3,3,3,3,3,3,2,1,2,1,2,21
"1770","Gujarati",1,2008,0,"Yes",100,0,0,2,1,1,1,NA,1,2,1,1,1,1,1,12
"1771","Hindi",5,2013,1,"Yes",100,0,0,3,2,2,3,1,1,1,2,4,1,1,1,5
"1772","Hindi",1,1998,0,"No",100,0,0,2,1,1,1,2,1,1,2,4,3,1,1,30
"1773","Kannada",1,2007,0,"Yes",100,0,0,2,1,1,1,NA,1,1,1,1,1,1,1,12
"1774","Telugu",4,2002,0,"Yes",100,0,0,1,3,3,1,2,2,2,1,1,1,1,3,102
"1775","Hindi",1,1991,0,"No",100,0,0,2,2,2,2,2,2,1,3,1,2,2,1,22
"1776","Hindi",1,1997,0,"No",100,0,0,2,2,2,1,2,2,2,2,2,2,1,2,16
"1777","Telugu",2,2003,0,"Yes",100,0,0,4,1,1,1,3,3,2,2,1,2,1,3,107
"1778","Hindi",1,2003,0,"Yes",100,0,0,1,1,1,1,1,1,1,4,1,4,1,1,15
"1779","Hindi",1,2012,0,"No",100,0,0,4,1,1,1,1,1,3,1,1,1,1,1,6
"1780","Hindi",24,2006,0,"Yes",100,0,0,2,1,2,1,1,1,1,1,4,1,4,1,60
"1781","Telugu",2,2001,0,"Yes",100,0,0,3,2,2,1,2,2,2,2,1,1,1,2,5
"1782","Hindi",4,2009,1,"Yes",100,0,0,3,1,1,1,2,1,1,4,1,4,1,1,12
"1783","Tamil",6,2001,1,"Yes",100,0,0,1,2,2,2,4,3,3,4,3,1,3,3,36
"1784","Kannada",1,2005,0,"Yes",100,0,0,2,1,1,1,1,1,1,1,1,1,1,1,6
"1785","Hindi",1,2005,0,"Yes",100,0,0,3,2,1,1,1,2,2,2,1,1,1,4,10
"1786","Hindi",1,2011,0,"Yes",100,0,0,2,2,2,2,2,1,2,2,1,1,1,2,4
"1787","Hindi",4,2007,0,"Yes",100,0,0,4,1,1,1,2,1,1,4,1,4,1,1,11
"1788","Tamil",30,2008,0,"Yes",100,0,0,2,2,1,1,1,1,1,1,1,1,1,1,5
"1789","Hindi",1,1994,0,"Yes",100,0,0,1,1,2,1,1,2,1,1,1,2,1,1,10
"1790","Hindi",1,2003,0,"No",100,0,0,4,1,1,2,2,2,2,3,4,1,2,1,6
"1791","Gujarati",1,2007,1,"Yes",100,0,0,1,1,1,1,2,2,1,2,2,3,3,1,15
"1792","Hindi",4,2011,0,"Yes",100,0,0,1,4,1,4,4,3,3,4,1,1,4,4,103
"1793","Tamil",20,2008,0,"Yes",100,0,0,3,3,1,1,1,1,1,1,1,1,1,1,10
"1794","Kannada",1,2006,0,"Yes",100,0,0,2,1,1,1,NA,1,2,1,1,1,1,1,12
"1795","Telugu",15,2010,0,"Yes",100,0,0,1,4,3,3,1,3,2,2,4,1,4,3,24
"1796","Hindi",1,1980,0,"No",100,0,0,2,1,1,1,1,1,1,1,1,4,1,1,5
"1797","Hindi",1,2004,1,"Yes",100,0,0,1,1,1,1,1,1,NA,3,1,1,1,3,7
"1798","Telugu",15,2008,0,"Yes",100,0,0,1,3,3,3,4,2,2,2,4,1,4,2,23
"1799","Hindi",4,2012,0,"Yes",100,0,0,1,4,4,4,1,3,4,4,1,4,4,4,23
"1800","Hindi",1,2004,1,"Yes",100,0,0,1,1,1,1,1,1,1,3,3,3,2,1,20
"1801","Hindi",2,2005,0,"No",100,0,0,1,1,1,2,4,2,2,1,1,2,2,1,30
"1802","Hindi",2,2004,1,"Yes",100,0,0,2,1,NA,4,4,3,4,4,4,4,2,1,150
"1803","Hindi",3,2011,0,"Yes",100,0,0,1,4,3,2,3,2,2,4,1,1,4,4,103
"1804","Hindi",4,2007,0,"Yes",100,0,0,2,1,2,1,1,1,1,4,1,1,1,1,10
"1805","Hindi",2,2005,0,"Yes",100,0,0,1,1,1,1,2,1,1,2,2,2,2,1,22
"1806","Hindi",1,2001,0,"No",100,0,0,2,1,2,2,2,1,2,2,1,3,1,2,131
"1807","Hindi",1,2004,0,"Yes",100,0,0,1,1,1,1,1,1,1,3,1,4,1,1,8
"1808","Hindi",1,2000,0,"No",100,0,0,1,1,2,1,2,1,2,4,1,3,1,1,28
"1809","Hindi",1,2000,0,"Yes",100,0,0,1,1,1,1,4,1,1,3,2,3,2,1,38
"1810","Hindi",1,1999,1,"Yes",100,0,0,2,1,2,2,2,2,3,2,4,4,1,2,45
"1811","Hindi",1,1999,0,"No",100,0,0,1,1,2,1,1,1,2,1,1,1,1,1,26
"1812","Hindi",1,1998,0,"No",100,0,0,1,2,1,2,2,2,4,1,2,2,2,2,24
"1813","Hindi",1,1991,0,"No",100,0,0,1,2,1,2,4,2,3,1,1,1,1,1,20
"1814","Hindi",1,1998,0,"No",100,0,0,2,1,1,1,1,1,1,1,2,2,2,1,40
"1815","Kannada",1,2008,0,"Yes",100,0,0,2,2,3,2,2,1,2,1,2,2,2,1,16
"1816","Hindi",1,2011,0,"Yes",100,0,0,1,1,1,3,1,1,1,3,1,1,1,1,8
"1817","Telugu",1,2008,0,"Yes",100,0,0,1,4,3,3,4,2,2,1,4,1,4,3,29
"1818","Telugu",13,2010,0,"Yes",100,0,0,1,2,4,2,3,2,2,3,4,1,4,4,23
"1819","Kannada",1,2008,0,"Yes",100,0,0,2,1,2,2,3,1,2,2,2,1,2,2,25
"1820","Hindi",2,2005,0,"Yes",100,0,0,1,1,1,1,1,1,1,2,1,1,1,1,9
"1821","Telugu",1,2013,0,"Yes",100,0,0,2,1,2,3,3,2,3,1,1,1,1,1,5
"1822","Telugu",10,2008,0,"Yes",100,0,0,1,3,3,2,1,2,2,1,4,4,1,3,26
"1823","Hindi",7,2012,0,"Yes",100,0,0,1,4,3,3,3,2,1,3,4,1,4,4,26
"1824","Telugu",1,2009,0,"Yes",100,0,0,3,1,2,1,2,2,3,2,2,2,2,2,7
"1825","Telugu",2,2002,0,"Yes",100,0,0,2,1,2,2,2,2,2,1,3,2,2,2,24
"1826","Telugu",1,2005,0,"Yes",100,0,0,2,1,3,2,2,3,2,3,1,3,1,4,30
"1827","Hindi",2,2004,1,"Yes",100,0,0,2,1,NA,4,3,3,1,4,4,4,2,4,350
"1828","Hindi",11,2011,1,"Yes",100,0,0,1,1,2,2,3,2,3,3,2,3,2,3,5
"1829","Telugu",1,2007,0,"Yes",100,0,0,4,2,3,2,4,3,3,2,1,2,1,3,23
"1830","Hindi",1,1985,0,"Yes",100,0,0,1,1,2,1,1,2,1,1,1,2,1,1,NA
"1831","Gujarati",1,2011,0,"Yes",100,0,0,1,1,2,1,1,1,4,1,1,1,1,2,7
"1832","Tamil",1,2005,1,"Yes",100,0,0,2,2,1,1,1,1,1,1,1,4,1,1,300
"1833","Hindi",1,2003,0,"Yes",100,0,0,1,1,2,2,2,2,2,2,1,4,1,3,28
"1834","Kannada",1,2004,0,"Yes",100,0,0,2,1,2,1,2,1,3,1,1,1,2,1,30
"1835","Gujarati",1,1998,0,"Yes",100,0,0,2,1,2,1,1,1,4,1,1,1,1,2,15
"1836","Hindi",2,1999,0,"Yes",100,0,0,1,2,1,2,1,1,2,1,4,4,1,1,22
"1837","Gujarati",1,1996,0,"Yes",100,0,0,1,1,2,1,2,1,1,1,1,1,1,4,6
"1838","Hindi",1,1990,0,"No",100,0,0,2,1,1,1,1,1,2,2,2,2,NA,1,8
"1839","Tamil",5,2012,0,"No",100,0,0,3,2,3,3,4,2,3,3,4,1,2,3,5
"1840","Hindi",1,2006,0,"Yes",100,0,0,2,2,1,2,1,1,4,4,4,1,3,2,20
"1841","Hindi",1,2006,0,"Yes",100,0,0,1,1,1,2,1,2,2,3,1,2,2,1,16
"1842","Hindi",2,1993,0,"Yes",100,0,0,1,2,1,2,1,1,4,1,2,2,1,1,39
"1843","Tamil",2,2011,0,"Yes",100,0,0,4,2,1,1,1,1,1,1,1,1,1,1,9
"1844","Hindi",1,1998,0,"No",100,0,0,1,1,1,1,1,1,1,3,2,4,2,1,28
"1845","Kannada",7,2003,0,"Yes",100,0,0,2,1,1,1,1,1,1,1,1,1,1,1,8
"1846","Hindi",4,2010,0,"Yes",100,0,0,4,1,1,1,3,1,3,2,1,2,1,2,25
"1847","Kannada",1,2005,0,"Yes",100,0,0,3,1,2,1,1,1,2,2,1,2,1,2,25
"1848","Hindi",1,1991,0,"No",100,0,0,1,2,1,2,4,2,4,1,2,2,2,1,12
"1849","Hindi",7,1999,0,"Yes",100,0,0,1,4,4,4,3,2,4,4,1,1,4,3,112
"1850","Telugu",5,2011,0,"Yes",100,0,0,2,1,2,1,3,2,2,2,2,4,3,2,60
"1851","Tamil",2,2012,1,"Yes",100,0,0,2,2,1,1,1,1,1,1,1,1,1,1,30
"1852","Telugu",1,2006,0,"Yes",100,0,0,2,1,2,1,2,2,2,1,1,1,2,2,10
"1853","Hindi",1,2013,0,"Yes",100,0,0,2,2,1,2,2,1,1,4,1,4,2,1,50
"1854","Kannada",1,2006,1,"Yes",100,0,0,3,1,1,1,1,1,1,3,1,2,1,1,31
"1855","Tamil",1,2011,0,"No",100,0,0,2,2,1,1,1,1,1,1,1,1,1,1,30
"1856","Hindi",1,2003,0,"Yes",100,0,0,2,2,2,2,2,1,2,2,2,4,2,1,11
"1857","Kannada",1,2005,0,"Yes",100,0,0,2,1,2,1,1,1,3,1,2,1,1,2,35
"1858","Telugu",1,2007,0,"Yes",100,0,0,1,4,3,2,3,3,2,2,4,1,4,1,105
"1859","Hindi",4,2008,0,"Yes",100,0,0,1,1,3,1,1,1,1,2,2,1,1,2,24
"1860","Tamil",2,2010,0,"Yes",100,0,0,2,1,1,1,1,1,1,1,2,2,2,1,35
"1861","Hindi",1,1993,0,"No",100,0,0,1,1,1,2,2,2,2,1,2,1,2,4,36
"1862","Hindi",1,2001,0,"No",100,0,0,2,1,2,2,2,1,2,2,1,3,1,2,26
"1863","Telugu",2,2012,0,"Yes",100,0,0,4,1,3,4,1,4,NA,1,4,4,3,3,9
"1864","Telugu",2,2002,0,"Yes",100,0,0,3,2,2,1,3,2,3,3,1,4,1,3,108
"1865","Hindi",2,2000,0,"Yes",100,0,0,1,2,1,2,1,1,1,1,2,2,1,1,24
"1866","Hindi",1,2009,0,"Yes",100,0,0,2,2,2,2,2,1,1,2,3,1,3,2,5
"1867","Kannada",1,2004,0,"Yes",100,0,0,1,1,1,1,NA,1,1,1,1,1,1,1,6
"1868","Kannada",1,2006,0,"Yes",100,0,0,2,1,1,1,NA,1,1,1,1,1,1,1,12
"1869","Kannada",1,2004,0,"Yes",100,0,0,1,1,1,1,1,1,1,3,2,2,2,2,40
"1870","Telugu",1,2011,0,"Yes",100,0,0,3,1,3,2,3,2,1,3,1,2,1,2,23
"1871","Telugu",2,2009,0,"Yes",100,0,0,3,1,2,1,1,2,1,1,1,1,1,2,20
"1872","Telugu",3,2008,0,"Yes",100,0,0,1,1,3,1,3,2,2,3,1,2,1,3,180
"1873","Tamil",30,2007,0,"Yes",100,0,0,2,2,1,1,1,1,1,1,1,1,1,1,10
"1874","Tamil",1,1993,1,"Yes",100,0,0,1,1,4,3,4,3,3,1,4,1,4,3,865
"1875","Hindi",1,2007,0,"Yes",100,0,0,1,1,1,1,1,1,1,2,1,1,1,1,225
"1876","Hindi",1,2002,1,"Yes",100,0,0,2,2,2,2,3,1,2,1,2,1,2,2,64
"1877","Hindi",1,1963,0,"Yes",100,0,0,1,1,1,1,1,1,1,2,1,1,1,2,50
"1878","Kannada",1,2006,0,"Yes",100,0,0,1,1,1,1,1,1,2,1,1,1,1,1,7
"1879","Kannada",1,2006,NA,"Yes",100,0,0,3,1,1,1,2,1,1,1,1,1,1,1,10
"1880","Tamil",1,1993,0,"Yes",100,0,0,2,1,4,2,3,1,2,2,1,2,1,3,26
"1881","Tamil",1,1999,0,"Yes",100,0,0,1,1,3,2,3,1,2,3,3,1,3,2,24
"1882","Tamil",1,1995,0,"Yes",100,0,0,2,1,3,3,2,1,3,3,1,4,1,1,28
"1883","Hindi",1,2011,0,"Yes",100,0,0,4,2,1,2,1,1,1,3,2,3,2,1,12
"1884","Hindi",1,1990,0,"Yes",100,0,0,2,2,2,2,2,3,2,2,4,4,2,2,20
"1885","Hindi",1,1999,0,"No",100,0,0,1,1,4,NA,1,1,1,3,1,1,NA,2,8
"1886","Hindi",1,1998,1,"Yes",100,0,0,2,2,2,1,1,2,4,3,3,1,1,3,1500
"1887","Hindi",3,1993,0,"No",100,0,0,3,3,4,2,1,4,1,1,4,1,1,1,200
"1888","Hindi",1,2001,0,"No",100,0,0,1,1,NA,1,1,3,1,3,1,1,1,1,6
"1889","Hindi",1,1983,0,"Yes",100,0,0,1,1,1,1,1,1,1,1,1,1,1,1,45
"1890","Hindi",6,1960,0,"Yes",100,0,0,1,4,NA,3,1,1,3,2,4,4,NA,3,10
"1891","Hindi",1,1996,0,"Yes",100,0,0,1,2,1,1,1,2,1,2,1,1,1,1,20
"1892","Tamil",1,1994,0,"Yes",100,0,0,1,1,2,3,1,4,1,4,2,3,2,1,25
"1893","Hindi",1,1968,0,"No",100,0,0,1,1,NA,1,NA,1,2,1,2,4,1,1,20
"1894","Tamil",1,1980,0,"No",100,0,0,1,1,2,1,1,3,2,3,2,2,1,1,8
"1895","Hindi",1,1987,0,"Yes",100,0,0,1,1,NA,1,1,1,2,1,3,2,1,1,120
"1896","Hindi",4,1988,0,"No",100,0,0,3,3,NA,NA,3,3,3,2,3,2,3,NA,200
"1897","Hindi",2,1999,0,"No",100,0,0,1,2,1,2,1,1,1,1,2,2,1,1,26
"1898","Hindi",1,1998,0,"No",100,0,0,1,2,1,1,2,2,2,1,2,2,1,1,26
"1899","Hindi",1,2004,0,"No",100,0,0,1,2,1,2,2,2,2,1,1,2,2,1,120
"1900","Hindi",1,1975,0,"No",100,0,0,2,1,2,1,2,2,2,3,2,3,2,2,22
"1901","Gujarati",1,2001,0,"No",100,0,0,1,1,2,2,2,1,2,2,1,1,1,3,28
"1902","Hindi",1,1989,1,"No",25,75,0,2,1,3,1,1,1,2,3,2,4,1,1,35
"1903","Hindi",1,1993,0,"Yes",100,0,0,4,1,1,2,2,1,1,3,2,3,2,1,15
"1904","Hindi",1,1986,0,"Yes",70,0,30,2,2,2,2,3,1,3,4,3,4,2,3,8
"1905","Hindi",1,1992,0,"Yes",5,0,95,2,2,2,2,3,2,3,1,3,1,3,2,30
"1906","Hindi",1,1990,0,"Yes",100,0,0,1,1,1,1,1,1,1,2,1,2,1,2,8
"1907","Hindi",1,1998,0,"Yes",100,0,0,1,1,2,2,2,2,1,4,1,1,1,1,7
"1908","Hindi",1,1997,0,"Yes",100,0,0,2,1,1,1,1,4,1,1,2,2,1,1,12
"1909","Hindi",1,2004,0,"Yes",50,0,50,4,2,3,1,2,2,3,3,2,1,1,3,7
"1910","Hindi",1,1982,0,"Yes",100,0,0,3,2,4,3,3,1,4,4,4,1,3,3,18
"1911","Hindi",1,2003,0,"No",100,0,0,2,1,NA,NA,1,1,2,4,1,4,NA,1,5
"1912","Hindi",6,2000,0,"Yes",100,0,0,1,1,1,NA,1,1,1,4,1,2,2,1,11
"1913","Hindi",1,1988,0,"Yes",100,0,0,1,1,1,1,1,1,1,1,1,1,2,1,35
"1914","Tamil",1,1990,1,"Yes",100,0,0,2,2,1,1,1,1,1,1,1,1,1,1,50
"1915","Gujarati",1,2000,1,"Yes",100,0,0,3,1,2,2,2,1,2,3,2,4,3,3,8
"1916","Hindi",1,2007,1,"Yes",100,0,0,2,2,1,2,1,1,2,4,2,1,3,1,14
"1917","Hindi",1,2005,0,"Yes",100,0,0,2,2,2,2,1,1,1,4,1,1,2,2,20
"1918","Hindi",1,1990,1,"Yes",100,0,0,2,2,1,2,2,1,2,2,2,1,3,1,28
"1919","Hindi",3,1985,0,"Yes",100,0,0,1,1,1,1,1,1,4,1,1,2,1,1,7
"1920","Telugu",1,1998,0,"Yes",100,0,0,1,4,2,3,4,2,2,2,4,1,4,1,34
"1921","Telugu",1,1990,0,"Yes",100,0,0,2,1,2,2,3,2,2,2,2,1,1,2,25
"1922","Hindi",1,2009,1,"Yes",80,15,5,1,1,3,2,3,2,1,4,1,2,1,1,45
"1923","Hindi",1,2001,0,"Yes",10,25,65,1,1,4,3,1,1,3,4,1,1,1,2,5
"1924","Hindi",1,1998,1,"No",70,30,0,2,1,3,1,1,1,3,3,3,4,1,1,12
"1925","Hindi",3,2006,0,"Yes",95,5,0,1,1,4,1,1,1,3,3,1,3,1,2,8
"1926","Hindi",2,1983,1,"Yes",100,0,0,1,1,1,1,1,1,1,1,1,4,1,1,7
"1927","Hindi",1,2000,0,"Yes",100,0,0,2,1,2,2,2,2,2,1,2,1,1,3,5
"1928","Hindi",1,1999,0,"Yes",100,0,0,1,1,1,1,1,1,1,3,1,1,1,4,12
"1929","Hindi",1,1993,1,"Yes",100,0,0,1,1,1,2,1,1,2,3,1,4,1,1,8
"1930","Gujarati",1,2004,0,"Yes",100,0,0,1,1,2,1,2,1,1,3,1,1,1,2,5
"1931","Gujarati",1,1994,0,"Yes",100,0,0,1,1,2,1,NA,1,1,1,1,1,1,2,35
"1932","Gujarati",1,2004,0,"No",100,0,0,1,1,2,1,2,1,1,2,1,4,2,4,12
"1933","Gujarati",1,1972,0,"No",100,0,0,2,1,2,1,1,1,1,1,1,1,1,2,12
"1934","Telugu",1,2008,0,"Yes",100,0,0,3,1,2,2,3,2,2,4,1,4,1,2,12
"1935","Hindi",1,2005,0,"Yes",100,0,0,2,2,2,2,1,1,1,4,1,4,4,1,8
"1936","Hindi",1,1992,1,"Yes",100,0,0,2,2,2,3,4,1,2,2,3,2,1,2,110
"1937","Hindi",1,1996,0,"Yes",100,0,0,1,1,2,1,1,1,2,2,1,3,1,2,15
"1938","Hindi",1,2010,0,"No",100,0,0,2,2,2,2,3,3,4,3,2,3,1,2,16
"1939","Hindi",1,1998,0,"No",100,0,0,2,1,1,1,1,1,1,1,1,1,1,1,6
"1940","Hindi",1,1969,0,"Yes",100,0,0,2,1,2,2,2,3,4,3,1,4,1,2,20
"1941","Hindi",1,2002,0,"No",100,0,0,3,2,3,4,2,2,2,2,2,2,1,1,20
"1942","Hindi",1,2002,0,"Yes",100,0,0,2,1,2,2,2,2,2,2,2,3,1,2,46
"1943","Hindi",1,1992,0,"Yes",100,0,0,1,1,2,1,2,2,2,2,1,3,1,2,24
"1944","Hindi",1,1974,1,"Yes",100,0,0,2,1,3,2,3,2,2,3,3,4,2,2,30
"1945","Hindi",1,1995,0,"No",100,0,0,2,1,2,2,2,2,4,3,2,4,1,2,22
"1946","Hindi",1,2010,0,"No",100,0,0,2,1,2,2,2,2,2,2,1,3,1,2,14
"1947","Hindi",1,1943,0,"Yes",100,0,0,1,1,2,2,2,2,2,2,2,4,1,2,12
"1948","Hindi",1,1998,0,"Yes",100,0,0,2,1,2,2,2,2,2,3,4,3,1,2,15
"1949","Kannada",1,2004,0,"Yes",100,0,0,2,1,1,1,NA,1,1,1,1,1,1,1,12
"1950","Kannada",1,2005,0,"Yes",50,50,0,1,1,1,1,1,1,1,1,1,1,1,1,50
"1951","Kannada",1,2005,0,"Yes",100,0,0,2,2,2,2,NA,1,2,1,1,1,1,1,59
"1952","Kannada",1,2005,0,"Yes",100,0,0,1,1,1,1,NA,1,1,1,1,1,1,1,6
"1953","Hindi",1,1983,1,"No",100,0,0,1,1,3,2,3,1,2,3,1,1,1,3,7
"1954","Hindi",4,1980,0,"Yes",100,0,0,3,2,3,2,1,1,2,3,1,3,1,3,22
"1955","Hindi",1,2002,0,"Yes",100,0,0,3,1,1,4,3,1,1,1,1,1,1,1,45
"1956","Hindi",1,1956,0,"Yes",100,0,0,2,1,4,4,4,2,3,4,2,4,1,3,12
"1957","Telugu",4,2006,1,"Yes",100,0,0,1,1,1,3,1,1,4,1,1,4,1,1,6
"1958","Hindi",1,2005,1,"Yes",80,0,20,3,1,1,4,1,1,1,3,1,4,1,1,10
"1959","Hindi",1,1998,0,"No",100,0,0,1,1,1,1,1,1,2,2,1,2,1,1,7
"1960","Hindi",1,2009,0,"Yes",100,0,0,1,1,1,1,1,1,1,3,1,2,1,1,7
"1961","Hindi",1,1990,0,"Yes",100,0,0,1,1,1,NA,1,1,1,4,1,2,NA,1,23
"1962","Hindi",1,1993,1,"No",100,0,0,1,1,1,NA,2,1,1,2,1,2,1,1,20
"1963","Hindi",1,1988,0,"Yes",100,0,0,1,1,1,NA,1,1,2,1,2,2,1,1,48
"1964","Telugu",1,1996,0,"Yes",100,0,0,1,1,1,NA,1,1,1,4,1,2,2,1,12
"1965","Hindi",1,1997,0,"Yes",100,0,0,1,1,1,2,1,1,3,1,1,2,NA,1,7
"1966","Hindi",1,1993,0,"Yes",100,0,0,1,1,1,NA,1,1,2,2,2,2,NA,1,5
"1967","Hindi",1,1990,0,"No",100,0,0,1,1,1,1,1,1,1,1,1,1,NA,1,8
"1968","Hindi",1,2004,0,"Yes",50,50,0,1,1,4,3,2,1,3,3,3,4,1,1,8
"1969","Hindi",2,1989,1,"Yes",40,50,10,2,2,1,1,3,1,3,3,3,2,2,2,100
"1970","Hindi",1,2001,0,"Yes",70,0,30,2,2,2,1,1,1,2,3,3,4,1,1,12
"1971","Hindi",2,2004,0,"Yes",100,0,0,2,2,NA,NA,1,1,1,1,1,1,1,1,5
"1972","Hindi",1,2003,0,"Yes",100,0,0,1,1,2,2,1,1,1,2,2,4,1,1,8
"1973","Hindi",1,1982,0,"Yes",25,0,75,1,1,4,2,1,1,1,2,2,2,1,2,40
"1974","Hindi",1,1996,0,"Yes",0,0,100,1,2,3,2,1,1,1,1,3,1,1,1,10
"1975","Hindi",1,2002,0,"Yes",70,30,0,1,2,2,1,1,1,3,3,1,3,1,2,18
"1976","Hindi",1,1990,0,"Yes",60,30,10,1,3,1,1,4,1,1,3,1,1,1,1,110
"1977","Hindi",1,2003,0,"Yes",10,10,80,1,3,2,3,4,1,3,4,2,3,1,1,18
"1978","Hindi",1,2003,0,"Yes",80,20,0,2,1,2,1,1,1,1,1,1,3,1,1,20
"1979","Hindi",2,1996,0,"No",70,30,0,1,2,3,2,2,1,3,2,1,4,1,2,50
"1980","Hindi",1,1973,0,"Yes",10,40,50,1,1,3,1,1,1,3,3,3,3,1,2,5
"1981","Hindi",2,2010,0,"Yes",20,0,80,1,4,2,3,3,1,2,3,1,4,1,2,6
"1982","Tamil",2,1993,0,"Yes",100,0,0,3,1,2,1,3,3,2,4,1,2,1,1,30
"1983","Hindi",1,1993,0,"Yes",100,0,0,1,1,1,1,4,1,4,1,1,1,1,1,8
"1984","Hindi",1,2005,0,"Yes",100,0,0,4,4,1,4,1,4,1,1,4,4,4,4,6
"1985","Hindi",1,2008,0,"Yes",100,0,0,1,1,1,1,4,4,4,1,4,4,4,4,6
"1986","Hindi",1,2005,0,"No",100,0,0,1,1,1,1,4,4,4,1,4,4,4,1,8
"1987","Hindi",1,1995,0,"Yes",100,0,0,1,1,1,1,1,1,1,1,4,4,4,1,5
"1988","Hindi",1,1962,0,"No",100,0,0,1,1,1,1,1,1,4,1,4,1,1,4,8
"1989","Hindi",1,2007,1,"Yes",100,0,0,1,1,1,4,1,4,4,1,4,4,4,4,6
"1990","Hindi",1,2008,0,"Yes",100,0,0,4,4,1,1,1,4,4,1,1,1,1,1,10
"1991","Hindi",1,2005,0,"No",100,0,0,1,1,1,4,1,1,4,1,4,4,4,4,6
"1992","Hindi",1,2002,0,"Yes",100,0,0,1,1,2,2,1,4,4,1,1,1,4,4,10
"1993","Hindi",1,2007,1,"No",100,0,0,4,1,2,2,1,1,1,1,1,4,1,NA,20
"1994","Hindi",1,1989,0,"No",0,100,0,1,3,1,1,4,2,4,1,1,1,1,3,16
"1995","Hindi",1,1992,0,"Yes",100,0,0,2,2,2,2,1,1,1,2,1,4,2,2,6
"1996","Hindi",1,2006,1,"Yes",100,0,0,2,2,1,2,2,1,2,4,3,4,3,2,7
"1997","Hindi",1,2002,0,"Yes",100,0,0,2,2,2,2,2,1,1,2,3,4,3,2,4
"1998","Hindi",2,1995,0,"No",100,0,0,1,2,2,3,2,2,1,1,2,4,2,1,22
"1999","Hindi",1,1998,0,"No",100,0,0,2,2,2,1,2,2,2,2,2,2,1,2,14
"2000","Hindi",1,1995,1,"Yes",100,0,0,1,1,NA,1,NA,1,1,2,1,1,NA,1,40
"2001","Hindi",1,1991,0,"Yes",100,0,0,1,1,1,2,1,1,1,2,1,2,NA,1,40
"2002","Hindi",1,1992,0,"Yes",100,0,0,1,2,2,1,1,1,1,3,1,1,1,2,20
"2003","Hindi",2,1975,0,"No",100,0,0,2,1,1,1,1,1,1,1,2,2,2,1,12
"2004","Hindi",1,1985,0,"No",100,0,0,1,1,1,1,1,1,1,1,1,3,1,1,20
"2005","Hindi",1,1983,0,"No",100,0,0,2,4,1,1,3,3,1,2,1,3,1,2,10
"2006","Hindi",1,1984,0,"No",100,0,0,2,1,1,1,1,1,3,3,1,4,1,3,7
"2007","Hindi",2,2010,0,"No",100,0,0,2,1,1,1,1,1,2,2,1,3,1,3,5
"2008","Hindi",2,2012,0,"No",100,0,0,2,1,1,1,1,1,1,3,3,4,1,1,6
"2009","Hindi",1,1989,0,"No",100,0,0,2,2,2,1,1,1,1,1,1,1,1,1,12
"2010","Hindi",2,2011,0,"No",100,0,0,2,1,2,2,1,1,3,4,2,4,1,1,8
"2011","Hindi",1,1989,0,"No",100,0,0,3,1,1,1,4,1,3,2,2,3,1,2,10
"2012","Hindi",1,1978,0,"No",100,0,0,2,1,2,2,1,1,3,1,2,4,1,1,12
"2013","Hindi",1,1968,0,"No",100,0,0,2,3,2,2,1,1,3,3,3,1,1,1,16
"2014","Hindi",1,2001,0,"No",100,0,0,4,2,2,1,3,1,4,1,1,4,1,1,20
"2015","Hindi",1,1999,0,"No",100,0,0,3,1,1,1,1,1,1,4,1,1,1,1,8
"2016","Hindi",2,2010,0,"No",100,0,0,2,1,1,1,1,1,1,3,1,4,1,1,12
"2017","Hindi",2,2000,0,"No",100,0,0,2,1,1,1,1,1,2,3,1,3,1,2,40
"2018","Hindi",1,2001,0,"No",100,0,0,2,2,2,1,1,1,1,1,1,3,1,1,12
"2019","Hindi",1,1998,0,"No",100,0,0,1,1,4,4,1,4,4,1,4,4,4,4,18
"2020","Hindi",1,1999,0,"No",100,0,0,1,1,1,1,1,1,1,1,4,4,4,4,8
"2021","Hindi",1,1967,0,"No",100,0,0,1,1,1,1,1,1,4,1,4,4,4,1,12
"2022","Hindi",1,1980,0,"No",100,0,0,1,4,4,4,1,1,4,1,4,3,3,4,15
"2023","Hindi",1,1995,0,"No",100,0,0,1,3,1,4,1,1,4,1,3,4,3,4,13
"2024","Hindi",1,1962,0,"No",100,0,0,1,1,3,3,1,1,4,1,4,4,4,4,8
"2025","Hindi",1,2001,0,"No",100,0,0,1,1,4,3,1,1,1,1,1,1,1,1,10
"2026","Hindi",1,1997,0,"No",100,0,0,1,4,4,4,1,4,4,1,4,4,4,4,19
"2027","Hindi",1,2005,0,"No",100,0,0,1,4,4,4,1,1,1,1,1,1,1,4,11
"2028","Hindi",1,1991,0,"No",100,0,0,1,1,1,1,1,1,4,1,1,1,1,1,8
"2029","Hindi",1,1989,0,"No",100,0,0,1,1,1,1,1,1,4,4,3,3,3,4,19
"2030","Hindi",1,1997,1,"No",100,0,0,1,4,1,4,1,1,4,1,4,4,4,4,8
"2031","Hindi",1,1980,0,"No",100,0,0,1,4,1,1,1,1,1,1,4,4,4,4,7
"2032","Hindi",1,1997,0,"No",100,0,0,1,1,1,4,1,4,1,4,4,4,4,4,16
"2033","Hindi",1,1992,0,"No",100,0,0,1,1,4,4,1,4,4,1,4,4,4,4,12
"2034","Hindi",2,1988,0,"No",100,0,0,1,1,4,4,1,1,1,1,4,1,4,4,19
"2035","Hindi",1,1998,0,"No",100,0,0,1,1,4,4,1,1,4,1,1,1,1,4,15
"2036","Hindi",1,1988,0,"No",100,0,0,1,1,4,4,1,1,4,4,4,4,4,4,12
"2037","Hindi",1,2000,0,"No",100,0,0,1,1,4,4,4,4,4,1,1,1,1,4,13
"2038","Hindi",1,1998,0,"No",100,0,0,1,1,1,1,1,4,1,1,4,4,4,4,13
"2039","Hindi",1,2006,0,"No",100,0,0,1,3,3,3,1,1,4,1,3,3,3,4,12
"2040","Hindi",1,1990,0,"No",100,0,0,1,1,4,4,1,4,4,4,3,3,3,4,13
"2041","Hindi",1,1988,0,"No",100,0,0,1,1,1,4,1,4,4,4,4,4,4,4,14
"2042","Hindi",1,1988,0,"No",100,0,0,1,1,1,1,1,1,1,4,1,1,4,4,8
"2043","Hindi",1,1998,0,"No",100,0,0,1,1,4,4,1,4,1,4,4,4,4,4,16
"2044","Hindi",1,1989,0,"No",100,0,0,1,4,4,4,1,4,1,1,4,4,4,4,15
"2045","Hindi",1,1996,0,"No",100,0,0,1,1,1,4,1,4,1,2,2,1,2,4,24
"2046","Hindi",1,1990,0,"No",100,0,0,1,1,1,1,1,1,1,1,4,4,4,4,6
"2047","Hindi",1,2000,0,"No",100,0,0,1,1,1,4,1,4,1,1,1,1,1,1,12
"2048","Hindi",1,1981,0,"No",100,0,0,1,1,4,3,1,1,1,1,4,4,4,4,10
"2049","Hindi",1,1999,0,"No",100,0,0,1,1,3,3,1,1,4,1,4,4,4,4,10
"2050","Hindi",1,1996,0,"No",100,0,0,1,3,1,4,1,4,1,2,2,1,2,4,12
"2051","Hindi",1,1988,0,"No",100,0,0,1,4,4,4,1,1,4,1,4,4,4,1,10
"2052","Hindi",1,2013,0,"No",100,0,0,1,1,3,3,1,1,1,1,4,4,4,1,12
"2053","Hindi",1,2000,0,"No",100,0,0,1,1,1,4,1,1,4,4,3,4,3,4,12
"2054","Hindi",1,2000,0,"No",100,0,0,1,1,1,4,1,4,4,1,4,4,4,4,12
"2055","Hindi",1,1982,0,"No",100,0,0,1,1,1,4,1,4,1,4,4,4,4,4,16
"2056","Hindi",1,2008,0,"No",100,0,0,1,1,1,1,1,1,1,1,4,4,4,4,12
"2057","Hindi",1,1996,0,"No",100,0,0,1,1,1,4,1,1,4,4,4,4,4,4,15
"2058","Hindi",1,1997,0,"No",100,0,0,1,1,4,4,1,1,1,1,1,1,1,4,10
"2059","Hindi",1,1989,0,"No",100,0,0,1,1,4,4,4,1,4,1,4,4,4,4,19
"2060","Hindi",1,1988,0,"No",100,0,0,1,1,1,4,1,4,1,1,4,4,4,4,35
"2061","Hindi",1,1998,0,"No",100,0,0,1,1,1,4,1,1,3,2,2,2,2,4,26
"2062","Hindi",1,1979,0,"No",100,0,0,1,1,1,4,1,1,1,4,4,4,4,4,26
"2063","Hindi",1,1969,0,"No",100,0,0,1,2,4,1,3,4,2,3,2,4,3,1,10
"2064","Gujarati",1,2004,0,"No",100,0,0,3,1,2,1,1,1,1,2,1,1,1,1,10
"2065","Tamil",1,1985,0,"No",100,0,0,4,1,1,1,1,1,1,1,3,1,1,1,35
"2066","Hindi",1,2006,0,"Yes",100,0,0,1,1,1,1,2,3,2,3,2,2,1,4,35
"2067","Hindi",5,1972,0,"No",100,0,0,4,1,1,4,4,1,3,1,4,4,4,1,16
"2068","Tamil",1,2005,0,"No",100,0,0,4,1,1,1,1,1,2,1,1,2,1,3,25
"2069","Tamil",1,1989,0,"No",100,0,0,3,1,1,1,1,1,1,4,1,2,1,1,36
"2070","Hindi",2,1974,0,"Yes",100,0,0,1,1,3,2,4,1,1,1,1,1,1,2,8
"2071","Tamil",1,1996,0,"No",100,0,0,2,1,3,1,1,2,1,4,1,2,1,2,30
"2072","Hindi",1,2009,0,"No",100,0,0,1,1,1,1,1,1,2,1,2,4,1,2,12
"2073","Hindi",1,1968,0,"No",100,0,0,1,1,1,1,1,1,1,1,4,4,4,1,12
"2074","Hindi",1,1960,0,"No",100,0,0,1,2,2,1,1,1,1,1,1,2,1,2,10
"2075","Hindi",1,2005,0,"No",100,0,0,1,1,1,1,1,1,1,2,1,1,1,1,14
"2076","Hindi",1,2005,0,"No",100,0,0,4,3,3,2,1,3,3,1,1,4,NA,4,25
"2077","Hindi",2,1994,0,"No",100,0,0,3,1,3,3,2,1,1,4,1,4,1,1,25
"2078","Hindi",1,1978,0,"No",100,0,0,3,1,3,1,2,3,1,4,1,4,2,1,20
"2079","Hindi",1,1996,0,"Yes",100,0,0,1,1,1,1,2,1,1,4,1,4,1,2,12
"2080","Hindi",1,1997,0,"No",100,0,0,2,1,2,1,1,1,2,4,1,4,1,1,55
"2081","Hindi",2,1997,0,"No",100,0,0,3,1,4,1,1,1,1,4,1,1,1,1,32
"2082","Hindi",1,1996,0,"No",100,0,0,1,1,1,1,1,1,1,3,3,4,4,1,15
"2083","Hindi",1,1996,0,"No",100,0,0,3,1,2,1,2,1,1,4,1,4,1,2,16
"2084","Hindi",1,2000,0,"No",100,0,0,4,1,1,1,1,1,2,4,1,1,1,3,16
"2085","Hindi",1,2007,0,"No",100,0,0,3,1,2,1,1,1,2,4,1,1,2,3,32
"2086","Hindi",1,1992,0,"No",100,0,0,1,1,3,1,2,1,1,4,1,4,1,3,32
"2087","Hindi",1,1981,0,"Yes",100,0,0,1,1,1,1,1,1,1,1,1,1,1,1,10
"2088","Hindi",1,1998,0,"No",100,0,0,3,1,4,1,3,2,2,4,1,4,1,1,35
"2089","Hindi",1,2008,0,"No",100,0,0,3,1,3,1,1,1,1,4,1,4,1,3,35
"2090","Hindi",1,1994,0,"No",100,0,0,3,2,1,2,3,1,3,1,3,1,3,1,40
"2091","Hindi",1,1998,0,"No",100,0,0,2,1,1,1,1,1,1,3,1,4,1,1,32
"2092","Hindi",1,1978,0,"No",100,0,0,3,1,3,1,2,1,1,4,1,4,1,1,56
"2093","Hindi",3,1969,0,"Yes",100,0,0,3,1,1,3,1,1,1,4,1,1,2,3,50
"2094","Hindi",1,2006,0,"No",100,0,0,4,1,2,1,1,1,1,4,1,4,1,1,20
"2095","Hindi",2,1992,0,"No",100,0,0,3,1,1,1,1,1,2,4,1,1,1,2,8
"2096","Hindi",1,1980,0,"No",100,0,0,3,1,2,1,1,1,2,4,1,1,1,1,47
"2097","Hindi",1,1996,0,"No",100,0,0,3,1,1,1,1,1,1,4,1,4,1,3,50
"2098","Hindi",1,2005,0,"No",100,0,0,3,1,2,1,1,1,1,3,1,4,1,2,35
"2099","Hindi",1,2000,0,"No",100,0,0,2,1,2,1,1,1,1,4,1,4,1,1,29
"2100","Hindi",1,1969,0,"No",100,0,0,3,1,1,1,1,1,2,4,1,4,1,3,27
"2101","Hindi",1,1956,0,"No",100,0,0,1,1,1,1,1,1,1,3,1,4,1,1,15
"2102","Hindi",1,1992,0,"No",100,0,0,1,1,1,1,3,1,1,4,1,4,1,1,20
"2103","Hindi",1,1996,0,"No",100,0,0,2,1,3,2,2,2,1,4,1,4,1,2,32
"2104","Hindi",2,1969,0,"Yes",100,0,0,2,1,1,1,1,1,1,4,4,4,2,1,70
"2105","Hindi",1,1962,0,"Yes",100,0,0,3,2,1,3,3,3,3,3,3,4,1,3,5
"2106","Hindi",1,1994,0,"No",100,0,0,3,1,2,1,3,1,1,2,2,3,1,2,6
"2107","Tamil",2,2001,1,"Yes",100,0,0,2,1,2,1,3,2,3,4,1,3,1,3,60
"2108","Hindi",1,1948,0,"No",100,0,0,3,1,2,3,2,2,3,2,1,1,1,2,7
"2109","Hindi",1,2006,0,"No",100,0,0,3,2,3,3,3,2,3,3,2,2,2,3,9
"2110","Hindi",1,1968,0,"No",100,0,0,3,2,2,3,2,2,3,3,2,2,2,3,8
"2111","Telugu",1,1999,1,"Yes",100,0,0,1,3,4,4,3,3,3,2,3,4,3,2,70
"2112","Hindi",1,2000,0,"Yes",100,0,0,4,1,1,1,1,1,3,4,2,3,1,2,30
"2113","Hindi",1,2007,0,"No",100,0,0,3,1,1,3,2,3,3,3,1,1,3,3,12
"2114","Hindi",1,1999,0,"Yes",100,0,0,4,2,1,1,1,2,2,2,2,2,2,3,200
"2115","Hindi",1,2005,0,"No",100,0,0,4,2,4,3,3,3,3,4,4,4,2,4,10
"2116","Hindi",1,1997,0,"No",100,0,0,4,2,3,2,3,3,3,4,2,4,3,3,16
"2117","Hindi",1,1990,0,"Yes",100,0,0,3,2,2,1,2,4,2,2,1,3,1,2,100
"2118","Hindi",1,2001,0,"No",100,0,0,3,2,2,1,3,2,4,3,2,3,2,2,30
"2119","Hindi",1,2005,0,"No",100,0,0,4,3,3,2,3,3,3,3,4,1,3,4,9
"2120","Hindi",1,2008,0,"No",100,0,0,4,2,1,2,3,1,2,4,3,1,2,2,45
"2121","Hindi",1,2009,0,"No",100,0,0,3,1,3,2,3,3,4,4,2,2,3,4,7
"2122","Hindi",1,2011,0,"No",100,0,0,3,1,2,2,3,4,3,4,1,1,3,1,8
"2123","Hindi",1,1998,0,"No",100,0,0,3,1,3,2,3,4,3,3,1,1,4,4,33
"2124","Hindi",1,1996,0,"Yes",100,0,0,3,1,3,3,4,1,2,1,1,2,1,3,65
"2125","Hindi",2,2002,0,"No",100,0,0,3,3,2,3,1,2,2,2,2,3,2,2,25
"2126","Hindi",1,2001,0,"No",100,0,0,4,2,3,2,3,3,3,4,1,1,3,4,11
"2127","Hindi",1,2008,1,"No",100,0,0,3,1,2,NA,1,1,3,4,2,4,2,1,18
"2128","Hindi",1,2011,0,"No",100,0,0,4,1,3,2,3,3,1,4,3,3,2,4,8
"2129","Hindi",1,1989,0,"No",100,0,0,3,1,4,3,3,4,3,3,3,4,3,3,17
"2130","Hindi",1,2012,0,"Yes",75,0,25,2,1,2,2,2,2,2,2,1,3,2,2,30
"2131","Hindi",4,2009,0,"No",100,0,0,3,1,4,2,3,1,3,4,4,4,NA,4,30
"2132","Hindi",2,2009,0,"No",100,0,0,3,2,2,1,3,2,3,3,1,3,4,2,8
"2133","Hindi",1,1986,0,"No",100,0,0,3,1,3,2,3,3,3,3,3,3,3,4,7
"2134","Hindi",1,1985,0,"No",100,0,0,4,2,2,1,2,2,3,3,1,3,2,2,10
"2135","Hindi",1,1995,0,"Yes",100,0,0,2,1,4,2,3,1,1,4,2,3,NA,3,26
"2136","Hindi",1,1983,0,"No",100,0,0,3,2,2,1,3,3,3,3,2,3,4,2,12
"2137","Hindi",1,2010,0,"No",100,0,0,4,2,3,2,2,2,4,3,4,4,3,3,16
"2138","Hindi",1,2002,0,"No",100,0,0,4,2,2,1,2,2,3,3,4,3,1,2,30
"2139","Hindi",1,2003,0,"No",100,0,0,2,2,2,1,2,2,3,3,3,3,4,2,30
"2140","Hindi",1,1979,0,"No",100,0,0,2,1,1,3,3,1,4,4,4,1,NA,3,12
"2141","Hindi",1,2011,0,"No",100,0,0,4,2,3,2,3,3,4,3,2,2,2,4,24
"2142","Hindi",1,2009,0,"No",100,0,0,3,2,4,3,3,3,3,3,4,4,3,4,12
"2143","Hindi",1,2010,0,"Yes",100,0,0,3,1,3,2,3,2,3,3,1,1,3,4,8
"2144","Hindi",1,2006,0,"No",100,0,0,3,2,2,1,3,2,3,2,4,3,2,2,30
"2145","Hindi",1,1997,0,"No",100,0,0,3,2,2,1,3,2,2,3,4,4,2,2,35
"2146","Hindi",1,1985,0,"No",100,0,0,3,2,2,2,2,2,4,2,1,3,1,2,5
"2147","Hindi",1,2008,0,"No",100,0,0,3,2,2,1,3,2,4,2,1,3,1,2,15
"2148","Hindi",1,1999,0,"No",100,0,0,3,2,2,1,3,2,4,3,2,4,2,2,30
"2149","Hindi",1,1998,0,"No",100,0,0,1,1,4,3,2,3,4,4,4,4,2,4,14
"2150","Hindi",1,1998,0,"No",100,0,0,3,1,4,NA,3,1,3,4,2,4,2,2,24
"2151","Hindi",1,1984,0,"No",100,0,0,3,2,2,1,3,2,4,3,2,3,2,2,10
"2152","Hindi",1,2009,0,"No",100,0,0,4,1,3,2,3,3,3,4,4,4,3,4,12
"2153","Hindi",1,2006,0,"No",100,0,0,2,2,2,1,2,2,3,3,4,3,1,2,25
"2154","Hindi",1,2000,0,"No",100,0,0,3,2,2,1,2,2,4,3,2,3,2,2,7
"2155","Hindi",1,1995,0,"No",100,0,0,3,2,2,1,2,2,4,3,1,3,1,2,70
"2156","Hindi",1,1995,0,"No",100,0,0,3,2,4,1,2,2,3,3,1,3,1,2,20
"2157","Hindi",1,2002,0,"No",100,0,0,3,2,2,1,2,2,4,3,2,3,2,2,25
"2158","Hindi",1,1974,0,"No",100,0,0,3,1,4,3,3,3,4,3,2,4,3,4,16
"2159","Hindi",1,1998,0,"No",100,0,0,3,2,2,1,3,2,3,3,2,3,1,3,55
"2160","Hindi",1,2010,0,"No",100,0,0,3,1,3,2,1,1,2,4,3,2,1,4,19
"2161","Hindi",1,2011,0,"No",100,0,0,3,1,3,2,3,3,3,4,2,2,3,4,24
"2162","Hindi",1,1974,0,"No",100,0,0,3,2,2,1,3,2,4,3,1,3,2,2,30
"2163","Hindi",1,1972,0,"Yes",100,0,0,4,2,2,3,4,1,4,4,1,1,3,3,21
"2164","Hindi",1,1965,0,"Yes",100,0,0,3,2,2,1,2,2,4,2,1,2,1,2,40
"2165","Hindi",1,1999,0,"No",100,0,0,3,2,2,1,1,2,2,3,2,3,4,2,35
"2166","Hindi",1,2007,0,"No",100,0,0,NA,1,3,2,2,1,3,4,3,4,2,1,12
"2167","Hindi",3,2009,0,"Yes",100,0,0,4,2,2,1,2,1,2,2,1,2,2,2,20
"2168","Hindi",1,1998,0,"No",100,0,0,4,2,4,3,3,3,2,4,4,4,3,3,19
"2169","Hindi",1,2003,0,"No",100,0,0,3,2,2,1,3,2,3,3,2,4,2,2,15
"2170","Hindi",1,1997,0,"No",100,0,0,3,2,2,1,2,2,4,3,1,3,1,2,20
"2171","Hindi",1,1972,0,"No",100,0,0,4,1,4,2,2,1,3,4,2,4,NA,3,60
"2172","Hindi",1,1994,0,"No",100,0,0,3,2,2,1,2,2,4,2,1,2,1,2,34
"2173","Hindi",3,2008,0,"No",100,0,0,3,2,2,1,2,2,2,2,1,2,4,2,7
"2174","Hindi",1,2006,0,"No",100,0,0,3,2,2,1,3,2,4,3,2,3,2,2,30
"2175","Hindi",1,1998,0,"No",100,0,0,3,2,2,1,2,2,4,2,1,3,1,2,35
"2176","Hindi",2,2001,0,"No",100,0,0,3,2,2,1,3,2,4,3,2,3,2,2,45
"2177","Hindi",3,1989,0,"No",100,0,0,3,2,2,1,2,2,2,2,1,3,2,2,10
"2178","Hindi",2,1981,0,"No",100,0,0,2,2,2,1,2,2,4,3,2,3,2,2,40
"2179","Hindi",3,1976,0,"No",100,0,0,2,2,2,1,2,2,2,2,1,3,1,2,12
"2180","Hindi",1,1990,0,"No",100,0,0,3,2,2,1,3,2,4,3,1,3,1,2,15
"2181","Hindi",2,1971,0,"No",100,0,0,3,2,4,4,4,1,4,4,4,4,4,3,18
"2182","Hindi",2,1999,0,"Yes",100,0,0,3,2,2,1,3,2,2,3,1,3,2,2,40
"2183","Hindi",1,2004,0,"No",100,0,0,3,2,2,1,3,3,2,3,2,3,2,2,10
"2184","Hindi",1,1990,0,"No",100,0,0,2,2,2,2,4,3,2,3,2,3,2,2,55
"2185","Hindi",2,1974,0,"No",100,0,0,2,2,2,1,2,3,2,3,2,3,2,2,45
"2186","Hindi",1,1985,0,"Yes",100,0,0,2,2,2,1,2,2,2,4,2,2,2,2,60
"2187","Hindi",1,1988,0,"No",100,0,0,1,2,2,1,2,2,3,3,2,3,2,2,15
"2188","Hindi",1,1986,NA,"No",100,0,0,3,2,2,1,3,2,2,3,2,3,2,2,8
"2189","Hindi",1,1993,0,"No",100,0,0,3,2,2,1,3,2,4,3,2,3,2,2,15
"2190","Hindi",1,1995,0,"No",100,0,0,1,2,2,1,2,2,3,3,2,3,2,2,18
"2191","Hindi",1,1998,0,"No",100,0,0,3,2,2,1,3,2,4,3,2,3,2,2,15
"2192","Hindi",1,1983,0,"No",100,0,0,2,2,2,1,3,3,2,3,2,3,2,2,15
"2193","Hindi",15,1992,0,"No",100,0,0,3,2,2,1,3,3,4,3,2,3,2,2,15
"2194","Hindi",1,1997,0,"No",100,0,0,3,2,2,1,3,3,3,3,2,3,2,2,15
"2195","Telugu",1,1995,0,"Yes",100,0,0,3,2,2,1,3,4,4,3,2,3,2,2,8
"2196","Hindi",1,2005,0,"No",100,0,0,4,2,2,1,2,2,2,3,2,3,2,2,15
"2197","Telugu",1,1999,0,"No",100,0,0,3,2,2,1,3,2,3,3,2,3,4,2,20
"2198","Hindi",1,1985,0,"No",100,0,0,3,2,2,1,3,2,4,3,2,3,2,2,25
"2199","Hindi",1,2009,0,"Yes",100,0,0,2,2,2,1,3,3,2,3,2,3,2,2,30
"2200","Hindi",1,1997,0,"No",100,0,0,3,2,2,1,3,3,3,3,2,3,2,2,15
"2201","Hindi",1,1987,0,"Yes",100,0,0,3,2,2,1,3,3,2,3,2,3,2,2,25
"2202","Hindi",1,1983,0,"Yes",100,0,0,3,2,2,1,2,3,2,3,2,3,2,2,100
"2203","Hindi",1,1988,0,"No",100,0,0,3,2,2,1,3,2,4,3,2,3,2,2,30
"2204","Hindi",1,1990,0,"No",100,0,0,3,2,2,1,2,2,3,3,4,3,2,2,35
"2205","Hindi",1,2006,0,"No",100,0,0,3,2,2,1,2,2,4,3,2,3,2,2,40
"2206","Hindi",1,1998,0,"No",100,0,0,2,2,2,1,3,3,3,3,2,3,2,2,20
"2207","Hindi",1,2002,0,"No",100,0,0,3,2,2,1,3,2,4,3,2,3,2,2,15
"2208","Hindi",1,1991,0,"No",100,0,0,3,2,2,1,3,3,4,3,2,3,2,2,25
"2209","Hindi",1,1990,0,"No",100,0,0,3,2,2,1,3,2,2,3,4,3,2,2,20
"2210","Hindi",1,2005,0,"No",100,0,0,3,2,2,1,2,3,3,3,2,3,2,2,30
"2211","Hindi",1,2008,0,"No",100,0,0,1,2,2,1,3,2,2,3,2,3,2,2,20
"2212","Hindi",1,2004,0,"No",100,0,0,2,2,2,1,3,2,2,3,2,3,4,2,40
"2213","Hindi",1,1997,0,"No",100,0,0,3,2,2,1,3,3,3,3,2,3,2,2,10
"2214","Hindi",1,1998,0,"No",100,0,0,3,2,2,1,3,4,3,3,2,3,2,2,20
"2215","Hindi",1,2008,0,"No",100,0,0,4,2,2,1,3,2,2,3,2,3,2,2,20
"2216","Hindi",1,1988,0,"No",100,0,0,2,2,2,1,3,2,2,3,2,3,4,2,10
"2217","Hindi",1,1987,0,"No",100,0,0,3,2,2,1,2,2,2,3,4,3,2,2,10
"2218","Hindi",1,1990,0,"No",100,0,0,1,2,2,1,2,2,2,3,2,3,4,2,30
"2219","Hindi",1,1984,0,"No",100,0,0,2,2,2,1,3,3,2,3,2,3,2,2,40
"2220","Hindi",1,1989,0,"No",100,0,0,3,2,2,1,3,3,2,3,2,3,2,2,12
"2221","Hindi",1,2008,0,"No",100,0,0,3,2,2,1,2,2,4,3,2,3,2,2,10
"2222","Hindi",1,2003,0,"No",100,0,0,2,2,2,1,3,2,3,3,2,3,4,2,25
"2223","Hindi",1,1985,0,"No",100,0,0,4,2,2,1,3,2,3,3,2,3,2,2,15
"2224","Telugu",1,1997,0,"No",100,0,0,3,2,2,1,3,3,3,3,2,3,1,2,18
"2225","Hindi",1,2009,0,"No",100,0,0,3,2,2,1,3,3,2,3,2,3,2,2,15
"2226","Hindi",1,1989,0,"No",100,0,0,3,2,2,1,3,3,2,3,2,3,2,2,7
"2227","Hindi",1,1988,0,"No",100,0,0,3,2,2,1,2,2,2,3,2,3,4,2,20
"2228","Hindi",1,1990,0,"No",100,0,0,3,2,2,1,3,2,2,3,2,3,4,2,30
"2229","Hindi",1,1985,0,"No",100,0,0,2,2,2,1,2,2,4,3,2,2,2,2,30
"2230","Hindi",1,1988,0,"No",100,0,0,3,2,2,2,3,3,2,3,2,3,2,2,6
"2231","Hindi",1,1995,0,"No",100,0,0,2,2,2,1,2,2,2,3,2,3,4,2,35
"2232","Hindi",1,2004,0,"No",100,0,0,3,2,2,1,4,2,3,3,2,3,2,2,25
"2233","Hindi",1,2007,0,"No",100,0,0,3,2,2,1,2,2,3,3,2,3,4,2,8
"2234","Hindi",1,1983,0,"No",100,0,0,3,2,2,1,3,3,3,3,2,3,2,2,20
"2235","Hindi",1,2009,0,"No",100,0,0,3,2,2,1,3,3,3,3,2,3,2,2,15
"2236","Hindi",1,2006,0,"No",100,0,0,3,2,2,1,3,2,2,3,2,3,2,2,25
"2237","Hindi",1,2004,0,"No",100,0,0,4,2,2,1,3,2,3,3,2,3,2,2,25
"2238","Hindi",1,1974,0,"No",100,0,0,1,1,4,1,2,2,2,2,2,2,2,2,20
"2239","Hindi",1,2002,0,"No",100,0,0,3,2,2,1,2,2,4,3,2,3,2,2,15
"2240","Hindi",30,1990,0,"No",100,0,0,2,2,2,1,3,2,2,3,2,3,4,2,30
"2241","Hindi",1,2009,0,"No",100,0,0,3,2,2,1,2,3,3,3,2,3,4,2,10
"2242","Hindi",1,1990,0,"No",100,0,0,3,2,2,1,3,3,3,3,2,3,2,2,12
"2243","Hindi",1,1967,0,"No",100,0,0,3,1,2,2,2,2,2,2,1,3,1,2,124
"2244","Hindi",3,1995,0,"Yes",100,0,0,3,1,1,1,1,1,1,2,1,2,1,1,250
"2245","Hindi",1,1995,0,"Yes",100,0,0,4,1,2,1,2,2,2,2,1,3,1,2,80
"2246","Hindi",1,1987,0,"Yes",100,0,0,4,1,3,1,2,2,2,2,1,3,1,2,310
"2247","Hindi",1,2005,0,"Yes",100,0,0,4,1,2,2,2,2,2,2,1,3,1,2,74
"2248","Hindi",3,2005,0,"No",90,10,0,1,1,1,1,1,1,1,2,3,1,1,1,65
"2249","Hindi",2,2007,0,"Yes",100,0,0,1,1,2,1,1,1,1,3,2,3,2,2,25
"2250","Hindi",1,2005,0,"Yes",100,0,0,4,2,2,2,3,2,4,3,4,1,2,2,60
"2251","Hindi",1,2006,0,"Yes",100,0,0,1,3,2,1,1,2,1,4,3,1,3,2,100
"2252","Hindi",13,2007,0,"Yes",100,0,0,1,3,3,3,3,2,3,4,4,1,3,3,1200
"2253","Hindi",10,2006,0,"Yes",100,0,0,3,1,2,2,2,2,NA,2,1,4,1,2,730
"2254","Hindi",3,2006,0,"Yes",50,0,50,4,1,2,2,2,2,2,2,1,4,1,2,250
"2255","Hindi",1,2006,0,"No",100,0,0,4,1,2,2,2,2,2,1,1,4,1,2,100
"2256","Hindi",1,2007,0,"Yes",100,0,0,3,2,3,2,3,2,3,3,4,1,NA,3,1200
"2257","Hindi",1,2007,0,"Yes",100,0,0,4,1,2,2,2,2,2,2,1,4,1,2,450
"2258","Hindi",1,1984,0,"Yes",100,0,0,3,2,2,2,4,2,4,3,4,1,NA,2,170
"2259","Hindi",3,2006,0,"Yes",50,0,50,1,3,3,3,3,3,3,4,3,1,3,4,700
"2260","Hindi",2,2007,0,"Yes",100,0,0,4,2,3,2,4,2,3,3,3,1,NA,3,140
"2261","Hindi",1,2008,0,"Yes",100,0,0,4,1,2,2,3,2,3,3,4,1,2,2,60
"2262","Hindi",1,2009,0,"Yes",100,0,0,3,1,2,2,4,2,3,4,3,1,2,2,117
"2263","Hindi",1,2006,0,"Yes",100,0,0,1,3,4,3,3,3,3,4,4,1,3,4,150
"2264","Hindi",1,2006,0,"Yes",100,0,0,3,1,2,2,2,2,2,2,1,1,1,2,300
"2265","Hindi",1,2006,0,"Yes",100,0,0,1,2,3,2,3,2,3,4,4,1,NA,2,100
"2266","Hindi",1,2006,0,"Yes",100,0,0,1,2,3,3,3,3,3,4,3,1,3,3,250
"2267","Hindi",1,2006,0,"Yes",100,0,0,4,2,2,2,4,2,4,4,1,3,2,2,52
"2268","Hindi",1,2006,0,"Yes",100,0,0,3,2,3,2,3,2,3,3,4,1,1,2,150
"2269","Hindi",2,2006,0,"Yes",100,0,0,1,2,3,3,3,3,3,4,3,1,3,4,100
"2270","Hindi",1,2007,0,"Yes",100,0,0,1,3,3,3,3,3,3,1,3,1,3,3,550
"2271","Hindi",1,2007,0,"Yes",100,0,0,3,1,2,2,4,2,3,3,4,1,2,2,170
"2272","Hindi",1,2005,0,"Yes",100,0,0,2,1,2,4,3,3,2,4,4,1,1,2,100
"2273","Hindi",1,2007,0,"Yes",75,0,25,4,1,3,2,2,2,2,2,1,1,1,2,380
"2274","Hindi",2,2008,1,"Yes",100,0,0,4,3,3,3,3,1,3,3,3,3,3,3,1000
"2275","Hindi",1,2007,0,"Yes",100,0,0,4,2,2,2,3,2,4,3,4,1,2,2,35
"2276","Hindi",3,2007,0,"Yes",100,0,0,4,1,3,2,2,2,4,4,4,1,2,2,240
"2277","Hindi",5,2008,0,"Yes",100,0,0,3,1,2,2,2,2,2,2,2,3,3,3,300
"2278","Hindi",2,2007,0,"Yes",100,0,0,3,1,2,2,2,3,2,3,2,2,1,3,50
"2279","Hindi",7,2007,0,"Yes",100,0,0,1,3,3,3,3,3,4,4,2,1,3,2,987
"2280","Hindi",1,2007,0,"Yes",100,0,0,4,2,2,2,4,2,4,4,4,1,2,2,375
"2281","Hindi",5,2007,0,"Yes",10,0,90,1,3,3,3,3,3,3,1,3,1,3,4,800
"2282","Hindi",5,2007,0,"Yes",70,0,30,4,3,3,3,3,3,3,4,4,1,3,4,450
"2283","Hindi",1,2007,0,"Yes",100,0,0,1,1,2,1,1,1,1,4,3,3,2,2,600
"2284","Hindi",1,2006,0,"Yes",100,0,0,1,1,2,2,2,2,2,2,2,4,1,2,550
"2285","Hindi",1,2008,0,"Yes",100,0,0,1,3,3,3,3,2,3,4,3,1,2,4,120
"2286","Hindi",1,2008,1,"Yes",100,0,0,3,3,2,2,2,3,3,3,2,3,3,3,62
"2287","Hindi",1,2007,0,"No",30,0,70,1,3,3,3,3,2,3,1,3,1,3,4,200
"2288","Hindi",2,2008,0,"Yes",100,0,0,4,3,3,3,3,3,3,4,2,1,3,4,80
"2289","Hindi",2,2007,1,"Yes",100,0,0,1,3,3,3,3,3,3,4,2,1,3,4,250
"2290","Hindi",2,2008,0,"Yes",100,0,0,4,2,2,1,1,1,1,3,3,1,1,4,300
"2291","Hindi",1,2007,0,"Yes",100,0,0,1,3,3,3,3,3,3,4,3,1,2,4,150
"2292","Hindi",3,2008,0,"Yes",100,0,0,3,2,3,2,3,3,3,4,4,1,3,4,250
"2293","Hindi",5,2008,1,"Yes",100,0,0,3,1,2,2,1,2,2,2,1,4,1,2,200
"2294","Hindi",7,2005,0,"Yes",40,0,60,1,1,1,1,1,1,1,1,2,2,1,1,700
"2295","Hindi",1,2002,0,"Yes",100,0,0,4,1,1,1,1,1,1,2,3,3,1,1,250
"2296","Hindi",1,2008,0,"No",100,0,0,3,1,1,1,1,1,1,3,4,1,1,3,150
"2297","Hindi",3,2008,0,"Yes",100,0,0,3,1,2,2,2,2,2,2,1,4,1,2,320
"2298","Hindi",1,2009,0,"Yes",100,0,0,4,1,2,2,2,2,2,2,1,4,1,2,280
"2299","Hindi",1,2010,0,"Yes",100,0,0,3,1,2,2,2,2,2,2,1,4,1,2,30
"2300","Hindi",2,2011,0,"Yes",75,0,25,1,1,2,1,1,1,1,3,1,3,3,2,32
"2301","Hindi",20,2009,0,"Yes",100,0,0,1,3,3,3,3,2,3,1,3,1,3,3,200
"2302","Hindi",1,2010,0,"Yes",100,0,0,3,1,3,1,2,2,2,2,1,3,1,2,500
"2303","Hindi",2,2009,0,"Yes",100,0,0,4,2,2,2,4,2,4,3,4,1,2,2,120
"2304","Hindi",15,2007,0,"Yes",100,0,0,4,2,3,3,3,3,3,4,3,1,3,3,315
"2305","Hindi",2,2010,0,"Yes",100,0,0,4,1,1,2,2,2,2,2,2,4,1,2,350
"2306","Hindi",1,2007,0,"Yes",100,0,0,4,1,2,2,4,2,4,4,4,1,2,2,47
"2307","Hindi",1,2011,0,"Yes",100,0,0,3,1,2,2,2,2,2,2,1,4,1,2,7
"2308","Hindi",1,2009,0,"No",100,0,0,1,1,NA,NA,1,NA,1,1,1,3,1,1,40
"2309","Hindi",2,2005,0,"Yes",100,0,0,3,1,1,2,2,2,2,2,1,4,1,2,390
"2310","Hindi",1,2007,0,"Yes",100,0,0,3,1,2,2,2,2,2,1,1,4,1,2,430
"2311","Hindi",1,2010,0,"Yes",100,0,0,3,2,3,2,4,2,3,3,4,1,1,2,225
"2312","Hindi",1,2004,0,"Yes",100,0,0,2,1,3,1,1,2,2,2,2,2,1,2,250
"2313","Hindi",1,2009,0,"Yes",100,0,0,3,2,2,2,3,2,1,3,4,1,NA,2,100
"2314","Hindi",2,2010,1,"Yes",100,0,0,1,3,3,3,3,3,3,1,3,1,3,1,100
"2315","Hindi",4,2009,0,"Yes",85,0,15,1,3,3,4,3,3,3,1,4,1,3,1,65
"2316","Hindi",3,2007,0,"No",100,0,0,1,2,3,3,3,3,3,1,2,1,2,1,NA
"2317","Hindi",2,2009,0,"Yes",100,0,0,3,1,2,2,2,2,2,1,1,4,1,2,300
"2318","Hindi",2,2010,0,"Yes",100,0,0,1,3,3,3,3,2,3,1,3,1,2,4,400
"2319","Hindi",1,2010,0,"Yes",100,0,0,1,2,3,3,2,2,4,1,3,1,2,4,250
"2320","Hindi",1,2009,0,"Yes",100,0,0,4,1,2,2,2,2,2,2,1,1,1,2,880
"2321","Hindi",1,2004,0,"Yes",100,0,0,2,1,2,2,2,3,3,2,1,3,2,3,240
"2322","Hindi",1,1973,0,"Yes",100,0,0,4,2,2,2,4,2,4,4,3,1,2,2,10
"2323","Hindi",1,2005,0,"Yes",100,0,0,1,3,4,3,3,2,3,4,2,1,3,1,40
"2324","Hindi",1,2006,0,"No",100,0,0,3,1,2,2,2,2,1,2,1,4,1,2,150
"2325","Hindi",2,2005,0,"Yes",100,0,0,4,1,2,2,4,2,3,3,3,1,NA,2,9
"2326","Hindi",1,2007,0,"Yes",100,0,0,1,3,3,3,3,3,3,4,3,1,3,4,100
"2327","Hindi",1,2009,0,"DON'T KNOW (SPONTANEOUS)",100,0,0,1,3,3,3,1,3,3,4,3,1,3,3,13
"2328","Hindi",1,2011,0,"Yes",100,0,0,3,1,2,2,2,2,3,2,1,1,1,3,30
"2329","Hindi",1,2010,0,"Yes",99,0,1,4,1,2,1,2,2,2,2,1,4,1,2,21
"2330","Hindi",1,2009,0,"No",100,0,0,4,1,2,2,3,2,2,2,1,4,1,2,64
"2331","Hindi",2,2010,0,"Yes",100,0,0,1,3,3,3,3,3,4,1,2,1,2,4,320
"2332","Hindi",1,1990,0,"Yes",100,0,0,2,3,2,3,1,2,2,3,4,1,2,3,40
"2333","Hindi",1,1990,0,"No",100,0,0,1,1,1,1,1,1,1,2,1,2,1,1,54
"2334","Hindi",1,1971,0,"Yes",100,0,0,4,2,2,2,3,2,1,3,4,1,2,2,13
"2335","Hindi",1,1997,0,"No",100,0,0,4,1,2,1,2,2,2,2,2,4,1,2,7
"2336","Hindi",1,2002,0,"Yes",50,50,0,3,1,3,1,2,2,2,2,1,3,1,2,8
"2337","Hindi",1,1991,0,"Yes",20,0,80,4,2,2,2,4,2,4,3,4,1,NA,2,14
"2338","Hindi",1,1990,0,"No",100,0,0,1,3,3,3,3,3,3,1,3,1,2,4,15
"2339","Hindi",2,1966,0,"Yes",20,0,80,2,2,3,2,3,2,2,3,4,1,3,2,200
"2340","Hindi",1,1975,0,"Yes",100,0,0,3,1,2,2,2,2,2,1,1,4,1,2,430
"2341","Hindi",2,2010,0,"No",100,0,0,4,1,2,2,2,2,2,2,1,4,1,2,105
"2342","Hindi",1,2006,0,"Yes",100,0,0,1,1,3,2,1,1,1,3,4,1,1,3,120
"2343","Hindi",2,2005,0,"Yes",100,0,0,3,2,2,2,1,1,1,2,4,1,3,1,100
"2344","Hindi",1,1983,0,"Yes",100,0,0,4,2,2,2,4,2,4,4,4,1,2,2,150
"2345","Hindi",1,2005,0,"Yes",100,0,0,1,1,1,1,1,1,1,1,1,2,1,1,50
"2346","Hindi",3,2011,0,"Yes",100,0,0,4,1,2,2,3,2,3,2,1,3,1,2,250
"2347","Hindi",2,2007,0,"Yes",100,0,0,1,1,1,1,1,1,1,1,1,2,1,1,100
"2348","Hindi",2,2005,0,"Yes",100,0,0,4,3,4,3,3,3,4,4,2,1,3,4,42
"2349","Hindi",2,2006,0,"Yes",100,0,0,1,1,1,1,1,1,1,2,1,1,1,1,98
"2350","Hindi",1,2007,0,"Yes",100,0,0,4,1,1,1,1,1,1,1,1,2,1,1,8
"2351","Hindi",2,2006,0,"Yes",100,0,0,4,2,2,2,3,2,4,3,4,1,2,2,60
"2352","Hindi",1,2004,0,"Yes",100,0,0,1,2,2,3,3,2,4,3,4,1,2,2,15
"2353","Hindi",2,2005,0,"Yes",100,0,0,1,3,3,3,3,3,3,4,3,1,3,3,23
"2354","Hindi",1,2006,1,"Yes",100,0,0,4,2,2,2,4,2,4,3,4,1,2,2,235
"2355","Hindi",1,2007,1,"Yes",100,0,0,2,2,2,2,2,4,3,4,2,4,2,2,150
"2356","Hindi",1,2008,0,"No",100,0,0,1,1,1,1,1,1,1,3,3,4,2,1,6
"2357","Hindi",1,2009,0,"Yes",100,0,0,1,2,2,2,3,2,3,1,4,1,2,2,78
"2358","Hindi",1,2007,0,"Yes",100,0,0,4,1,2,2,2,2,2,2,1,1,1,2,50
"2359","Hindi",3,2007,0,"Yes",100,0,0,3,1,2,2,2,2,2,2,1,4,1,2,40
"2360","Hindi",1,2007,0,"Yes",100,0,0,4,1,2,2,2,2,2,2,2,4,1,2,140
"2361","Hindi",1,2006,0,"Yes",100,0,0,1,3,3,3,3,3,3,4,2,1,3,4,42
"2362","Hindi",1,2005,0,"Yes",100,0,0,4,2,2,2,4,2,4,3,4,1,2,2,100
"2363","Hindi",2,2000,0,"Yes",100,0,0,4,2,2,2,4,2,4,3,4,1,NA,2,100
"2364","Hindi",1,2007,0,"No",100,0,0,3,1,2,1,2,2,2,2,1,1,1,2,35
"2365","Hindi",1,2005,0,"Yes",100,0,0,3,1,2,2,2,2,2,2,1,4,1,2,44
"2366","Hindi",1,2006,1,"Yes",100,0,0,1,3,4,3,3,3,3,4,3,1,3,4,95
"2367","Hindi",1,2006,0,"Yes",100,0,0,4,2,2,2,2,2,3,3,4,1,2,2,70
"2368","Hindi",1,2010,0,"Yes",100,0,0,4,1,2,2,4,2,3,4,4,1,2,2,55
"2369","Hindi",1,2007,1,"Yes",100,0,0,4,1,2,2,4,2,4,2,2,1,2,2,12
"2370","Hindi",1,2006,0,"Yes",100,0,0,3,1,2,2,2,2,2,2,1,4,1,2,55
"2371","Hindi",3,2008,0,"Yes",100,0,0,2,2,2,2,3,2,3,4,4,1,2,2,400
"2372","Hindi",2,2007,0,"Yes",100,0,0,3,1,2,1,2,2,2,2,1,3,1,2,50
"2373","Hindi",1,2006,0,"No",100,0,0,3,1,2,2,2,2,2,2,1,4,1,2,110
"2374","Hindi",1,2008,0,"Yes",100,0,0,1,3,3,3,3,3,3,4,3,1,2,3,400
"2375","Hindi",1,2007,0,"Yes",100,0,0,3,1,2,2,2,2,2,2,1,4,1,2,68
"2376","Hindi",1,2009,0,"Yes",100,0,0,4,1,2,1,2,2,2,2,1,4,1,2,25
"2377","Hindi",1,2008,0,"Yes",100,0,0,3,1,3,1,2,2,2,2,1,4,1,2,220
"2378","Hindi",2,2006,0,"Yes",100,0,0,4,3,3,2,3,3,4,4,3,1,3,3,450
"2379","Hindi",1,2005,0,"No",100,0,0,1,2,3,2,3,3,3,4,2,1,3,4,30
"2380","Hindi",1,2005,0,"Yes",100,0,0,4,2,2,3,3,2,1,3,3,1,2,2,34
"2381","Hindi",3,2008,0,"No",100,0,0,1,3,3,3,2,2,3,4,2,1,2,4,50
"2382","Hindi",1,2008,0,"Yes",100,0,0,2,1,1,1,1,1,1,3,4,1,2,4,35
"2383","Hindi",2,2008,0,"Yes",100,0,0,4,2,2,2,4,2,4,3,4,1,2,3,50
"2384","Hindi",1,2008,0,"No",100,0,0,4,1,2,2,2,2,2,2,1,4,1,2,66
"2385","Hindi",1,2007,0,"Yes",100,0,0,1,2,3,3,3,2,2,4,2,1,3,4,150
"2386","Hindi",2,2011,0,"Yes",90,0,10,4,1,1,2,2,2,2,2,1,4,1,2,75
"2387","Hindi",1,2008,0,"Yes",100,0,0,4,1,2,2,3,2,4,3,4,1,2,2,18
"2388","Hindi",2,2009,0,"Yes",100,0,0,4,2,3,2,4,2,4,4,4,1,2,3,385
"2389","Hindi",1,2008,0,"Yes",100,0,0,2,2,2,2,1,2,1,4,2,1,3,2,50
"2390","Hindi",2,2007,0,"No",100,0,0,4,3,2,3,1,2,3,2,2,3,3,NA,25
"2391","Hindi",2,2008,0,"Yes",100,0,0,1,3,3,3,3,3,3,4,2,1,2,4,200
"2392","Hindi",3,2010,0,"Yes",100,0,0,1,3,3,3,3,3,3,1,4,1,3,4,460
"2393","Hindi",1,2009,0,"No",100,0,0,1,1,4,2,1,1,1,2,1,2,1,1,15
"2394","Hindi",3,2009,0,"Yes",90,0,10,4,1,2,2,4,2,3,4,1,1,2,2,75
"2395","Hindi",2,2008,0,"Yes",100,0,0,2,2,2,2,2,2,3,4,2,4,2,2,20
"2396","Hindi",1,2008,0,"No",100,0,0,4,1,2,2,2,2,2,2,1,4,1,2,63
"2397","Hindi",1,2010,0,"Yes",100,0,0,4,1,3,2,2,2,2,2,1,3,1,2,13
"2398","Hindi",1,2006,0,"Yes",100,0,0,4,1,2,2,3,2,4,3,4,1,2,2,175
"2399","Hindi",1,2009,0,"Yes",80,0,20,4,2,2,2,2,2,3,4,2,4,2,2,125
"2400","Hindi",1,2010,0,"Yes",70,0,30,1,3,3,3,3,3,3,4,3,1,2,4,60
"2401","Hindi",1,2009,0,"Yes",100,0,0,3,1,2,1,2,2,2,2,1,4,1,2,40
"2402","Hindi",1,2008,0,"No",100,0,0,2,2,2,2,2,2,3,2,1,1,1,2,80
"2403","Hindi",1,2009,0,"No",100,0,0,4,2,2,2,2,2,3,2,1,1,1,2,70
"2404","Hindi",4,2008,0,"Yes",100,0,0,4,1,2,2,2,2,2,2,1,4,1,2,150
"2405","Hindi",1,2007,0,"Yes",100,0,0,4,1,2,2,2,2,2,2,1,4,1,2,88
"2406","Hindi",1,2008,0,"Yes",100,0,0,4,2,2,2,1,2,3,3,4,1,2,2,12
"2407","Hindi",1,2009,0,"Yes",100,0,0,4,1,2,2,4,2,3,3,4,1,2,2,40
"2408","Hindi",1,2005,0,"No",100,0,0,1,3,3,3,3,3,3,4,3,1,3,3,36
"2409","Hindi",2,2009,0,"Yes",100,0,0,4,1,2,2,2,2,1,2,1,4,1,2,40
"2410","Hindi",1,2013,0,"No",100,0,0,4,1,2,2,2,2,2,1,1,4,1,1,10
"2411","Hindi",1,2010,0,"Yes",100,0,0,4,2,3,2,3,2,3,3,4,1,2,2,20
"2412","Hindi",2,2010,0,"Yes",100,0,0,4,1,2,2,2,2,2,2,1,4,1,2,60
"2413","Hindi",1,2005,0,"No",100,0,0,1,3,3,3,4,3,4,4,2,1,3,4,19
"2414","Hindi",1,1987,0,"Yes",100,0,0,3,2,2,2,2,2,4,1,1,4,2,2,40
"2415","Hindi",1,1983,0,"Yes",100,0,0,1,2,3,2,1,1,4,3,1,2,1,3,15
"2416","Hindi",1,2005,0,"Yes",100,0,0,1,1,1,1,1,1,1,2,1,4,1,1,110
"2417","Hindi",2,2004,0,"Yes",100,0,0,2,1,2,NA,2,2,2,2,1,1,1,2,100
"2418","Hindi",2,2004,0,"No",100,0,0,1,1,1,1,1,1,1,2,1,2,1,1,110
"2419","Hindi",2,2005,0,"Yes",0,0,100,1,3,3,3,3,3,3,4,2,1,3,4,41
"2420","Hindi",1,2005,0,"Yes",100,0,0,3,1,2,2,2,2,2,2,1,4,1,2,100
"2421","Hindi",1,2006,0,"Yes",100,0,0,3,1,1,1,1,1,1,2,1,2,1,1,40
"2422","Hindi",1,2008,0,"No",100,0,0,1,1,1,1,1,1,1,1,1,2,1,1,50
"2423","Hindi",3,2007,0,"Yes",100,0,0,1,1,1,1,1,1,1,1,1,1,1,1,115
"2424","Hindi",1,2007,0,"Yes",100,0,0,4,2,2,2,4,2,3,3,4,1,2,2,58
"2425","Hindi",1,2011,0,"No",100,0,0,2,1,3,1,3,3,3,4,4,4,1,3,65
"2426","Hindi",4,2006,0,"Yes",80,0,20,3,1,2,2,1,2,2,1,1,4,1,2,110
"2427","Hindi",1,1986,0,"Yes",100,0,0,4,2,2,2,3,2,3,3,2,1,2,2,5
"2428","Hindi",1,2010,0,"Yes",100,0,0,4,1,2,2,2,2,2,2,1,4,1,2,75
"2429","Hindi",1,2006,0,"Yes",100,0,0,3,1,2,2,3,2,3,3,3,1,2,2,25
"2430","Hindi",3,2005,0,"Yes",80,0,20,1,3,3,3,3,3,3,4,4,1,3,4,300
"2431","Hindi",1,2010,0,"No",100,0,0,3,1,1,1,1,1,1,2,4,1,4,1,15
"2432","Hindi",1,2006,0,"No",100,0,0,3,2,2,2,1,2,1,3,1,2,4,4,90
"2433","Hindi",1,2008,1,"Yes",95,0,5,4,1,3,2,2,3,2,2,2,4,1,2,135
"2434","Hindi",1,2006,0,"Yes",100,0,0,4,1,2,2,2,2,1,2,1,4,1,2,220
"2435","Hindi",1,2005,0,"Yes",100,0,0,4,2,2,2,3,2,3,3,3,1,2,2,16
"2436","Hindi",2,2007,0,"No",100,0,0,1,3,3,3,3,3,3,4,2,1,3,4,30
"2437","Hindi",3,2007,0,"No",100,0,0,1,3,3,3,3,3,3,1,2,1,3,4,250
"2438","Hindi",1,2007,0,"Yes",100,0,0,4,1,2,1,2,2,2,2,1,4,1,2,350
"2439","Hindi",2,2007,0,"Yes",100,0,0,4,2,2,2,3,2,4,3,4,1,2,2,90
"2440","Hindi",4,2007,0,"Yes",100,0,0,1,2,3,2,3,3,3,1,3,1,3,1,200
"2441","Hindi",4,2008,1,"Yes",100,0,0,1,1,1,1,1,1,1,1,1,2,1,1,115
"2442","Hindi",1,2008,0,"Yes",100,0,0,1,3,3,3,3,3,3,1,3,1,3,3,70
"2443","Hindi",1,2006,1,"Yes",100,0,0,4,1,2,2,2,2,2,2,1,4,1,2,18
"2444","Hindi",3,2005,0,"Yes",60,0,40,3,1,3,2,2,2,2,2,1,3,1,2,80
"2445","Hindi",4,1993,0,"Yes",60,40,0,1,1,1,1,1,1,1,1,1,1,1,1,450
"2446","Hindi",1,2005,0,"Yes",50,0,50,4,1,2,2,2,2,3,2,1,4,1,2,150
"2447","Hindi",1,2009,0,"Yes",100,0,0,3,2,3,2,3,2,3,3,4,1,1,2,90
"2448","Hindi",1,2008,0,"Yes",100,0,0,3,1,2,2,2,2,1,2,1,4,1,2,150
"2449","Hindi",1,2008,0,"Yes",100,0,0,3,1,2,2,2,2,2,2,1,4,1,2,22
"2450","Hindi",1,2008,0,"Yes",40,0,60,4,2,2,2,3,2,4,3,4,1,2,2,100
"2451","Hindi",1,2009,0,"Yes",100,0,0,4,1,2,2,4,2,3,3,3,1,2,2,55
"2452","Hindi",1,2010,0,"Yes",100,0,0,4,1,3,1,2,2,2,2,1,4,1,2,73
"2453","Hindi",1,2010,0,"Yes",100,0,0,4,2,2,2,4,2,4,3,4,1,2,2,50
"2454","Hindi",1,2009,0,"No",100,0,0,3,1,2,2,2,2,2,2,1,4,1,2,33
"2455","Hindi",1,2008,0,"Yes",100,0,0,3,1,2,2,2,2,2,2,2,1,1,2,40
"2456","Hindi",1,2009,0,"Yes",100,0,0,2,2,2,2,2,2,4,4,2,4,2,2,50
"2457","Hindi",1,2006,0,"Yes",100,0,0,4,2,2,2,1,2,4,3,4,1,2,2,40
"2458","Hindi",1,2009,0,"Yes",100,0,0,4,1,2,2,2,2,2,2,1,3,1,2,12
"2459","Hindi",1,2009,0,"No",100,0,0,4,1,2,1,2,2,2,2,1,4,1,2,20
"2460","Hindi",1,2007,0,"Yes",100,0,0,1,3,3,2,3,3,3,3,2,2,3,2,250
"2461","Hindi",1,2007,0,"Yes",100,0,0,4,2,2,2,3,2,4,4,3,1,2,2,10
"2462","Hindi",2,2007,0,"No",100,0,0,1,3,3,3,3,3,3,4,2,1,3,4,11
"2463","Hindi",1,2007,0,"Yes",100,0,0,1,2,2,2,3,2,3,1,3,1,2,2,60
"2464","Hindi",1,2005,0,"Yes",100,0,0,4,2,2,2,3,2,4,3,4,1,2,2,130
"2465","Hindi",1,2010,0,"No",100,0,0,1,1,1,1,1,1,1,1,1,1,1,1,50
"2466","Hindi",1,2008,0,"Yes",100,0,0,4,2,2,2,4,2,4,3,4,1,2,2,130
"2467","Hindi",1,2009,0,"No",100,0,0,3,1,1,1,1,2,2,2,1,4,1,2,35
"2468","Hindi",2,2010,0,"Yes",100,0,0,1,3,4,3,3,3,3,4,4,1,3,4,90
"2469","Hindi",1,2010,0,"Yes",100,0,0,4,2,3,2,4,2,3,3,4,1,2,2,150
"2470","Hindi",1,2009,0,"Yes",100,0,0,4,2,2,2,3,2,3,3,4,1,2,2,20
"2471","Hindi",1,2005,0,"Yes",100,0,0,3,2,3,2,3,2,1,3,2,1,2,2,68
"2472","Hindi",1,2009,0,"Yes",100,0,0,4,1,2,2,2,2,4,3,4,1,2,2,12
"2473","Hindi",1,2007,0,"Yes",100,0,0,4,2,2,2,3,2,2,3,4,1,2,2,15
"2474","Hindi",1,2010,0,"Yes",100,0,0,4,2,2,1,3,2,3,3,4,1,2,4,70
"2475","Hindi",1,2010,0,"Yes",100,0,0,1,2,3,2,3,3,3,3,4,1,NA,2,125
"2476","Hindi",2,2005,0,"Yes",60,0,40,1,1,1,1,1,1,1,1,2,2,1,1,600
"2477","Hindi",1,2010,NA,"Yes",100,0,0,4,2,2,2,3,3,3,4,4,1,3,3,18
"2478","Hindi",1,2010,0,"Yes",100,0,0,4,1,2,2,2,2,2,2,1,4,1,2,900
"2479","Hindi",1,2008,0,"Yes",100,0,0,3,2,2,2,2,2,3,3,1,2,2,2,90
"2480","Hindi",2,2010,0,"No",100,0,0,1,3,3,3,3,2,3,1,3,1,2,4,30
"2481","Hindi",1,2006,0,"Yes",100,0,0,3,1,2,2,2,2,3,3,4,1,2,4,8
"2482","Hindi",1,2009,0,"No",100,0,0,3,1,2,1,2,2,2,2,1,3,1,2,60
"2483","Hindi",1,2011,0,"Yes",100,0,0,4,1,2,2,2,2,2,2,1,3,1,2,20
"2484","Hindi",1,2011,0,"Yes",100,0,0,4,1,2,1,2,2,2,2,1,3,1,2,21
"2485","Hindi",1,2008,0,"Yes",100,0,0,3,2,2,2,3,2,4,3,4,1,2,2,18
"2486","Hindi",2,2011,0,"Yes",100,0,0,1,2,3,2,3,2,4,3,3,1,NA,4,55
"2487","Hindi",1,2010,0,"No",100,0,0,4,1,1,1,1,2,2,1,1,4,1,2,16
"2488","Hindi",1,2009,0,"Yes",100,0,0,2,2,2,2,2,2,3,4,2,4,2,2,12
"2489","Hindi",2,2011,0,"Yes",100,0,0,4,2,2,2,2,2,2,2,1,4,1,2,120
"2490","Hindi",1,2009,0,"Yes",100,0,0,4,1,2,2,3,2,4,4,3,1,3,1,30
"2491","Hindi",2,2010,0,"Yes",100,0,0,3,1,2,1,2,2,2,2,1,4,1,2,40
"2492","Hindi",1,2011,0,"Yes",100,0,0,4,1,2,2,2,2,2,2,1,4,2,2,75
"2493","Hindi",1,2011,0,"Yes",100,0,0,4,1,2,2,2,2,2,2,4,4,1,2,30
"2494","Hindi",2,2010,0,"Yes",100,0,0,1,3,2,3,3,2,1,3,2,1,2,3,100
"2495","Hindi",2,2011,0,"Yes",0,0,100,4,1,3,2,2,2,2,2,1,4,1,2,18
"2496","Hindi",2,2008,0,"Yes",100,0,0,4,1,4,2,2,2,2,2,1,1,1,2,400
"2497","Hindi",1,2010,0,"Yes",100,0,0,4,1,2,2,2,2,1,2,1,1,1,2,15
"2498","Hindi",1,2011,0,"Yes",100,0,0,3,1,2,2,3,2,3,3,4,1,2,2,150
"2499","Hindi",1,2008,0,"Yes",100,0,0,4,2,2,2,3,2,4,3,1,1,2,3,200
"2500","Hindi",1,2010,0,"Yes",100,0,0,4,1,2,2,2,2,2,2,1,3,1,2,340
"2501","Hindi",2,2009,0,"Yes",100,0,0,4,1,2,2,3,2,4,3,4,1,2,2,125
"2502","Hindi",1,2012,0,"Yes",100,0,0,3,1,3,1,2,2,2,2,1,4,1,2,45
"2503","Hindi",1,2008,0,"Yes",100,0,0,3,2,2,2,4,2,4,3,4,1,3,2,15
"2504","Hindi",1,2009,0,"Yes",100,0,0,1,3,3,3,3,3,3,4,3,1,2,4,46
"2505","Hindi",1,2012,0,"Yes",100,0,0,4,1,2,2,2,2,2,2,1,3,1,2,250
"2506","Hindi",1,2007,0,"Yes",0,0,100,3,2,2,2,3,2,1,4,4,1,2,2,125
"2507","Hindi",1,1989,0,"Yes",10,0,90,4,1,1,1,1,2,2,2,1,3,1,2,750
"2508","Hindi",1,1985,0,"Yes",80,0,20,1,1,2,2,1,1,2,2,2,4,1,2,250
"2509","Hindi",1,1974,0,"Yes",75,10,15,2,1,2,1,1,1,1,1,1,1,1,1,150
"2510","Hindi",1,1967,0,"Yes",100,0,0,1,1,1,1,1,1,1,1,3,1,1,1,140
"2511","Hindi",15,1962,0,"Yes",100,0,0,2,1,2,1,1,4,1,1,4,1,1,1,350
"2512","Hindi",4,1970,0,"Yes",100,0,0,1,1,1,1,1,3,1,3,4,4,2,1,800
"2513","Hindi",3,1984,0,"Yes",100,0,0,1,1,1,2,1,1,1,1,1,3,1,1,300
"2514","Hindi",1,2002,0,"No",100,0,0,1,1,3,NA,1,1,1,2,1,4,1,1,22
"2515","Hindi",2,1966,0,"Yes",100,0,0,3,1,1,1,1,1,1,4,1,1,1,2,125
"2516","Hindi",1,1973,0,"Yes",100,0,0,4,1,1,1,1,3,1,1,1,1,1,2,700
"2517","Hindi",1,1996,0,"Yes",100,0,0,4,1,3,2,1,4,1,4,3,3,1,2,55
"2518","Hindi",1,2000,0,"Yes",0,100,0,4,2,4,3,1,3,2,1,3,1,2,2,160
"2519","Hindi",1,1981,0,"Yes",100,0,0,1,2,1,1,4,1,1,2,3,1,2,3,99
"2520","Hindi",1,1980,0,"No",100,0,0,1,2,3,3,3,3,2,1,1,3,2,3,200
"2521","Hindi",1,1983,0,"Yes",100,0,0,1,1,1,1,1,1,1,1,1,1,1,1,1000
"2522","Hindi",1,1984,0,"Yes",100,0,0,1,1,1,1,1,1,1,3,1,1,1,1,800
"2523","Hindi",1,1989,0,"No",0,0,100,1,1,1,1,1,1,1,3,1,4,1,1,400
"2524","Hindi",1,2001,0,"No",0,0,100,1,1,3,3,1,3,1,1,1,1,3,1,100
"2525","Hindi",1,2002,0,"Yes",0,0,100,1,1,1,1,1,1,1,1,1,1,4,1,120
"2526","Hindi",2,1985,0,"Yes",0,0,100,1,1,1,1,1,1,1,1,1,4,1,1,125
"2527","Hindi",1,2001,0,"No",0,0,100,1,1,1,1,1,1,1,4,1,1,1,1,150
"2528","Hindi",1,2003,0,"Yes",100,0,0,1,1,2,1,1,1,1,1,1,3,1,2,400
"2529","Hindi",1,1964,1,"Yes",95,0,5,1,2,3,2,4,3,4,1,3,1,3,4,225
"2530","Hindi",1,1970,1,"No",100,0,0,4,1,1,1,1,1,2,1,3,4,3,1,100
"2531","Hindi",1,1994,0,"No",100,0,0,4,1,4,1,3,4,1,2,4,4,3,1,90
"2532","Hindi",1,1976,0,"Yes",0,0,100,4,2,3,2,4,2,4,1,3,1,2,4,130
"2533","Hindi",1,2003,0,"Yes",0,0,100,4,2,3,2,4,3,3,1,4,1,3,4,300
"2534","Hindi",1,2008,0,"Yes",80,0,20,1,1,2,2,2,1,2,2,3,4,1,2,65
"2535","Hindi",5,1943,0,"Yes",60,0,40,3,1,1,1,1,2,1,3,1,4,1,1,4450
"2536","Hindi",1,1960,0,"No",100,0,0,4,1,1,1,1,2,1,1,1,1,1,1,20
"2537","Hindi",1,1990,0,"Yes",2,0,98,4,1,1,1,1,3,1,3,1,1,1,1,150
"2538","Hindi",6,1986,0,"Yes",100,0,0,4,1,1,1,1,3,1,3,1,1,1,1,136
"2539","Hindi",1,1989,0,"Yes",60,0,40,4,2,3,2,3,2,4,1,3,1,3,3,700
"2540","Hindi",1,1995,0,"Yes",0,0,100,3,2,3,2,3,3,4,1,4,1,3,4,80
"2541","Hindi",1,1931,0,"Yes",100,0,0,4,1,1,1,1,1,1,4,4,1,3,1,6000
"2542","Hindi",1,1967,0,"Yes",100,0,0,1,3,1,3,4,1,2,1,4,1,3,3,107
"2543","Hindi",1,1962,0,"Yes",30,0,70,2,3,4,4,4,4,4,4,4,4,4,4,180
"2544","Hindi",2,1996,0,"Yes",50,0,50,1,1,1,1,1,4,4,4,3,2,3,1,36
"2545","Hindi",4,1992,0,"No",100,0,0,1,4,4,4,4,4,4,1,1,4,4,4,32
"2546","Hindi",1,1982,0,"Yes",20,0,80,1,1,1,1,1,1,1,3,3,2,3,4,35
"2547","Hindi",3,1990,0,"Yes",0,0,100,2,1,NA,NA,1,1,1,3,1,1,1,1,300
"2548","Hindi",1,2007,1,"Yes",100,0,0,4,2,4,1,1,1,2,2,4,3,2,1,500
"2549","Hindi",2,2008,0,"Yes",0,0,100,2,2,1,1,1,1,1,2,2,2,1,1,200
"2550","Hindi",2,1985,1,"Yes",70,0,30,1,2,1,1,1,1,1,1,4,4,1,1,400
"2551","Hindi",4,1990,1,"Yes",100,0,0,2,1,2,1,2,2,2,2,3,4,2,3,150
"2552","Hindi",1,1968,0,"Yes",100,0,0,3,1,1,1,1,2,1,1,2,1,2,2,250
"2553","Hindi",1,1988,0,"Yes",100,0,0,3,1,1,4,2,3,3,1,2,1,1,4,350
"2554","Hindi",1,1987,0,"Yes",85,0,15,2,2,2,2,1,1,1,1,1,1,1,3,400
"2555","Hindi",1,2012,0,"Yes",100,0,0,1,1,1,1,1,1,1,1,3,4,3,1,15
"2556","Hindi",1,1942,1,"Yes",100,0,0,4,4,1,1,1,1,2,2,1,1,1,1,150
"2557","Hindi",2,1962,0,"No",100,0,0,4,2,3,4,3,3,1,4,4,4,3,4,250
"2558","Hindi",3,2007,0,"Yes",98,0,2,3,2,2,1,4,3,3,1,3,1,3,4,160
"2559","Hindi",1,2006,0,"Yes",100,0,0,1,1,2,2,1,1,4,2,2,2,1,1,80
"2560","Hindi",1,2000,0,"Yes",100,0,0,3,1,2,3,2,3,2,4,2,4,2,3,210
"2561","Hindi",1,1984,0,"Yes",95,0,5,1,2,2,1,1,1,3,1,3,1,3,4,350
"2562","Hindi",1,1998,0,"Yes",100,0,0,4,4,1,1,1,1,1,1,4,4,1,1,15
"2563","Hindi",1,1971,0,"Yes",100,0,0,1,2,2,2,3,2,1,2,3,3,2,3,150
"2564","Hindi",2,1972,0,"No",60,40,0,4,1,1,1,1,1,4,1,1,3,1,1,250
"2565","Hindi",1,1998,1,"Yes",40,0,60,2,2,2,2,2,2,2,2,2,1,2,2,280
"2566","Hindi",3,2009,0,"Yes",100,0,0,4,2,3,2,3,3,3,1,2,1,3,4,40
"2567","Hindi",2,1987,0,"Yes",90,0,10,4,2,3,2,2,3,4,1,4,1,3,3,150
"2568","Hindi",2,1989,0,"Yes",40,60,0,4,2,1,1,1,1,3,1,1,2,1,1,45
"2569","Hindi",4,1982,0,"Yes",50,0,50,2,2,2,2,3,2,3,1,3,1,2,2,500
"2570","Hindi",1,1971,0,"No",100,0,0,3,2,1,1,1,1,1,1,1,1,1,1,25
"2571","Hindi",4,1989,1,"Yes",50,0,50,1,1,1,1,1,1,1,1,4,4,1,1,2000
"2572","Hindi",2,2001,0,"Yes",100,0,0,4,2,2,3,2,2,2,4,2,4,2,2,1200
"2573","Hindi",1,2004,0,"Yes",80,0,20,1,1,1,1,1,1,1,2,4,4,1,1,300
"2574","Hindi",2,2000,0,"Yes",100,0,0,3,1,3,2,2,1,2,1,3,3,1,2,255
"2575","Hindi",1,2003,1,"Yes",70,0,30,3,1,2,1,2,1,2,2,2,3,1,3,120
"2576","Hindi",3,1982,0,"Yes",100,0,0,4,2,2,4,2,2,2,1,3,1,3,1,30
"2577","Hindi",1,1976,0,"Yes",0,0,100,4,2,3,2,4,3,2,1,3,1,3,4,25
"2578","Hindi",1,1993,1,"Yes",0,0,100,3,2,3,2,1,1,1,1,4,4,1,1,1000
"2579","Hindi",1,2006,0,"No",0,0,100,3,2,2,3,2,2,1,4,2,4,2,2,70
"2580","Hindi",2,1997,1,"Yes",0,0,100,2,1,1,1,1,1,1,3,1,1,1,1,1500
"2581","Hindi",1,2003,0,"Yes",100,0,0,1,1,1,1,1,1,1,1,1,1,1,1,62
"2582","Hindi",1,2009,0,"Yes",100,0,0,3,1,3,2,1,2,1,2,3,3,1,1,150
"2583","Hindi",1,2009,0,"No",95,0,5,4,2,3,2,2,2,2,3,2,1,2,2,70
"2584","Hindi",1,2009,0,"Yes",100,0,0,4,1,1,3,1,1,2,4,2,4,1,2,60
"2585","Hindi",2,1996,0,"Yes",50,0,50,4,4,4,4,1,4,4,1,1,4,4,4,256
"2586","Hindi",1,1999,0,"No",100,0,0,4,1,1,1,1,3,1,3,1,1,1,1,170
"2587","Hindi",1,2002,0,"Yes",100,0,0,4,1,3,4,3,3,3,4,2,1,3,4,6
"2588","Hindi",2,1990,0,"No",100,0,0,4,1,2,NA,1,1,2,4,1,1,3,1,7
"2589","Hindi",1,1998,0,"Yes",100,0,0,1,1,1,1,1,1,1,2,4,1,2,1,150
"2590","Hindi",1,1995,0,"No",100,0,0,3,2,3,2,3,3,3,3,NA,1,2,3,10
"2591","Hindi",1,1993,0,"Yes",100,0,0,4,1,1,NA,4,1,1,2,1,1,1,1,18
"2592","Hindi",1,1984,0,"No",100,0,0,3,1,1,1,1,1,2,1,1,3,1,1,190
"2593","Hindi",1,1974,0,"No",100,0,0,3,2,2,2,2,3,2,2,2,2,2,2,9
"2594","Hindi",1,2005,0,"No",100,0,0,1,3,2,1,1,1,2,1,4,1,3,3,12
"2595","Hindi",1,1987,0,"Yes",100,0,0,4,3,4,3,4,1,2,1,4,1,3,3,15
"2596","Hindi",1,1993,0,"No",100,0,0,2,1,3,2,1,3,1,3,1,3,1,1,10
"2597","Hindi",3,1971,0,"Yes",100,0,0,1,1,1,1,1,1,1,2,1,1,1,2,138
"2598","Hindi",1,2003,0,"No",100,0,0,4,1,3,1,1,3,1,3,3,3,1,3,10
"2599","Hindi",1,1980,0,"No",30,0,70,2,1,2,1,1,3,1,4,3,4,1,1,27
"2600","Hindi",1,1980,0,"Yes",60,0,40,3,1,1,1,1,1,1,3,1,4,1,2,30
"2601","Hindi",1,2004,0,"Yes",100,0,0,4,1,1,1,1,3,3,1,1,1,1,1,7
"2602","Hindi",1,2002,0,"Yes",100,0,0,1,1,1,1,1,1,1,3,1,1,1,1,25
"2603","Hindi",1,1980,0,"No",100,0,0,3,1,1,1,3,2,1,2,1,4,1,2,22
"2604","Hindi",1,1976,0,"Yes",0,0,100,1,1,1,1,1,4,1,3,3,3,2,1,25
"2605","Hindi",1,2004,0,"No",100,0,0,1,3,3,3,3,4,2,4,3,1,3,1,70
"2606","Hindi",1,1994,0,"Yes",100,0,0,4,2,4,3,3,3,2,1,1,1,1,3,19
"2607","Hindi",1,1993,0,"No",100,0,0,1,3,3,3,1,1,2,4,3,1,3,2,25
"2608","Hindi",1,1988,0,"Yes",100,0,0,1,2,3,3,1,4,1,3,1,4,4,1,20
"2609","Hindi",1,1993,0,"No",100,0,0,1,3,4,4,3,1,1,3,4,4,4,4,50
"2610","Hindi",1,1937,0,"No",100,0,0,1,3,4,3,4,1,1,1,4,1,2,2,13
"2611","Hindi",7,1996,0,"Yes",100,0,0,4,4,3,3,4,2,2,2,4,1,3,3,60
"2612","Hindi",1,1997,0,"Yes",100,0,0,2,1,1,1,1,1,1,3,1,1,1,1,90
"2613","Hindi",1,1996,0,"No",100,0,0,1,3,3,3,3,4,1,4,2,4,3,1,15
"2614","Hindi",3,1994,0,"Yes",100,0,0,3,3,2,2,2,1,2,2,1,3,2,2,200
"2615","Hindi",1,2003,0,"Yes",100,0,0,4,2,1,4,4,4,2,1,3,1,2,3,9
"2616","Hindi",1,1979,0,"No",100,0,0,4,3,4,3,4,4,2,1,2,4,2,3,8
"2617","Hindi",1,1990,0,"No",100,0,0,1,2,3,3,4,1,2,2,2,4,2,1,10
"2618","Hindi",1,1993,0,"Yes",97,0,3,1,1,1,1,1,2,1,1,1,1,1,1,125
"2619","Hindi",1,1994,0,"No",100,0,0,1,3,1,4,2,1,2,4,4,1,NA,4,15
"2620","Hindi",1,1983,0,"Yes",100,0,0,1,3,1,4,3,1,1,3,3,1,3,1,25
"2621","Hindi",1,1984,0,"No",100,0,0,1,1,1,1,1,1,1,1,1,4,1,1,106
"2622","Hindi",1,1972,0,"No",0,0,100,1,1,1,1,1,1,1,1,1,1,1,1,150
"2623","Hindi",1,1992,0,"Yes",100,0,0,1,1,1,1,1,1,1,1,1,4,1,1,30
"2624","Hindi",1,1989,0,"No",100,0,0,1,1,1,1,1,1,1,2,1,1,1,1,8
"2625","Hindi",1,1989,0,"No",100,0,0,1,1,1,1,1,2,1,3,1,1,1,1,30
"2626","Hindi",1,1984,0,"No",100,0,0,1,1,1,1,1,1,1,1,1,1,2,1,40
"2627","Hindi",1,1998,0,"Yes",100,0,0,1,1,1,3,3,1,4,1,2,1,1,1,22
"2628","Hindi",1,2008,0,"Yes",98,0,2,1,1,1,1,1,1,1,3,1,1,1,1,24
"2629","Hindi",1,1956,0,"Yes",100,0,0,4,1,1,1,1,1,1,1,1,3,1,1,13
"2630","Hindi",1,1993,0,"No",100,0,0,1,2,3,3,2,3,2,1,2,1,2,2,8
"2631","Hindi",1,1970,0,"No",100,0,0,1,1,1,1,1,2,1,3,1,4,1,1,15
"2632","Hindi",1,1985,0,"Yes",100,0,0,1,2,1,4,4,1,1,1,2,1,1,1,50
"2633","Hindi",1,1978,0,"No",100,0,0,3,1,1,1,1,1,1,4,3,3,3,1,11
"2634","Hindi",1,1983,0,"Yes",90,0,10,4,1,1,1,1,2,1,2,1,4,1,1,20
"2635","Hindi",1,1996,0,"No",100,0,0,1,3,3,3,4,1,1,3,2,1,3,2,25
"2636","Hindi",1,2010,0,"Yes",0,0,100,NA,2,3,2,4,2,3,4,3,1,2,4,40
"2637","Hindi",1,1992,0,"Yes",100,0,0,4,2,3,4,1,2,2,4,2,1,3,3,14
"2638","Hindi",1,1974,0,"Yes",100,0,0,1,2,3,4,3,3,3,1,3,1,3,4,12
"2639","Hindi",1,2004,0,"No",100,0,0,1,1,4,4,1,1,1,1,4,3,3,4,10
"2640","Hindi",2,1968,0,"No",100,0,0,1,1,1,4,1,1,1,4,2,3,4,4,16
"2641","Hindi",1,1985,0,"No",100,0,0,1,1,1,4,4,4,4,1,4,3,3,1,25
"2642","Hindi",1,1970,0,"Yes",20,0,80,4,4,1,1,3,4,4,4,4,3,4,4,20
"2643","Hindi",2,1989,0,"Yes",25,0,75,1,1,4,4,1,4,1,1,1,1,1,4,86
"2644","Hindi",1,1991,0,"Yes",100,0,0,4,4,4,1,4,4,4,1,4,3,4,4,32
"2645","Hindi",1,1992,0,"No",100,0,0,1,1,1,3,1,1,4,1,4,4,4,4,18
"2646","Hindi",4,1986,0,"DON'T KNOW (SPONTANEOUS)",50,0,50,1,1,1,1,1,1,1,1,4,1,1,4,28
"2647","Hindi",1,1992,0,"No",100,0,0,4,4,4,NA,1,4,4,4,4,3,3,4,12
"2648","Hindi",1,1992,0,"Yes",100,0,0,4,4,1,3,1,4,4,4,4,3,3,4,30
"2649","Hindi",1,1989,0,"No",100,0,0,1,1,4,3,4,4,4,1,3,4,3,4,20
"2650","Hindi",1,1977,0,"No",100,0,0,1,4,4,4,4,4,4,1,1,4,3,4,30
"2651","Hindi",1,1983,0,"No",100,0,0,1,3,4,4,1,NA,4,4,4,1,3,4,10
"2652","Hindi",1,1984,0,"No",100,0,0,1,1,1,3,1,4,4,1,4,3,3,4,15
"2653","Hindi",1,1974,0,"No",100,0,0,4,1,4,3,3,NA,1,3,4,4,1,4,11
"2654","Hindi",1,1982,0,"Yes",50,0,50,1,1,1,1,4,3,4,4,4,4,4,4,50
"2655","Hindi",4,1952,0,"Yes",100,0,0,1,1,1,1,1,4,4,1,3,3,4,1,31
"2656","Hindi",1,1975,0,"Yes",60,0,40,1,1,4,4,1,4,4,3,4,4,3,4,25
"2657","Hindi",1,1973,0,"No",100,0,0,3,1,4,NA,1,1,4,1,3,3,NA,4,18
"2658","Hindi",1,1989,0,"No",100,0,0,1,1,1,NA,1,1,4,1,4,4,4,4,22
"2659","Hindi",3,1997,0,"No",50,0,50,1,1,1,1,1,4,1,4,3,3,4,4,30
"2660","Hindi",4,1993,0,"Yes",100,0,0,1,1,4,4,1,4,1,4,3,4,4,4,25
"2661","Hindi",1,2010,0,"No",100,0,0,1,1,4,3,1,4,4,4,2,2,2,3,10
"2662","Hindi",1,1980,0,"No",100,0,0,3,1,1,3,1,4,4,4,4,4,4,4,10
"2663","Hindi",2,2005,0,"No",100,0,0,4,2,2,3,2,2,3,1,2,2,1,2,30
"2664","Hindi",1,2000,0,"No",100,0,0,4,2,1,3,2,2,2,3,2,4,2,2,30
"2665","Hindi",6,1992,0,"No",100,0,0,1,1,1,3,1,1,1,1,4,1,4,4,22
"2666","Hindi",2,1980,0,"No",100,0,0,1,1,1,4,3,3,1,4,4,4,4,4,14
"2667","Hindi",2,1993,0,"No",100,0,0,4,4,4,4,4,4,1,1,3,4,4,4,12
"2668","Hindi",1,1991,0,"Yes",30,0,70,1,1,1,1,1,4,1,1,3,2,3,1,20
"2669","Hindi",3,2010,0,"Yes",100,0,0,2,1,2,1,3,1,2,1,3,1,2,1,70
"2670","Hindi",1,1984,0,"Yes",100,0,0,3,2,2,3,2,2,2,1,2,1,2,3,8
"2671","Hindi",1,2001,0,"No",100,0,0,4,2,2,2,3,2,3,1,3,1,2,2,18
"2672","Hindi",1,1973,0,"No",50,50,0,1,2,3,2,3,3,3,4,3,1,3,3,10
"2673","Hindi",1,1974,0,"Yes",100,0,0,3,1,1,1,1,1,1,2,1,1,1,2,16
"2674","Hindi",1,2005,0,"No",100,0,0,4,2,2,1,1,1,1,2,1,1,1,4,8
"2675","Hindi",1,1983,0,"No",100,0,0,3,2,3,3,2,2,2,3,3,1,2,2,5
"2676","Hindi",2,2003,0,"Yes",0,0,100,3,1,1,3,2,1,3,4,1,1,4,1,80
"2677","Hindi",2,2001,0,"No",100,0,0,4,2,2,2,3,2,3,1,3,1,2,2,8
"2678","Hindi",1,2000,0,"No",100,0,0,2,2,1,2,3,2,3,1,2,4,1,2,15
"2679","Hindi",1,2005,0,"No",100,0,0,1,2,2,1,1,1,1,1,1,1,1,1,10
"2680","Hindi",1,2004,0,"No",100,0,0,4,2,3,2,3,3,1,4,2,1,3,3,14
"2681","Hindi",1,1998,0,"Yes",100,0,0,3,2,2,2,3,1,4,4,3,1,2,2,40
"2682","Hindi",1,1995,1,"Yes",100,0,0,1,2,2,2,3,2,3,1,4,1,3,2,60
"2683","Hindi",1,2005,0,"Yes",0,0,100,4,2,2,4,2,2,3,1,4,1,2,2,30
"2684","Hindi",1,1998,0,"Yes",0,100,0,2,1,2,1,2,2,2,2,3,4,1,2,70
"2685","Hindi",2,1972,0,"Yes",70,0,30,1,1,1,1,1,1,1,1,4,4,1,1,500
"2686","Hindi",1,2006,0,"No",100,0,0,1,1,1,1,1,1,1,2,2,2,1,1,27
"2687","Hindi",1,1998,0,"No",100,0,0,1,1,1,1,1,1,1,2,2,2,2,1,30
"2688","Hindi",1,1986,1,"Yes",0,0,100,4,2,3,2,3,3,4,1,3,1,3,4,25
"2689","Hindi",1,2008,0,"Yes",70,0,30,2,1,3,1,1,1,2,2,2,1,1,2,35
"2690","Hindi",1,2007,0,"No",100,0,0,4,2,2,3,1,1,3,1,3,1,2,2,30
"2691","Hindi",1,1988,0,"No",100,0,0,1,1,1,1,1,2,1,4,4,4,4,1,8
"2692","Hindi",1,1983,0,"No",100,0,0,4,2,2,2,3,3,3,1,2,1,3,4,25
"2693","Hindi",1,1989,0,"No",100,0,0,2,2,2,2,3,2,2,1,4,1,3,2,15
"2694","Hindi",1,2005,0,"Yes",100,0,0,1,2,2,2,3,2,3,1,3,1,3,2,20
"2695","Hindi",1,1992,0,"No",100,0,0,2,2,1,1,1,2,2,1,1,2,1,2,12
"2696","Hindi",1,2003,0,"No",100,0,0,3,2,1,3,2,2,1,3,2,4,1,1,50
"2697","Hindi",1,2006,0,"Yes",100,0,0,1,1,1,1,1,1,1,1,2,4,1,1,25
"2698","Hindi",1,2005,0,"Yes",96,0,4,3,1,1,2,1,1,2,4,2,4,1,2,20
"2699","Hindi",1,1930,0,"Yes",100,0,0,4,1,NA,NA,1,2,2,4,3,4,1,2,14
"2700","Hindi",1,2007,0,"No",100,0,0,4,1,1,1,1,1,1,3,4,3,3,1,30
"2701","Hindi",1,1990,0,"Yes",100,0,0,3,1,2,1,1,2,2,2,3,4,1,2,23
"2702","Hindi",1,1994,0,"No",100,0,0,3,1,2,2,1,1,3,3,3,1,1,2,10
"2703","Hindi",1,1975,0,"No",95,0,5,4,1,1,2,1,2,2,4,2,4,1,2,80
"2704","Hindi",2,2009,0,"No",0,0,100,4,1,3,1,1,1,1,1,4,1,3,1,12
"2705","Hindi",1,1999,0,"No",100,0,0,4,3,3,3,3,3,3,4,2,1,3,4,10
"2706","Hindi",1,1989,0,"Yes",100,0,0,2,1,2,2,1,2,3,4,1,4,2,2,30
"2707","Hindi",2,1989,0,"Yes",100,0,0,4,1,2,1,1,1,1,1,1,1,1,1,12
"2708","Hindi",1,2006,0,"Yes",40,60,0,4,2,3,2,3,2,3,1,3,1,3,2,11
"2709","Hindi",1,1996,0,"No",100,0,0,2,2,2,1,1,1,1,2,4,1,1,2,12
"2710","Hindi",1,2012,0,"No",100,0,0,3,1,1,2,2,2,2,2,1,1,1,1,15
"2711","Hindi",1,1989,0,"No",100,0,0,4,2,2,1,3,2,3,1,2,1,2,4,45
"2712","Hindi",1,1997,0,"No",100,0,0,4,2,1,1,1,1,NA,1,1,1,1,1,10
"2713","Hindi",1,2007,0,"Yes",100,0,0,1,2,3,2,3,3,3,1,3,1,3,4,30
"2714","Hindi",1,1991,0,"Yes",100,0,0,2,1,1,1,1,1,1,1,3,1,1,3,39
"2715","Hindi",1,1995,0,"No",100,0,0,4,2,2,4,2,2,3,4,2,1,1,2,8
"2716","Hindi",1,2005,0,"Yes",100,0,0,3,1,1,1,1,1,1,3,3,3,4,1,150
"2717","Hindi",2,2002,0,"Yes",100,0,0,2,2,2,2,2,2,1,1,1,1,1,2,80
"2718","Hindi",1,1984,0,"Yes",80,0,20,4,2,2,2,3,3,3,1,4,1,2,3,150
"2719","Hindi",1,1989,0,"No",100,0,0,4,4,2,2,1,1,1,1,4,4,1,1,11
"2720","Hindi",2,1991,0,"Yes",100,0,0,2,1,2,1,1,2,1,1,4,4,1,2,15
"2721","Hindi",1,2003,0,"No",100,0,0,2,1,2,2,2,2,3,3,2,2,2,2,10
"2722","Hindi",1,1993,0,"No",64,0,36,4,2,2,2,3,3,3,4,3,1,3,4,10
"2723","Hindi",1,1946,0,"Yes",70,0,30,4,2,2,2,3,1,3,4,3,1,2,3,50
"2724","Hindi",2,1973,0,"Yes",100,0,0,4,2,2,2,2,2,4,1,4,1,3,3,50
"2725","Hindi",1,1987,0,"No",100,0,0,4,2,3,2,3,2,3,1,4,1,3,3,9
"2726","Hindi",1,1982,0,"No",100,0,0,4,1,1,2,1,1,1,1,1,1,1,1,80
"2727","Hindi",1,1998,0,"No",100,0,0,4,2,3,2,3,3,3,1,3,1,2,3,45
"2728","Hindi",1,1995,0,"No",100,0,0,2,1,2,2,1,1,1,2,3,4,1,2,20
"2729","Hindi",1,1987,0,"No",100,0,0,3,1,3,4,1,3,2,1,2,1,1,1,13
"2730","Hindi",1,2005,0,"Yes",5,0,95,2,2,1,1,2,1,1,2,2,4,1,3,30
"2731","Hindi",1,2001,0,"Yes",100,0,0,1,2,3,4,4,4,3,1,1,4,1,1,50
"2732","Hindi",1,1996,0,"Yes",100,0,0,1,2,4,3,3,3,3,1,3,1,3,4,50
"2733","Hindi",1,1990,0,"No",100,0,0,2,1,2,2,1,1,3,3,3,4,1,2,70
"2734","Hindi",2,1998,0,"Yes",90,0,10,1,1,1,1,1,1,1,2,4,4,1,1,400
"2735","Hindi",1,2003,0,"Yes",100,0,0,4,1,4,2,1,3,1,3,1,1,1,1,10
"2736","Hindi",3,2003,1,"Yes",100,0,0,2,1,2,1,2,2,2,2,2,3,1,2,160
"2737","Hindi",1,2008,0,"Yes",100,0,0,1,4,1,1,1,1,1,3,4,1,3,1,100
"2738","Hindi",1,1999,1,"Yes",100,0,0,1,3,3,3,3,4,3,1,2,1,2,4,35
"2739","Gujarati",1,NA,0,"Yes",100,0,0,4,2,2,2,3,2,3,1,3,1,2,3,60
"2740","Hindi",2,1985,0,"Yes",20,0,80,4,1,2,2,1,3,3,3,2,4,2,1,60
"2741","Hindi",1,1993,0,"Yes",70,0,30,4,2,3,2,2,2,2,2,3,4,2,2,30
"2742","Hindi",1,1991,0,"Yes",100,0,0,3,1,1,2,1,1,2,1,3,1,1,2,12
"2743","Hindi",1,1988,0,"Yes",99,0,1,4,2,2,3,2,2,4,1,4,1,3,3,72
"2744","Hindi",2,2008,0,"Yes",80,0,20,1,1,2,1,1,1,2,2,1,1,2,2,30
"2745","Hindi",1,1986,0,"No",30,0,70,4,2,3,2,3,3,3,1,2,1,3,3,25
"2746","Hindi",1,2000,1,"Yes",100,0,0,4,4,4,4,4,4,4,4,1,4,1,1,80
"2747","Hindi",1,1989,0,"No",100,0,0,4,3,1,2,1,2,3,3,3,4,2,4,9
"2748","Hindi",1,2003,0,"Yes",100,0,0,4,2,2,2,1,1,2,2,2,1,2,2,20
"2749","Hindi",1,1968,0,"Yes",100,0,0,1,2,3,4,3,3,3,1,3,1,3,4,14
"2750","Hindi",1,2005,0,"Yes",5,0,95,3,2,2,3,2,2,3,3,2,4,1,2,190
"2751","Hindi",1,1999,0,"No",100,0,0,3,2,2,2,3,2,3,1,1,1,2,3,14
"2752","Hindi",1,2002,0,"Yes",50,0,50,2,3,2,2,3,3,4,4,3,1,3,3,22
"2753","Hindi",2,2003,0,"No",100,0,0,1,1,1,1,1,1,1,1,4,4,1,1,60
"2754","Hindi",1,1987,0,"Yes",100,0,0,4,2,3,2,3,2,1,1,3,1,2,4,140
"2755","Hindi",1,2000,0,"Yes",100,0,0,1,2,2,2,2,1,2,2,2,2,2,2,40
"2756","Hindi",1,1996,0,"Yes",95,0,5,3,2,2,2,3,2,3,1,3,1,3,2,45
"2757","Hindi",1,1993,0,"No",100,0,0,4,4,4,4,1,1,1,4,4,1,1,1,50
"2758","Hindi",1,2005,0,"No",100,0,0,2,2,2,2,2,1,1,2,2,1,1,2,37
"2759","Hindi",2,1990,0,"Yes",100,0,0,2,2,2,1,1,2,1,1,1,4,1,2,22
"2760","Hindi",1,2002,0,"Yes",100,0,0,3,1,2,2,1,3,NA,1,1,4,1,1,22
"2761","Hindi",2,2007,0,"Yes",100,0,0,4,1,1,1,1,1,1,3,3,4,4,1,400
"2762","Hindi",1,1982,0,"Yes",25,0,75,3,1,2,2,2,2,3,4,2,4,2,2,40
"2763","Hindi",1,2001,0,"No",100,0,0,3,1,2,4,1,1,1,2,3,1,2,2,7
"2764","Hindi",1,1986,0,"No",100,0,0,3,1,2,2,2,2,3,3,2,4,1,1,10
"2765","Hindi",1,2009,0,"No",100,0,0,3,1,2,2,1,1,4,3,3,4,1,2,10
"2766","Hindi",1,1977,0,"Yes",90,10,0,3,2,2,2,3,2,3,1,3,1,3,2,9
"2767","Hindi",3,2008,0,"No",100,0,0,3,2,2,2,2,2,1,1,4,1,3,3,22
"2768","Hindi",1,2003,0,"No",100,0,0,3,1,2,3,2,2,2,4,2,1,1,2,17
"2769","Hindi",1,1999,0,"No",100,0,0,1,3,4,4,1,4,4,4,4,4,4,4,30
"2770","Hindi",1,1995,0,"No",100,0,0,1,2,2,3,3,3,3,1,3,1,3,4,9
"2771","Hindi",1,2008,0,"No",100,0,0,4,2,2,2,3,2,3,4,3,1,3,4,8
"2772","Hindi",1,2006,0,"No",100,0,0,1,2,2,1,1,1,2,1,1,4,1,1,8
"2773","Hindi",1,2010,0,"No",100,0,0,1,2,1,1,1,1,1,1,1,1,1,1,9
"2774","Hindi",1,1996,0,"Yes",60,0,40,4,2,3,2,3,2,3,1,3,1,2,2,16
"2775","Hindi",1,1981,0,"Yes",100,0,0,4,1,3,3,1,1,1,3,1,1,4,1,12
"2776","Hindi",1,2009,0,"No",100,0,0,4,4,1,1,1,1,1,2,2,4,2,1,11
"2777","Hindi",1,1998,0,"No",0,100,0,3,1,2,2,1,1,3,3,2,2,1,2,60
"2778","Hindi",1,2005,0,"No",100,0,0,3,2,4,4,1,1,1,2,3,3,1,1,10
"2779","Hindi",1,1981,1,"Yes",20,0,80,1,1,4,4,1,4,1,3,2,4,1,4,100
"2780","Hindi",1,2008,0,"Yes",100,0,0,1,1,1,1,4,4,4,1,4,4,3,4,18
"2781","Hindi",1,1987,0,"Yes",100,0,0,2,4,3,2,3,3,3,4,3,1,2,3,25
"2782","Hindi",1,1984,0,"No",100,0,0,1,2,1,3,3,1,1,1,1,1,1,1,8
"2783","Hindi",1,2006,0,"No",100,0,0,1,3,2,2,1,4,1,1,3,1,3,1,6
"2784","Hindi",1,2008,0,"Yes",100,0,0,1,3,1,1,1,1,1,2,1,1,1,3,30
"2785","Hindi",3,1986,1,"Yes",100,0,0,3,1,1,2,1,2,3,1,3,1,2,2,170
"2786","Hindi",1,1993,0,"No",100,0,0,4,1,4,4,3,1,1,1,1,1,NA,NA,15
"2787","Hindi",1,1994,0,"No",100,0,0,4,2,2,2,4,3,3,1,4,1,3,4,5
"2788","Hindi",1,1995,0,"No",100,0,0,2,1,2,1,3,1,1,1,2,3,1,2,20
"2789","Hindi",1,2001,0,"No",100,0,0,2,1,2,1,2,3,1,1,2,2,1,2,44
"2790","Hindi",1,1995,0,"No",100,0,0,4,2,3,2,4,2,2,1,3,1,3,4,5
"2791","Hindi",1,1994,0,"No",100,0,0,4,1,1,1,1,1,1,4,1,2,1,1,6
"2792","Hindi",1,1980,0,"No",100,0,0,1,1,1,1,1,1,1,3,4,4,3,1,60
"2793","Hindi",1,1996,0,"No",100,0,0,2,2,2,2,4,1,1,2,2,3,4,2,45
"2794","Hindi",1,2004,0,"No",100,0,0,3,1,2,1,3,3,1,2,3,3,1,3,45
"2795","Hindi",1,2010,0,"No",100,0,0,2,2,2,2,4,1,2,1,2,3,4,1,20
"2796","Hindi",1,2002,0,"No",100,0,0,1,1,2,1,4,1,1,2,2,3,4,2,65
"2797","Hindi",1,1991,0,"No",0,0,100,2,1,2,2,2,1,1,1,2,3,1,2,140
"2798","Hindi",1,1976,0,"Yes",100,0,0,1,2,2,2,1,1,1,1,2,3,1,1,14
"2799","Hindi",1,1988,0,"Yes",0,0,100,1,2,3,2,3,3,4,1,2,1,2,4,25
"2800","Hindi",1,2003,0,"No",0,0,100,4,2,3,2,4,2,3,1,4,1,3,4,35
"2801","Hindi",1,1973,0,"No",100,0,0,1,1,1,1,1,1,1,3,1,1,1,1,30
"2802","Hindi",1,2003,0,"Yes",80,0,20,4,1,1,1,1,2,2,1,1,1,1,1,24
"2803","Hindi",1,1990,0,"Yes",100,0,0,1,1,2,3,1,1,1,4,3,1,3,3,10
"2804","Hindi",1,1985,0,"Yes",100,0,0,1,2,2,3,2,2,3,1,3,1,3,3,6
"2805","Hindi",1,1995,0,"Yes",100,0,0,4,1,2,3,3,3,3,4,3,1,3,4,6
"2806","Hindi",1,2006,0,"No",100,0,0,1,1,1,1,1,1,1,1,1,4,1,1,10
"2807","Hindi",1,1978,0,"Yes",100,0,0,1,1,1,1,1,1,4,1,1,1,1,1,22
"2808","Hindi",1,2009,0,"No",100,0,0,1,1,1,1,1,1,1,3,1,1,1,1,17
"2809","Hindi",1,1997,0,"Yes",98,0,2,1,1,1,1,1,4,1,4,1,1,1,1,525
"2810","Hindi",1,2007,0,"No",98,0,2,3,1,1,1,1,3,1,3,1,1,1,1,54
"2811","Hindi",1,2005,0,"No",100,0,0,1,3,3,3,4,1,2,3,3,1,3,2,32
"2812","Hindi",1,2005,0,"Yes",100,0,0,2,2,1,1,1,1,1,1,1,1,2,3,15
"2813","Hindi",1,1985,0,"No",100,0,0,1,1,1,1,1,1,1,3,1,1,1,1,170
"2814","Hindi",1,1994,0,"No",0,0,100,1,2,1,1,2,1,2,3,4,1,2,2,36
"2815","Hindi",1,2010,0,"No",100,0,0,1,1,1,1,1,1,1,1,1,4,1,1,10
"2816","Hindi",1,1989,0,"No",100,0,0,4,1,1,1,1,1,1,2,1,4,1,1,15
"2817","Hindi",1,2006,0,"Yes",100,0,0,3,1,1,1,1,1,1,4,1,1,1,1,80
"2818","Hindi",1,2002,0,"No",100,0,0,1,1,1,1,1,2,1,1,1,1,1,1,28
"2819","Hindi",1,1986,0,"No",100,0,0,1,3,2,2,1,1,2,4,3,1,NA,1,25
"2820","Hindi",1,1975,0,"No",100,0,0,1,1,1,1,1,2,1,3,1,3,1,1,14
"2821","Hindi",1,1997,0,"Yes",100,0,0,4,1,1,1,1,3,2,1,4,4,2,1,19
"2822","Hindi",1,1990,0,"No",100,0,0,1,1,1,1,1,1,1,1,4,4,4,4,16
"2823","Hindi",1,1989,0,"Yes",50,0,50,4,4,1,1,4,NA,4,1,4,3,4,4,25
"2824","Hindi",1,1980,0,"No",100,0,0,1,1,1,3,4,4,4,1,3,4,4,4,18
"2825","Hindi",1,2001,0,"No",100,0,0,1,1,4,NA,1,1,1,4,4,4,4,4,15
"2826","Hindi",1,1978,0,"No",100,0,0,3,1,1,3,1,4,1,4,4,4,4,4,19
"2827","Hindi",1,2000,0,"No",100,0,0,4,2,2,2,2,2,3,4,1,4,1,2,18
"2828","Hindi",1,2006,0,"Yes",100,0,0,2,1,4,4,1,1,4,3,2,4,2,4,47
"2829","Hindi",1,1982,0,"No",100,0,0,1,1,1,4,1,4,4,4,4,4,2,4,15
"2830","Hindi",1,1990,0,"No",100,0,0,4,3,4,3,1,4,1,4,4,1,3,4,15
"2831","Hindi",1,1950,0,"No",100,0,0,1,1,1,3,1,4,4,4,4,4,4,4,8
"2832","Hindi",2,1998,0,"No",100,0,0,2,1,3,NA,1,1,1,3,4,1,3,4,120
"2833","Hindi",1,1987,0,"Yes",100,0,0,4,1,3,2,2,2,3,1,3,1,2,2,5
"2834","Hindi",1,2004,0,"Yes",100,0,0,4,1,2,2,2,2,3,1,3,1,3,2,10
"2835","Hindi",1,1986,0,"Yes",100,0,0,2,1,2,2,1,1,2,2,2,1,2,2,15
"2836","Hindi",2,2006,0,"Yes",70,0,30,3,2,2,3,2,2,3,4,2,1,2,2,200
"2837","Hindi",1,1990,0,"Yes",100,0,0,4,1,1,1,1,1,1,4,3,1,3,1,70
"2838","Hindi",1,1988,0,"Yes",100,0,0,4,2,2,2,2,1,3,3,3,1,2,3,150
"2839","Hindi",1,2000,0,"Yes",10,0,90,3,1,1,3,1,2,2,4,1,1,2,2,85
"2840","Hindi",1,1992,0,"Yes",100,0,0,2,2,2,NA,2,1,2,1,1,1,1,3,38
"2841","Hindi",1,2003,0,"Yes",100,0,0,1,2,2,2,1,1,2,2,2,2,1,2,60
"2842","Hindi",1,1996,1,"Yes",100,0,0,4,2,1,1,2,2,2,1,3,1,2,3,20
"2843","Hindi",1,2009,0,"Yes",100,0,0,3,1,1,1,1,1,1,4,1,1,1,1,70
"2844","Hindi",1,1986,0,"Yes",100,0,0,2,1,1,1,1,1,4,1,1,2,1,1,16
"2845","Hindi",2,1987,0,"No",100,0,0,4,1,1,1,1,1,1,3,4,4,2,1,12
"2846","Hindi",1,1996,0,"Yes",96,0,4,4,2,3,2,3,3,4,1,3,1,3,3,100
"2847","Hindi",2,2006,0,"Yes",100,0,0,1,2,3,2,3,3,3,4,4,1,3,4,60
"2848","Hindi",1,2008,0,"No",100,0,0,2,2,1,1,1,1,1,1,2,2,1,1,11
"2849","Hindi",1,1998,0,"Yes",100,0,0,4,2,3,2,4,2,3,1,3,1,2,3,19
"2850","Hindi",1,1998,0,"No",100,0,0,1,2,2,2,3,2,2,4,3,1,2,3,5
"2851","Hindi",1,2000,0,"No",100,0,0,4,2,3,2,3,2,2,1,3,1,2,3,25
"2852","Hindi",1,1956,0,"No",100,0,0,3,1,2,1,1,1,1,1,1,2,1,1,9
"2853","Hindi",1,1999,0,"Yes",0,0,100,1,2,3,2,3,2,3,1,3,1,2,4,120
"2854","Hindi",1,1991,0,"Yes",100,0,0,1,1,3,2,1,2,2,3,2,4,2,3,12
"2855","Hindi",1,1964,0,"Yes",100,0,0,4,2,3,3,3,3,2,3,2,3,2,4,60
"2856","Hindi",1,2010,0,"No",100,0,0,1,1,4,NA,1,4,1,4,3,3,3,4,12
"2857","Hindi",1,2001,0,"No",100,0,0,1,1,4,3,1,1,1,1,4,4,4,4,10
"2858","Hindi",2,2010,0,"Yes",0,0,100,3,2,2,3,2,2,3,1,1,1,1,4,120
"2859","Hindi",1,1998,1,"No",0,0,100,2,2,1,2,2,2,3,2,2,4,2,1,15
"2860","Hindi",1,1992,0,"Yes",100,0,0,1,1,1,1,1,1,1,1,1,1,1,NA,260
"2861","Hindi",1,2010,0,"Yes",100,0,0,4,2,1,1,1,1,1,1,1,1,1,1,8
"2862","Hindi",1,1993,0,"No",100,0,0,1,3,2,2,1,4,2,4,3,4,3,1,12
"2863","Hindi",1,1997,0,"No",0,0,100,1,2,3,2,4,2,4,1,3,1,2,4,19
"2864","Hindi",3,2009,0,"Yes",100,0,0,4,1,1,1,1,1,1,2,2,3,3,1,100
"2865","Hindi",1,1998,0,"Yes",100,0,0,3,2,3,2,2,3,3,1,4,1,2,4,20
"2866","Hindi",1,1990,0,"Yes",100,0,0,1,3,NA,NA,4,1,1,3,2,1,3,1,25
"2867","Hindi",2,1936,0,"Yes",100,0,0,4,2,2,2,2,2,2,4,3,1,2,3,40
"2868","Hindi",1,2002,0,"Yes",100,0,0,3,1,2,1,2,2,2,2,2,4,1,3,15
"2869","Hindi",1,2009,0,"Yes",100,0,0,2,1,3,2,1,2,2,2,2,3,1,2,50
"2870","Hindi",1,2010,0,"No",100,0,0,4,3,4,4,1,4,1,1,2,1,1,4,14
"2871","Hindi",4,2011,0,"Yes",0,0,100,3,2,2,2,2,2,3,2,2,4,2,2,360
"2872","Hindi",1,2011,0,"No",30,0,70,1,1,2,1,1,1,1,4,1,4,1,2,250
"2873","Hindi",1,2010,0,"No",30,0,70,1,1,1,1,1,4,1,1,1,4,4,4,105
"2874","Hindi",1,1984,0,"No",100,0,0,1,3,2,3,4,1,2,1,3,1,3,2,15
"2875","Hindi",2,2010,0,"No",100,0,0,3,2,3,2,3,NA,3,3,1,3,3,4,50
"2876","Hindi",2,1995,1,"No",100,0,0,2,2,2,2,1,1,2,2,1,3,2,1,150
"2877","Hindi",1,2005,0,"Yes",100,0,0,2,2,2,2,2,1,2,2,2,2,1,2,250
"2878","Hindi",1,2011,0,"Yes",100,0,0,4,2,1,3,2,3,3,2,2,4,2,2,64
"2879","Hindi",1,2011,0,"No",100,0,0,3,2,2,2,4,3,3,1,2,1,3,4,6
"2880","Hindi",1,1979,0,"Yes",100,0,0,2,2,2,2,2,2,2,2,2,1,2,2,100
"2881","Hindi",1,1992,0,"Yes",100,0,0,2,1,2,1,1,2,1,1,1,2,1,2,80
"2882","Hindi",1,2006,0,"No",100,0,0,1,1,1,1,1,1,1,1,4,4,4,1,22
"2883","Hindi",2,1994,0,"Yes",100,0,0,3,1,2,3,1,3,2,4,2,4,2,2,210
"2884","Hindi",1,2011,0,"No",100,0,0,4,2,2,2,3,3,2,3,3,1,3,4,40
"2885","Hindi",1,2010,0,"Yes",100,0,0,4,1,1,1,1,1,1,1,3,4,3,1,42
"2886","Hindi",1,2011,0,"Yes",100,0,0,2,1,2,2,1,1,2,2,2,1,1,2,23
"2887","Hindi",2,2000,0,"Yes",100,0,0,3,2,1,1,1,1,1,1,1,2,1,1,16
"2888","Hindi",10,2003,0,"Yes",100,0,0,3,1,3,3,3,3,3,3,2,3,2,3,10
"2889","Hindi",18,1930,0,"Yes",100,0,0,4,2,1,1,3,3,3,1,4,1,2,4,334
"2890","Hindi",3,1964,0,"Yes",100,0,0,3,1,3,4,3,2,3,1,3,4,2,3,50
"2891","Hindi",14,1971,0,"Yes",100,0,0,3,2,4,1,3,3,3,1,3,4,2,3,27
"2892","Hindi",10,1983,0,"No",100,0,0,1,3,1,3,1,1,1,4,1,3,4,1,80
"2893","Hindi",18,1971,0,"No",100,0,0,3,2,4,1,3,3,3,1,3,4,2,3,34
"2894","Hindi",14,1975,0,"Yes",100,0,0,3,1,4,1,3,3,3,1,3,4,2,3,28
"2895","Hindi",21,1996,0,"Yes",100,0,0,2,1,3,4,3,2,3,1,3,4,2,3,32
"2896","Hindi",4,1946,0,"Yes",100,0,0,3,1,3,1,3,3,3,1,3,4,2,3,50
"2897","Hindi",16,1986,0,"No",100,0,0,3,1,4,1,3,3,3,1,3,4,2,4,18
"2898","Hindi",1,2002,0,"Yes",100,0,0,3,1,3,1,3,2,3,1,3,4,2,4,5
"2899","Hindi",3,1964,0,"No",100,0,0,3,2,4,1,3,2,3,1,2,4,2,4,8
"2900","Hindi",3,1995,0,"No",100,0,0,2,2,2,3,3,2,1,2,3,2,3,2,25
"2901","Hindi",3,1995,0,"No",100,0,0,1,3,4,3,3,2,4,2,3,2,3,2,40
"2902","Hindi",2,1990,0,"No",100,0,0,2,1,1,1,1,1,1,1,1,1,1,4,70
"2903","Hindi",1,2006,0,"Yes",30,0,70,2,1,2,1,1,3,1,4,1,1,1,1,1800
"2904","Hindi",2,1990,0,"No",100,0,0,2,1,1,1,1,1,1,1,1,1,1,1,70
"2905","Hindi",1,2009,0,"Yes",40,0,60,1,1,1,1,1,1,1,3,1,1,2,3,700
"2906","Hindi",3,1975,0,"Yes",100,0,0,2,1,3,3,3,3,2,3,3,4,2,3,30
"2907","Hindi",3,1981,0,"Yes",100,0,0,3,1,3,3,3,3,2,3,3,4,2,3,24
"2908","Hindi",6,1961,0,"Yes",96,0,4,3,1,1,4,1,2,1,4,3,3,1,3,203
"2909","Hindi",6,1970,0,"Yes",100,0,0,3,1,1,4,1,1,1,1,3,4,1,3,80
"2910","Hindi",2,1998,0,"No",100,0,0,4,1,4,3,4,1,1,3,4,1,2,4,30
"2911","Hindi",1,1980,0,"Yes",90,0,10,2,1,2,2,2,2,1,2,2,2,1,2,150
"2912","Hindi",1,1995,0,"Yes",100,0,0,2,1,1,1,1,3,1,3,3,3,1,1,150
"2913","Hindi",1,1985,0,"Yes",80,10,10,2,2,2,2,2,4,2,2,2,3,1,1,150
"2914","Hindi",1,1988,0,"No",100,0,0,1,1,1,NA,1,1,1,1,4,1,1,1,300
"2915","Hindi",1,1966,0,"Yes",100,0,0,2,2,4,1,3,2,3,1,3,4,2,4,25
"2916","Hindi",68,1958,1,"Yes",100,0,0,2,1,1,3,4,3,3,1,4,4,2,4,450
"2917","Hindi",1,1989,1,"Yes",100,0,0,2,1,4,3,4,3,3,4,3,4,2,1,150
"2918","Hindi",3,1979,0,"Yes",95,0,5,2,1,3,3,3,3,3,4,3,4,1,3,285
"2919","Hindi",1,1985,0,"Yes",100,0,0,1,1,2,1,2,4,2,2,4,1,1,1,150
"2920","Hindi",1,1984,0,"Yes",100,0,0,2,1,2,NA,3,3,3,3,2,3,2,4,85
"2921","Hindi",1,1978,0,"Yes",100,0,0,2,1,3,1,3,2,3,3,3,4,2,4,22
"2922","Hindi",4,1993,1,"Yes",40,0,60,1,1,1,3,3,1,1,4,3,4,1,2,850
"2923","Hindi",20,1985,0,"Yes",100,0,0,3,3,1,4,1,1,1,3,1,4,1,1,120
"2924","Hindi",8,1996,1,"Yes",70,0,30,2,1,1,3,1,1,4,4,1,4,1,1,450
"2925","Hindi",3,1996,0,"Yes",10,0,90,1,1,1,1,1,1,1,4,1,4,1,3,800
"2926","Hindi",1,2006,0,"Yes",100,0,0,2,1,1,1,4,1,4,2,3,1,3,1,90
"2927","Hindi",1,1982,0,"Yes",90,0,10,2,1,1,2,1,1,1,2,1,1,1,3,200
"2928","Hindi",1,2004,0,"Yes",15,0,85,2,1,1,1,1,3,4,3,1,3,1,1,350
"2929","Hindi",4,2004,0,"Yes",45,0,55,2,1,1,1,1,1,1,2,1,1,1,4,2060
"2930","Hindi",2,1995,0,"Yes",40,0,60,1,1,1,1,1,2,1,3,1,1,1,1,980
"2931","Hindi",1,2000,0,"Yes",90,0,10,1,1,1,1,1,2,1,3,1,1,1,3,180
"2932","Hindi",2,1995,0,"Yes",100,0,0,1,1,2,2,2,1,1,1,1,1,1,4,100
"2933","Hindi",1,1986,0,"Yes",100,0,0,2,1,1,1,1,2,4,4,3,1,2,1,200
"2934","Hindi",4,1993,0,"Yes",45,0,55,2,1,1,1,1,1,1,4,1,3,1,1,2050
"2935","Hindi",1,1986,0,"Yes",80,0,20,2,1,3,1,1,1,1,4,1,1,1,1,275
"2936","Hindi",1,1985,0,"Yes",20,0,80,1,1,1,1,1,3,1,1,1,1,1,3,500
"2937","Hindi",4,1990,0,"Yes",100,0,0,3,1,4,1,3,3,3,4,3,4,2,4,600
"2938","Hindi",3,1994,0,"Yes",95,0,5,2,1,1,1,1,2,1,3,4,1,3,4,98
"2939","Hindi",1,1994,0,"Yes",80,0,20,1,1,2,2,1,4,1,4,4,1,2,2,300
"2940","Hindi",1,2001,0,"Yes",80,0,20,1,1,1,1,3,2,1,3,1,1,1,1,150
"2941","Hindi",1,1994,0,"Yes",93,0,7,1,1,2,2,1,2,1,4,1,4,1,3,170
"2942","Hindi",1,1989,0,"Yes",60,0,40,1,1,1,1,1,1,1,4,1,1,1,1,300
"2943","Hindi",7,1994,0,"Yes",100,0,0,1,1,2,2,1,1,1,3,1,1,1,2,44
"2944","Hindi",1,1998,0,"Yes",100,0,0,3,2,3,2,3,3,1,4,1,4,1,1,135
"2945","Hindi",1,1984,0,"No",100,0,0,2,1,1,1,1,1,2,1,1,3,1,2,130
"2946","Hindi",1,2008,0,"No",60,0,40,1,1,1,1,1,1,1,4,1,3,1,1,300
"2947","Hindi",1,2004,0,"Yes",100,0,0,2,2,1,1,1,3,1,1,1,1,1,4,120
"2948","Hindi",3,1996,0,"Yes",100,0,0,2,1,1,1,4,1,1,4,1,4,1,1,175
"2949","Hindi",2,1996,0,"Yes",100,0,0,1,1,3,2,1,1,1,4,2,3,2,3,600
"2950","Hindi",1,1997,0,"Yes",100,0,0,1,1,1,1,1,1,1,1,1,1,1,1,84
"2951","Hindi",1,1989,0,"Yes",100,0,0,1,1,1,1,1,2,1,1,1,3,1,1,194
"2952","Hindi",2,1991,0,"DON'T KNOW (SPONTANEOUS)",25,0,75,2,1,1,1,1,2,1,2,1,1,1,2,900
"2953","Hindi",1,1965,0,"Yes",90,0,10,1,1,1,1,1,1,1,2,1,NA,NA,1,615
"2954","Hindi",2,1973,0,"Yes",90,0,10,1,1,1,1,1,4,1,3,4,4,4,1,500
"2955","Hindi",3,1996,0,"Yes",0,0,100,1,1,1,1,1,2,1,2,1,1,1,2,250
"2956","Hindi",1,1987,0,"No",100,0,0,1,1,1,1,1,1,1,1,1,1,1,1,110
"2957","Hindi",2,2008,0,"Yes",100,0,0,4,1,1,1,1,2,1,3,1,3,1,3,175
"2958","Hindi",1,1985,0,"No",60,0,40,1,1,1,1,1,1,1,4,1,3,1,1,300
"2959","Hindi",1,1972,0,"Yes",100,0,0,2,1,3,4,3,3,3,4,2,4,2,4,28
"2960","Hindi",1,1986,1,"Yes",80,0,20,2,1,4,1,2,2,2,4,2,4,2,4,200
"2961","Hindi",1,1979,0,"No",100,0,0,4,1,1,1,3,1,1,1,3,4,1,1,80
"2962","Hindi",5,1991,0,"Yes",100,0,0,1,1,1,1,1,1,1,1,3,1,1,1,2000
"2963","Hindi",4,1994,0,"Yes",100,0,0,1,1,1,4,1,1,4,1,2,3,1,1,100
"2964","Hindi",3,1999,0,"No",100,0,0,4,1,1,1,1,1,NA,3,3,4,1,1,200
"2965","Hindi",4,1990,0,"Yes",100,0,0,2,1,1,1,1,1,1,4,3,4,1,1,90
"2966","Hindi",10,1991,0,"Yes",90,0,10,4,1,1,1,1,1,3,1,4,2,1,1,450
"2967","Hindi",4,1997,0,"Yes",70,0,30,2,1,1,1,1,1,4,1,4,3,1,1,250
"2968","Hindi",8,1990,0,"Yes",80,20,0,3,1,1,2,NA,1,1,4,4,3,1,1,525
"2969","Hindi",8,1992,0,"Yes",100,0,0,4,1,1,1,1,1,NA,4,1,3,1,1,190
"2970","Hindi",6,1992,1,"Yes",40,0,60,1,1,1,1,3,1,NA,3,1,4,NA,1,940
"2971","Hindi",3,1980,0,"Yes",98,0,2,1,1,3,1,1,1,NA,4,4,4,1,1,550
"2972","Hindi",5,2006,0,"Yes",50,0,50,1,1,1,1,1,1,1,1,3,3,1,1,75
"2973","Hindi",5,1997,0,"Yes",50,0,50,1,1,1,1,1,1,1,1,4,2,1,1,101
"2974","Hindi",2,1995,0,"No",100,0,0,1,1,1,1,1,1,NA,3,1,4,1,1,26
"2975","Hindi",4,1999,0,"Yes",50,0,50,3,1,1,4,1,1,3,1,4,3,1,1,200
"2976","Hindi",2,1984,0,"Yes",50,0,50,4,1,1,1,1,1,NA,1,4,4,1,1,250
"2977","Hindi",1,2007,0,"No",100,0,0,2,1,1,1,1,1,1,4,1,1,1,1,100
"2978","Hindi",2,2010,0,"Yes",90,0,10,2,1,1,1,1,1,1,4,1,3,1,1,240
"2979","Hindi",3,1995,0,"No",100,0,0,2,2,2,3,3,2,3,2,3,2,3,3,250
"2980","Hindi",1,1989,0,"No",100,0,0,2,1,1,1,1,1,1,4,1,1,1,1,150
"2981","Hindi",4,1981,0,"Yes",100,0,0,1,1,1,1,1,1,1,4,1,4,1,1,550
"2982","Hindi",2,2006,0,"Yes",100,0,0,4,1,3,1,1,1,1,3,1,3,1,1,375
"2983","Hindi",1,1987,0,"Yes",40,0,60,1,1,1,1,1,1,1,4,4,4,1,1,300
"2984","Hindi",2,1996,1,"Yes",100,0,0,1,1,1,1,1,1,1,4,3,3,2,1,1000
"2985","Hindi",6,1962,0,"Yes",96,0,4,2,1,1,1,1,2,1,4,1,4,1,2,540
"2986","Hindi",1,1974,0,"Yes",99,0,1,1,1,1,1,1,1,1,3,1,2,1,1,275
"2987","Hindi",2,1979,0,"No",100,0,0,1,1,1,1,1,1,1,4,1,1,1,1,250
"2988","Hindi",1,2001,0,"No",100,0,0,3,3,2,3,4,1,4,2,4,4,1,3,14
"2989","Hindi",4,1999,0,"Yes",100,0,0,4,1,2,1,1,3,1,4,1,4,1,1,260
"2990","Hindi",1,2008,0,"Yes",60,0,40,3,1,1,1,1,1,1,3,4,1,2,1,138
"2991","Hindi",1,1977,0,"Yes",100,0,0,1,1,1,2,1,2,2,2,1,2,1,1,14
"2992","Hindi",4,1954,0,"No",100,0,0,3,1,4,1,3,3,4,1,3,4,2,4,22
"2993","Hindi",1,1967,1,"Yes",100,0,0,2,1,3,3,2,3,3,3,3,4,2,4,15
"2994","Hindi",1,1959,0,"Yes",85,0,15,2,1,3,4,2,2,3,3,2,4,2,3,120
"2995","Hindi",1,1998,0,"No",100,0,0,1,1,1,3,1,1,4,1,2,2,1,1,30
"2996","Hindi",1,2006,0,"Yes",100,0,0,1,1,1,3,1,1,4,1,3,4,2,1,18
"2997","Hindi",6,2009,1,"Yes",100,0,0,1,1,1,1,1,1,NA,1,1,4,1,1,40
"2998","Hindi",1,1984,0,"Yes",100,0,0,1,1,1,NA,1,1,1,1,1,4,1,1,18
"2999","Hindi",10,1982,0,"Yes",100,0,0,2,1,2,4,1,1,1,1,4,1,1,3,35
"3000","Hindi",1,1998,0,"No",100,0,0,2,1,2,3,2,2,4,3,3,2,2,2,30
"3001","Hindi",1,1999,0,"No",100,0,0,1,1,1,1,2,1,3,1,1,1,1,1,25
"3002","Hindi",1,2002,0,"Yes",95,0,5,1,1,2,1,1,1,1,3,1,1,1,1,160
"3003","Hindi",1,2007,0,"Yes",100,0,0,1,2,2,1,1,3,1,2,1,1,1,1,11
"3004","Hindi",1,2003,0,"Yes",100,0,0,2,1,4,3,2,3,3,3,3,4,1,3,42
"3005","Hindi",1,1984,0,"No",100,0,0,2,1,2,1,4,2,3,1,4,4,2,2,8
"3006","Hindi",1,1990,0,"No",100,0,0,2,1,3,1,4,2,4,1,3,4,2,2,11
"3007","Hindi",1,1989,1,"Yes",100,0,0,2,1,4,1,3,3,3,4,3,4,2,4,25
"3008","Hindi",3,1995,1,"Yes",90,0,10,3,1,4,1,3,1,3,4,2,4,2,4,110
"3009","Hindi",1,1982,0,"Yes",100,0,0,2,1,3,4,3,3,3,4,3,4,2,3,6
"3010","Hindi",1,1996,0,"Yes",100,0,0,2,2,4,1,3,2,3,4,2,4,2,3,25
"3011","Hindi",2,1983,0,"No",100,0,0,2,2,2,2,2,4,2,2,2,1,1,1,7
"3012","Hindi",1,1990,0,"Yes",100,0,0,2,1,3,4,3,2,3,3,3,4,2,3,32
"3013","Hindi",1,1974,0,"Yes",100,0,0,2,1,3,3,3,3,3,3,3,4,1,3,65
"3014","Hindi",1,1990,0,"Yes",100,0,0,2,1,3,3,1,2,3,4,3,4,1,3,18
"3015","Hindi",1,1981,0,"Yes",100,0,0,2,1,3,2,3,3,3,4,3,4,2,3,14
"3016","Hindi",1,1979,0,"Yes",90,0,10,1,1,1,1,2,4,1,2,2,1,1,3,250
"3017","Hindi",1,1978,0,"No",100,0,0,2,2,2,2,2,4,2,2,2,1,1,2,10
"3018","Hindi",1,1993,0,"No",100,0,0,1,1,1,2,2,3,2,2,3,3,1,2,40
"3019","Hindi",2,1994,1,"Yes",100,0,0,2,1,3,4,3,2,3,4,3,4,2,4,25
"3020","Hindi",1,1994,0,"Yes",100,0,0,2,1,3,4,3,3,3,4,3,4,2,3,24
"3021","Hindi",3,2002,1,"Yes",100,0,0,2,1,4,4,3,3,3,4,3,4,2,4,55
"3022","Hindi",1,1990,0,"Yes",100,0,0,2,2,2,2,2,4,2,2,3,1,1,2,40
"3023","Hindi",2,1976,0,"Yes",100,0,0,3,2,2,3,3,3,3,3,3,4,1,3,22
"3024","Hindi",2,1981,0,"Yes",100,0,0,2,2,3,1,3,3,3,4,3,4,2,3,25
"3025","Hindi",4,1982,0,"Yes",90,0,10,2,1,3,4,3,3,2,4,3,4,2,4,35
"3026","Hindi",1,1972,0,"Yes",90,10,0,2,2,1,2,2,2,2,1,2,2,1,1,60
"3027","Hindi",1,1983,0,"Yes",100,0,0,2,1,3,4,3,3,3,4,4,4,2,4,11
"3028","Hindi",2,1986,0,"Yes",100,0,0,3,1,1,1,3,1,3,1,4,4,1,1,23
"3029","Hindi",1,1998,0,"No",100,0,0,3,1,1,4,1,1,4,1,3,1,4,4,65
"3030","Hindi",4,1995,0,"Yes",100,0,0,2,1,1,4,4,1,4,1,4,1,1,3,35
"3031","Hindi",4,2004,0,"No",100,0,0,2,1,1,4,1,1,4,1,3,1,1,4,26
"3032","Hindi",1,1998,0,"Yes",100,0,0,2,1,2,4,1,1,3,3,3,3,1,3,24
"3033","Hindi",1,2000,0,"Yes",100,0,0,3,1,1,1,1,1,4,4,1,3,1,1,36
"3034","Hindi",1,1981,0,"Yes",100,0,0,3,1,1,1,4,1,4,3,1,4,1,1,145
"3035","Hindi",3,1987,0,"No",100,0,0,2,1,1,4,1,1,4,1,3,1,1,1,16
"3036","Hindi",4,1998,0,"Yes",100,0,0,3,1,3,4,4,1,4,4,3,1,4,1,50
"3037","Hindi",3,2007,0,"No",100,0,0,4,1,1,1,1,1,4,1,1,1,1,1,16
"3038","Hindi",2,2001,0,"Yes",100,0,0,1,1,1,4,1,1,4,1,3,1,1,1,16
"3039","Hindi",1,1999,0,"No",100,0,0,2,4,1,4,1,1,4,3,3,1,4,4,15
"3040","Hindi",1,1995,0,"No",100,0,0,3,1,1,4,1,1,4,1,1,4,4,1,17
"3041","Hindi",1,1995,0,"Yes",100,0,0,3,2,3,4,3,3,3,4,3,1,2,4,22
"3042","Hindi",2,1972,0,"Yes",100,0,0,2,1,3,3,4,2,3,4,3,4,2,3,22
"3043","Hindi",1,1974,0,"Yes",100,0,0,3,1,3,4,4,3,3,4,3,4,2,3,6
"3044","Hindi",1,2007,0,"No",100,0,0,1,1,1,1,1,1,1,4,1,4,1,2,20
"3045","Hindi",1,2005,0,"Yes",100,0,0,2,2,1,1,1,1,1,4,3,4,2,4,32
"3046","Hindi",1,1999,0,"Yes",70,10,20,2,1,1,1,1,2,1,2,1,1,1,1,22
"3047","Hindi",1,2005,0,"No",100,0,0,2,1,1,2,1,2,1,3,1,2,1,1,35
"3048","Hindi",1,1990,0,"No",100,0,0,1,1,1,1,1,2,1,1,1,4,1,1,15
"3049","Hindi",1,2006,0,"No",100,0,0,2,1,1,1,1,1,1,4,1,1,1,1,75
"3050","Hindi",1,2008,0,"No",100,0,0,2,1,1,1,1,1,1,1,1,1,1,1,78
"3051","Hindi",1,2005,0,"Yes",100,0,0,1,1,2,1,1,1,1,3,1,4,1,1,30
"3052","Hindi",1,1996,0,"No",100,0,0,1,1,2,2,1,1,1,3,1,1,1,1,30
"3053","Hindi",1,1999,0,"Yes",95,0,5,1,1,2,1,1,1,1,1,1,1,1,1,20
"3054","Hindi",1,1989,0,"Yes",70,0,30,1,1,1,1,1,2,1,1,1,4,1,1,10
"3055","Hindi",1,1991,0,"Yes",80,0,20,2,1,2,1,1,3,1,1,1,1,1,1,18
"3056","Hindi",1,2006,0,"Yes",100,0,0,2,1,2,1,1,3,1,1,1,1,1,1,20
"3057","Hindi",1,1995,0,"No",100,0,0,1,1,1,NA,1,2,1,3,1,2,1,1,9
"3058","Hindi",1,1993,0,"Yes",100,0,0,2,1,1,1,1,4,1,4,1,4,1,1,70
"3059","Hindi",1,1985,0,"No",100,0,0,1,3,3,1,1,1,2,NA,NA,1,NA,4,25
"3060","Hindi",1,1986,0,"Yes",50,0,50,2,1,1,1,1,1,1,4,1,4,1,1,20
"3061","Hindi",1,1991,0,"Yes",100,0,0,1,1,1,1,1,1,1,2,2,1,1,2,15
"3062","Hindi",1,1992,0,"Yes",0,0,100,1,1,1,1,3,1,1,1,1,1,1,4,30
"3063","Hindi",1,1991,0,"Yes",100,0,0,1,1,1,1,1,1,1,2,2,1,1,1,15
"3064","Hindi",1,2003,0,"Yes",100,0,0,2,1,1,1,1,2,1,3,4,1,1,1,275
"3065","Hindi",1,2005,0,"No",100,0,0,3,1,3,2,1,1,1,4,1,1,1,4,60
"3066","Hindi",1,2000,0,"No",100,0,0,1,1,1,NA,1,3,1,1,1,1,1,1,19
"3067","Hindi",1,2001,0,"No",100,0,0,2,1,1,1,1,1,4,1,1,1,1,1,110
"3068","Hindi",2,1985,0,"Yes",100,0,0,1,1,2,3,1,1,1,2,1,1,1,1,45
"3069","Hindi",1,1989,0,"No",100,0,0,3,1,2,1,3,1,1,1,1,1,1,1,15
"3070","Hindi",1,1996,0,"No",90,0,10,4,1,3,2,1,1,1,1,1,4,1,1,35
"3071","Hindi",10,2004,0,"Yes",100,0,0,2,1,1,1,1,1,1,1,1,1,1,1,140
"3072","Hindi",1,1994,0,"No",100,0,0,1,1,1,1,1,2,1,1,1,1,1,1,165
"3073","Hindi",1,1991,0,"No",100,0,0,1,1,1,1,1,1,1,1,1,1,1,1,35
"3074","Hindi",1,1991,0,"Yes",100,0,0,2,1,1,1,1,3,2,1,1,1,1,1,50
"3075","Hindi",1,1996,0,"No",100,0,0,3,1,1,1,1,1,1,1,1,1,1,1,55
"3076","Hindi",1,1989,0,"Yes",100,0,0,1,1,1,NA,3,2,1,3,1,1,1,1,230
"3077","Hindi",1,1988,0,"Yes",100,0,0,1,1,1,1,1,2,1,1,1,3,1,1,300
"3078","Hindi",1,2001,0,"No",100,0,0,1,1,2,2,1,1,1,3,1,1,1,1,10
"3079","Hindi",1,1989,0,"No",100,0,0,1,1,2,3,1,2,1,2,1,2,1,3,14
"3080","Hindi",1,2001,0,"No",100,0,0,1,1,2,1,1,2,1,2,1,1,1,2,12
"3081","Hindi",1,1987,0,"Yes",100,0,0,1,1,1,1,1,1,1,3,2,4,2,2,19
"3082","Hindi",1,2006,0,"No",100,0,0,1,1,1,1,1,1,1,4,1,1,2,1,27
"3083","Hindi",1,1990,0,"No",100,0,0,3,1,2,1,1,2,1,4,1,4,1,1,10
"3084","Hindi",1,2001,0,"Yes",100,0,0,1,1,1,1,1,1,1,1,1,1,1,1,75
"3085","Hindi",1,1989,0,"Yes",100,0,0,1,1,1,1,1,2,1,1,1,1,1,1,75
"3086","Hindi",1,1961,0,"No",100,0,0,2,1,1,1,1,1,1,3,1,4,1,1,25
"3087","Hindi",1,2001,1,"No",75,0,25,1,1,1,1,2,3,2,2,2,1,3,1,45
"3088","Hindi",1,1997,0,"Yes",100,0,0,2,1,2,1,1,1,1,3,1,1,1,2,250
"3089","Hindi",1,1992,0,"Yes",100,0,0,2,1,2,1,1,2,1,4,2,1,2,1,100
"3090","Hindi",1,1960,0,"No",100,0,0,2,1,3,2,1,1,3,3,1,1,1,4,6
"3091","Hindi",1,2002,0,"No",100,0,0,1,1,1,NA,1,1,1,1,1,1,1,1,50
"3092","Hindi",1,1994,0,"No",100,0,0,1,1,1,1,1,2,1,3,1,3,1,1,17
"3093","Hindi",1,1962,0,"Yes",100,0,0,1,1,1,2,1,2,1,2,2,2,2,1,15
"3094","Hindi",1,1995,0,"Yes",100,0,0,1,1,1,1,1,1,1,4,1,1,1,1,17
"3095","Hindi",1,1984,0,"No",100,0,0,1,1,1,NA,1,1,1,1,1,4,1,1,17
"3096","Hindi",1,1984,0,"No",100,0,0,1,1,1,1,1,2,1,3,1,2,1,1,45
"3097","Hindi",1,1985,0,"Yes",100,0,0,2,1,2,NA,1,1,1,1,1,1,1,1,13
"3098","Hindi",1,1978,0,"No",100,0,0,1,1,1,1,4,3,1,1,2,1,2,1,22
"3099","Hindi",1,1991,0,"Yes",100,0,0,1,1,1,1,3,2,1,3,1,1,1,2,35
"3100","Hindi",1,1980,0,"Yes",90,0,10,1,1,1,1,1,1,1,1,2,2,1,1,90
"3101","Hindi",1,1989,0,"Yes",100,0,0,3,1,3,4,2,3,3,3,2,4,2,4,6
"3102","Hindi",2,1995,0,"Yes",100,0,0,3,1,1,1,2,2,1,3,2,3,2,4,12
"3103","Hindi",1,1984,0,"Yes",100,0,0,3,1,3,4,3,2,2,1,2,4,2,4,11
"3104","Hindi",1,2000,0,"Yes",100,0,0,3,1,1,1,4,1,4,1,1,4,1,3,15
"3105","Hindi",3,1997,0,"Yes",100,0,0,2,1,1,4,1,1,4,3,4,3,1,1,25
"3106","Hindi",3,1984,0,"No",100,0,0,1,1,1,4,4,1,4,4,1,4,NA,1,6
"3107","Hindi",1,1972,0,"Yes",100,0,0,1,1,1,4,1,1,4,2,3,4,1,1,24
"3108","Hindi",1,1970,0,"No",100,0,0,1,1,1,4,1,1,1,4,4,1,1,1,8
"3109","Hindi",1,1977,0,"No",100,0,0,1,1,1,4,1,1,1,1,4,4,1,1,25
"3110","Hindi",1,1972,0,"Yes",100,0,0,1,1,1,4,3,1,4,4,1,3,NA,1,32
"3111","Hindi",1,1976,0,"Yes",100,0,0,1,1,3,1,1,1,3,1,1,4,1,1,27
"3112","Hindi",1,1978,0,"No",100,0,0,1,1,1,1,1,1,4,1,4,1,1,4,9
"3113","Hindi",2,1978,0,"No",100,0,0,1,1,1,4,1,1,1,1,4,1,1,1,22
"3114","Hindi",3,1972,0,"Yes",100,0,0,1,1,1,1,1,1,1,1,1,1,1,1,10
"3115","Hindi",1,1977,1,"No",100,0,0,1,1,1,1,1,1,1,1,4,1,2,4,10
"3116","Hindi",3,1976,0,"No",100,0,0,1,1,1,3,1,1,1,1,1,1,1,1,9
"3117","Hindi",1,1995,0,"Yes",100,0,0,3,2,1,1,3,1,1,4,1,3,4,4,35
"3118","Hindi",1,1992,0,"No",100,0,0,1,2,2,2,2,1,2,2,4,4,1,2,30
"3119","Hindi",1,1994,0,"Yes",100,0,0,1,1,3,2,1,3,3,3,2,3,4,3,15
"3120","Hindi",6,2000,0,"Yes",100,0,0,3,1,3,1,4,3,3,4,3,4,2,4,48
"3121","Hindi",3,1991,0,"No",100,0,0,3,1,3,1,3,3,3,1,3,4,2,4,22
"3122","Hindi",1,1993,0,"No",100,0,0,3,1,3,1,3,3,3,1,3,1,2,4,10
"3123","Hindi",1,1989,0,"Yes",100,0,0,3,2,4,3,4,3,3,2,2,4,2,3,7
"3124","Hindi",2,1979,0,"Yes",100,0,0,4,2,4,4,3,3,3,3,2,4,2,3,24
"3125","Hindi",1,1992,0,"Yes",100,0,0,3,2,4,1,3,3,3,3,3,4,2,4,12
"3126","Hindi",1,1985,0,"Yes",100,0,0,4,2,4,3,3,3,3,3,3,4,2,4,15
"3127","Hindi",1,1985,0,"Yes",100,0,0,3,2,4,3,3,3,3,3,3,4,2,3,20
"3128","Hindi",1,1986,0,"Yes",100,0,0,3,1,4,4,3,3,3,3,3,4,2,3,24
"3129","Hindi",1,1994,0,"No",100,0,0,3,1,3,1,4,2,2,1,2,4,2,4,6
"3130","Hindi",2,2003,0,"Yes",100,0,0,3,2,4,1,3,2,3,1,2,4,2,3,13
"3131","Hindi",1,1990,0,"No",100,0,0,3,1,3,4,2,2,4,1,3,4,2,3,10
"3132","Hindi",1,1986,0,"No",100,0,0,3,1,4,1,3,2,3,1,3,4,2,4,5
"3133","Hindi",1,2008,0,"No",100,0,0,4,1,4,1,2,2,3,1,2,4,2,4,8
"3134","Hindi",1,2004,0,"No",100,0,0,1,1,1,1,1,1,1,1,1,1,1,1,24
"3135","Hindi",1,1987,0,"Yes",100,0,0,3,1,1,1,1,4,4,1,4,4,1,4,10
"3136","Hindi",1,1987,0,"Yes",100,0,0,1,1,1,1,4,1,1,4,1,4,1,1,24
"3137","Hindi",1,1994,0,"No",100,0,0,1,2,1,3,4,1,1,4,4,1,1,1,21
"3138","Hindi",1,1984,0,"Yes",99,0,1,2,1,1,1,1,1,4,4,1,3,1,1,80
"3139","Hindi",1,1976,0,"No",100,0,0,1,1,1,1,1,1,4,1,4,3,1,3,20
"3140","Hindi",3,1982,0,"Yes",100,0,0,1,1,1,1,1,1,3,1,4,4,1,1,36
"3141","Hindi",3,1940,1,"Yes",100,0,0,1,1,1,1,1,1,NA,1,1,3,1,1,205
"3142","Hindi",4,1969,0,"No",100,0,0,1,1,1,1,1,1,1,1,1,3,1,1,30
"3143","Hindi",1,2013,1,"No",100,0,0,4,1,1,1,1,1,1,1,1,4,1,1,12
"3144","Hindi",1,2002,0,"No",100,0,0,3,1,1,1,4,1,1,1,3,4,1,1,12
"3145","Hindi",1,2007,0,"No",100,0,0,3,1,1,4,4,1,1,3,3,3,1,1,18
"3146","Hindi",1,2001,0,"Yes",100,0,0,3,1,1,1,1,1,1,1,1,1,1,1,19
"3147","Hindi",1,1990,0,"No",100,0,0,1,1,1,1,1,1,1,1,3,1,1,1,10
"3148","Hindi",8,1982,0,"Yes",100,0,0,2,1,1,1,1,1,NA,4,3,3,1,1,200
"3149","Hindi",2,2003,0,"No",100,0,0,1,4,1,1,1,1,1,1,1,4,1,1,21
"3150","Hindi",2,2005,0,"No",100,0,0,1,1,4,1,1,1,1,4,1,4,1,1,7
"3151","Hindi",1,2002,0,"No",100,0,0,1,1,3,4,4,1,1,4,4,1,1,1,15
"3152","Hindi",1,1996,0,"Yes",100,0,0,3,1,4,1,4,1,1,1,4,4,1,1,23
"3153","Hindi",1,1994,0,"No",100,0,0,1,1,2,2,1,1,1,1,1,4,2,2,25
"3154","Hindi",1,2000,0,"Yes",100,0,0,2,3,1,2,1,1,1,1,2,1,3,1,25
"3155","Hindi",1,1992,0,"No",100,0,0,1,1,2,1,1,1,1,2,2,2,1,4,18
"3156","Hindi",1,2000,0,"No",100,0,0,2,1,2,1,1,3,1,2,3,3,2,1,15
"3157","Hindi",1,1997,0,"No",100,0,0,4,2,2,1,4,1,1,4,1,1,2,4,25
"3158","Hindi",1,1997,0,"No",100,0,0,3,3,2,2,4,2,2,3,4,1,4,2,25
"3159","Hindi",1,1994,0,"No",100,0,0,3,1,1,1,1,1,2,3,1,2,3,3,35
"3160","Hindi",1,2000,0,"Yes",100,0,0,3,2,3,3,1,4,3,2,2,3,2,1,17
"3161","Hindi",1,1993,0,"No",40,0,60,2,1,1,1,1,1,1,4,1,4,1,1,109
"3162","Hindi",1,1999,1,"Yes",100,0,0,2,1,1,NA,1,1,1,4,1,4,1,1,19
"3163","Hindi",1,1991,0,"No",100,0,0,2,1,1,NA,1,1,1,1,1,1,1,1,11
"3164","Hindi",1,1991,0,"No",100,0,0,2,1,1,NA,4,1,4,1,1,1,1,1,50
"3165","Hindi",1,1996,0,"No",100,0,0,3,1,1,1,1,3,1,4,1,3,1,4,17
"3166","Hindi",1,2008,0,"No",100,0,0,2,2,2,2,1,3,1,2,3,3,2,1,8
"3167","Hindi",1,2003,0,"No",100,0,0,2,1,1,1,1,1,1,4,1,1,1,1,18
"3168","Hindi",1,1996,0,"No",100,0,0,1,1,2,2,1,1,1,3,1,1,1,1,30
"3169","Hindi",1,1993,0,"No",100,0,0,1,2,1,2,2,2,2,2,3,2,3,1,28
"3170","Hindi",1,1989,0,"Yes",100,0,0,1,1,4,2,4,2,1,4,1,4,1,1,55
"3171","Hindi",1,2006,0,"Yes",100,0,0,4,1,2,1,1,2,1,4,1,3,1,1,26
"3172","Hindi",1,1997,0,"No",100,0,0,1,1,1,1,1,1,1,1,1,4,1,1,30
"3173","Hindi",1,1984,0,"No",100,0,0,4,2,4,2,3,2,2,4,4,1,4,3,50
"3174","Hindi",1,1988,0,"No",100,0,0,2,1,3,1,3,2,4,1,3,1,2,2,6
"3175","Hindi",1,1978,0,"No",100,0,0,1,1,2,2,2,4,2,2,4,4,1,2,15
"3176","Hindi",1,1982,1,"Yes",100,0,0,2,1,3,4,3,3,3,4,3,4,2,3,6
"3177","Hindi",2,1976,0,"Yes",100,0,0,2,1,3,NA,3,3,3,4,3,4,2,4,31
"3178","Hindi",1,1998,0,"Yes",100,0,0,3,2,3,4,3,2,3,4,3,1,2,4,22
"3179","Hindi",2,1984,0,"Yes",100,0,0,3,2,4,1,3,3,3,4,3,4,2,3,102
"3180","Hindi",1,1996,0,"No",100,0,0,2,2,2,2,2,3,2,2,4,2,1,1,40
"3181","Hindi",1,1993,0,"Yes",90,0,10,2,2,2,2,2,4,2,2,4,4,1,2,80
"3182","Hindi",2,1982,0,"Yes",100,0,0,2,1,4,4,3,3,2,3,3,4,2,3,35
"3183","Hindi",7,2007,0,"Yes",30,0,70,1,1,1,4,1,1,1,1,1,1,1,1,200
"3184","Hindi",3,2003,0,"Yes",100,0,0,3,1,1,4,1,1,4,4,3,1,4,4,35
"3185","Hindi",1,1991,0,"No",100,0,0,2,4,1,1,1,1,4,1,1,4,1,1,9
"3186","Hindi",1,2002,0,"Yes",100,0,0,3,1,1,3,1,1,4,4,4,1,1,4,40
"3187","Hindi",1,2007,0,"No",100,0,0,1,1,1,1,1,1,1,1,1,3,1,3,15
"3188","Hindi",1,2000,0,"Yes",100,0,0,2,1,2,1,1,4,1,4,1,3,1,1,10
"3189","Hindi",1,2002,0,"No",100,0,0,1,1,1,1,1,4,1,4,1,4,1,4,15
"3190","Hindi",2,2001,0,"Yes",70,30,0,1,1,2,2,2,1,1,1,1,1,1,4,100
"3191","Hindi",1,1988,0,"Yes",100,0,0,1,1,4,2,1,2,1,4,1,1,1,4,71
"3192","Hindi",1,1995,0,"No",100,0,0,1,1,1,NA,1,3,1,1,1,1,1,1,30
"3193","Hindi",1,1989,0,"Yes",100,0,0,3,1,3,1,1,4,1,4,1,4,1,3,250
"3194","Hindi",1,1994,0,"No",100,0,0,4,1,2,1,1,3,1,3,1,3,1,3,60
"3195","Hindi",1,1967,0,"Yes",100,0,0,1,1,1,1,2,2,1,2,1,4,1,1,15
"3196","Hindi",1,1984,0,"Yes",100,0,0,1,1,1,1,1,2,1,3,1,1,1,1,30
"3197","Hindi",1,1989,1,"Yes",98,0,2,1,1,1,1,1,2,1,3,1,1,1,1,175
"3198","Hindi",1,1978,0,"No",100,0,0,1,1,1,1,1,1,1,4,1,1,1,1,14
"3199","Hindi",1,2008,0,"Yes",70,0,30,1,1,4,2,2,1,1,4,1,4,1,1,50
"3200","Hindi",1,1970,0,"No",100,0,0,1,1,1,1,1,2,1,4,1,4,1,1,14
"3201","Hindi",1,1975,0,"Yes",100,0,0,3,1,3,1,3,3,2,4,2,4,2,4,20
"3202","Hindi",1,1995,0,"Yes",100,0,0,2,1,3,4,3,3,3,4,2,4,2,3,7
"3203","Hindi",1,1988,0,"Yes",100,0,0,3,1,3,4,3,3,3,4,2,1,2,4,10
"3204","Hindi",1,2007,0,"Yes",100,0,0,3,2,3,1,3,3,3,4,3,4,2,4,25
"3205","Hindi",4,1994,0,"Yes",100,0,0,3,2,3,3,3,3,3,4,2,4,2,4,20
"3206","Hindi",1,1975,0,"No",100,0,0,1,1,1,4,1,1,1,4,3,4,4,1,50
"3207","Hindi",2,1984,0,"Yes",100,0,0,1,1,1,1,1,1,4,4,4,4,1,1,100
"3208","Hindi",1,2003,0,"Yes",100,0,0,2,3,3,1,4,1,3,1,4,1,4,1,25
"3209","Hindi",1,1974,0,"Yes",100,0,0,1,1,1,1,1,1,1,1,4,4,4,1,25
"3210","Hindi",1,2008,0,"No",100,0,0,1,4,1,4,4,1,1,4,1,1,1,3,19
"3211","Hindi",1,1997,0,"No",100,0,0,1,1,2,1,4,2,1,3,1,4,2,3,25
"3212","Hindi",3,1989,0,"Yes",100,0,0,3,1,4,3,3,3,3,3,2,4,2,4,40
"3213","Hindi",1,1995,0,"Yes",100,0,0,3,1,4,4,3,2,2,4,2,4,2,4,22
"3214","Hindi",1,2006,0,"No",100,0,0,1,1,1,1,1,1,1,1,1,4,1,1,25
"3215","Hindi",1,1979,0,"No",100,0,0,4,1,3,4,1,1,4,1,4,1,1,1,40
"3216","Hindi",3,1997,0,"Yes",100,0,0,3,1,1,1,3,1,3,1,4,1,1,1,45
"3217","Hindi",1,1984,0,"No",100,0,0,4,2,1,1,1,1,3,3,1,4,1,1,12
"3218","Hindi",1,1990,0,"No",100,0,0,1,1,1,1,1,1,4,1,1,4,1,1,25
"3219","Hindi",3,1992,0,"Yes",20,0,80,1,1,3,3,3,1,1,4,1,3,1,1,60
"3220","Hindi",1,2002,0,"No",100,0,0,1,1,1,NA,1,1,1,4,4,3,1,1,430
"3221","Hindi",1,1988,0,"No",100,0,0,4,1,3,1,1,1,4,1,1,1,2,4,18
"3222","Hindi",15,1986,0,"Yes",100,0,0,4,1,1,1,1,1,4,4,4,1,1,1,45
"3223","Hindi",3,1995,0,"No",100,0,0,3,1,3,4,4,1,4,1,4,1,1,4,13
"3224","Hindi",2,1985,0,"Yes",100,0,0,1,1,4,4,4,1,4,4,4,4,1,4,50
"3225","Hindi",1,1996,0,"No",100,0,0,1,1,1,1,1,1,1,1,1,2,1,1,20
"3226","Hindi",1,1984,0,"Yes",90,0,10,1,1,1,1,1,1,1,4,1,1,1,1,300
"3227","Hindi",1,1992,0,"Yes",70,0,30,3,1,1,1,1,1,1,1,1,1,1,1,30
"3228","Hindi",1,2008,0,"No",100,0,0,2,1,1,NA,1,2,1,1,1,1,1,1,50
"3229","Hindi",1,2002,0,"Yes",100,0,0,1,1,3,1,1,1,2,2,1,1,2,1,45
"3230","Hindi",1,2010,0,"Yes",100,0,0,3,2,3,4,3,3,3,4,2,4,2,4,14
"3231","Hindi",3,2000,0,"Yes",10,0,90,2,2,1,1,1,4,1,4,1,4,1,2,2300
"3232","Hindi",3,2011,0,"Yes",100,0,0,2,2,1,1,2,1,1,1,2,3,1,1,11
"3233","Hindi",1,2008,0,"No",100,0,0,1,1,1,1,4,2,1,1,1,1,1,1,150
"3234","Hindi",1,1997,0,"No",100,0,0,1,1,2,1,1,1,1,3,2,3,2,2,14
"3235","Hindi",4,2010,0,"Yes",85,0,15,1,1,3,4,1,1,3,4,1,3,1,1,230
"3236","Hindi",3,1985,0,"No",100,0,0,2,1,1,1,1,1,1,4,3,4,1,1,26
"3237","Hindi",1,2010,0,"No",100,0,0,4,1,1,1,4,1,1,1,4,1,1,1,18
"3238","Hindi",3,2003,1,"Yes",100,0,0,1,1,1,1,1,1,1,3,1,1,2,2,165
"3239","Hindi",1,1994,0,"No",100,0,0,4,2,3,2,1,2,1,1,4,1,1,3,20
"3240","Hindi",1,1998,0,"No",100,0,0,1,1,1,1,1,1,1,4,1,1,1,1,20
"3241","Hindi",8,2011,1,"Yes",70,0,30,1,1,1,NA,1,1,NA,1,1,4,1,1,100
"3242","Hindi",1,1981,0,"Yes",100,0,0,3,1,1,1,1,2,1,4,1,1,1,1,90
"3243","Hindi",1,1992,0,"Yes",100,0,0,1,1,2,1,1,1,1,3,2,3,2,2,500
"3244","Hindi",1,1996,0,"Yes",100,0,0,2,1,1,1,1,1,1,2,1,2,1,1,22
"3245","Hindi",1,1997,0,"No",100,0,0,1,1,4,2,4,3,2,3,1,1,4,3,50
"3246","Hindi",1,2010,0,"Yes",80,0,20,1,1,1,1,2,1,1,1,1,1,1,1,95
"3247","Hindi",1,2007,0,"No",100,0,0,1,1,1,NA,1,1,1,1,1,1,1,1,8
"3248","Hindi",1,2009,0,"Yes",100,0,0,3,1,1,NA,1,3,1,1,3,4,2,1,37
"3249","Hindi",1,1992,0,"Yes",100,0,0,2,1,1,NA,1,1,1,1,1,4,1,1,35
"3250","Hindi",1,2010,0,"Yes",100,0,0,2,1,1,NA,1,1,1,4,1,4,1,1,36
"3251","Hindi",1,2008,0,"No",100,0,0,1,1,1,NA,1,1,1,1,1,1,1,1,37
"3252","Hindi",1,2009,0,"Yes",100,0,0,1,1,4,1,1,1,1,4,1,1,1,2,350
"3253","Hindi",3,1995,0,"Yes",100,0,0,1,1,1,NA,1,1,NA,4,3,1,1,1,35
"3254","Hindi",1,2001,0,"No",100,0,0,2,2,1,1,4,1,3,2,4,4,2,4,15
"3255","Hindi",1,2010,0,"Yes",100,0,0,4,1,1,1,1,4,1,1,1,1,3,1,170
"3256","Hindi",1,1996,0,"Yes",5,0,95,2,1,1,1,1,1,1,3,1,3,1,1,1200
"3257","Hindi",1,2002,0,"Yes",100,0,0,1,1,2,1,1,1,1,1,1,4,1,1,16
"3258","Hindi",1,1997,0,"Yes",100,0,0,1,1,4,2,1,1,2,4,4,3,1,1,20
"3259","Hindi",1,2010,0,"Yes",100,0,0,4,1,1,1,1,1,1,1,4,4,3,3,125
"3260","Hindi",1,1999,0,"No",100,0,0,2,1,1,1,1,1,4,4,1,4,4,1,300
"3261","Hindi",2,1994,0,"Yes",90,0,10,3,1,1,1,1,1,1,4,1,3,1,1,360
"3262","Hindi",1,2010,0,"No",100,0,0,3,1,1,NA,1,1,1,3,3,4,2,1,20
"3263","Hindi",4,2010,0,"Yes",100,0,0,3,1,1,NA,1,1,NA,4,4,3,1,1,45
"3264","Hindi",1,2004,0,"No",100,0,0,2,1,1,NA,1,2,1,1,1,1,1,1,18
"3265","Hindi",1,1982,0,"Yes",80,0,20,2,3,2,3,3,3,3,3,4,4,2,1,40
"3266","Hindi",3,2011,0,"Yes",100,0,0,2,1,3,NA,3,3,3,4,3,4,2,3,30
"3267","Hindi",1,1982,0,"Yes",60,0,40,2,1,3,4,3,3,3,4,3,4,2,3,50
"3268","Hindi",1,1999,0,"Yes",100,0,0,2,4,3,3,2,1,1,2,1,1,1,1,19
"3269","Hindi",1,1991,0,"No",100,0,0,1,2,2,1,1,1,1,3,1,4,1,1,14
"3270","Hindi",2,1987,0,"Yes",40,0,60,1,1,1,1,1,1,1,4,3,3,3,1,1700
"3271","Hindi",3,1980,0,"Yes",100,0,0,2,1,2,2,4,2,2,3,1,1,1,2,180
"3272","Hindi",2,2009,0,"Yes",100,0,0,2,1,2,1,3,2,3,3,1,4,1,2,125
"3273","Hindi",1,1957,0,"Yes",100,0,0,4,1,1,4,3,2,3,3,3,4,2,3,250
"3274","Hindi",2,1992,0,"Yes",100,0,0,3,2,3,3,4,2,4,3,2,2,2,3,80
"3275","Hindi",1,1932,0,"Yes",100,0,0,1,2,3,4,3,2,3,4,2,4,2,4,500
"3276","Hindi",1,1930,0,"No",100,0,0,3,3,3,3,3,2,4,4,2,2,2,3,4500
"3277","Hindi",1,2000,0,"No",100,0,0,4,2,2,2,4,2,4,3,2,2,2,2,16
"3278","Hindi",8,1932,1,"Yes",100,0,0,2,2,3,4,4,2,3,4,2,4,2,3,650
"3279","Hindi",1,2008,0,"No",100,0,0,2,1,2,2,3,4,2,3,1,2,1,2,300
"3280","Hindi",4,2006,0,"Yes",100,0,0,1,2,4,4,4,2,3,4,2,2,2,3,125
"3281","Hindi",3,2009,0,"Yes",100,0,0,1,3,3,4,4,2,3,4,2,2,2,3,30
"3282","Hindi",1,2009,0,"No",100,0,0,4,2,3,3,4,2,4,4,2,2,2,3,37
"3283","Hindi",1,2012,0,"No",100,0,0,3,2,2,3,3,2,3,3,2,3,4,2,7
"3284","Hindi",1,2008,0,"No",100,0,0,3,2,3,3,3,2,3,3,2,2,2,3,6
"3285","Hindi",1,2008,0,"No",100,0,0,2,2,2,2,3,2,3,3,2,2,4,2,6
"3286","Hindi",1,1996,0,"No",100,0,0,3,1,2,2,3,2,3,3,2,3,4,2,5
"3287","Hindi",1,2009,0,"No",100,0,0,3,2,2,2,3,4,3,3,2,3,2,2,6
"3288","Hindi",1,2009,0,"No",100,0,0,3,2,3,3,3,2,3,3,2,4,2,3,30
"3289","Hindi",1,2002,0,"No",100,0,0,2,4,2,3,1,3,2,2,2,3,2,2,135
"3290","Hindi",1,1993,0,"No",100,0,0,3,2,3,3,3,2,3,3,2,2,2,3,150
"3291","Hindi",1,1972,0,"No",100,0,0,2,2,2,3,3,2,2,3,3,4,3,3,15
"3292","Hindi",2,1980,0,"No",100,0,0,3,2,2,1,2,2,2,2,4,2,1,2,30
"3293","Hindi",1,1991,0,"No",100,0,0,3,2,2,1,2,2,3,3,2,3,4,2,25
"3294","Hindi",2,1972,0,"No",20,0,80,3,2,2,4,1,2,2,2,2,3,2,2,300
"3295","Hindi",1,1984,0,"No",100,0,0,3,2,2,2,2,2,2,3,1,2,1,2,13
"3296","Hindi",1,1995,0,"No",100,0,0,4,2,3,3,3,2,3,3,2,2,2,3,15
"3297","Hindi",1,1992,0,"No",100,0,0,3,2,3,3,3,2,3,3,2,2,2,3,20
"3298","Hindi",1,1936,1,"No",100,0,0,4,2,2,2,4,2,4,4,2,2,2,3,18
"3299","Hindi",1,1990,0,"No",100,0,0,3,1,2,1,3,2,3,3,1,2,4,2,7
"3300","Hindi",1,2000,0,"Yes",80,0,20,4,2,2,4,2,3,2,2,4,3,4,3,60
"3301","Hindi",1,1988,0,"Yes",100,0,0,3,1,2,1,2,1,2,2,1,4,1,2,30
"3302","Hindi",1,1981,0,"Yes",100,0,0,2,1,3,3,3,1,2,4,2,4,1,3,30
"3303","Hindi",1,1980,0,"No",100,0,0,4,2,2,2,4,2,3,4,2,2,2,3,15
"3304","Hindi",1,2009,0,"Yes",100,0,0,2,3,2,1,2,2,3,2,2,3,1,2,13
"3305","Hindi",1,1996,0,"No",100,0,0,3,2,2,2,3,4,3,3,2,3,2,2,40
"3306","Hindi",1,1959,0,"No",100,0,0,3,1,3,2,3,2,4,2,2,2,1,2,130
"3307","Hindi",1,1987,0,"Yes",100,0,0,2,2,3,2,2,2,3,3,2,4,2,2,50
"3308","Hindi",1,1989,0,"No",100,0,0,3,2,3,3,3,2,2,3,2,2,2,3,30
"3309","Hindi",1,1987,0,"No",100,0,0,4,1,2,3,3,2,2,3,1,2,1,2,40
"3310","Hindi",1,1996,0,"No",100,0,0,3,2,2,2,3,2,3,3,1,3,1,2,20
"3311","Hindi",1,2006,0,"No",100,0,0,3,2,2,2,3,2,2,3,2,3,2,2,18
"3312","Hindi",1,2000,0,"No",100,0,0,3,2,3,3,3,2,2,3,2,2,2,3,35
"3313","Hindi",1,2001,0,"No",100,0,0,1,1,2,3,4,2,4,2,2,3,1,2,75
"3314","Hindi",1,1998,0,"No",100,0,0,2,2,3,3,3,2,3,3,2,2,2,3,10
"3315","Hindi",2,1998,0,"No",100,0,0,3,2,3,4,3,2,4,NA,NA,NA,NA,4,30
"3316","Hindi",1,1992,0,"Yes",100,0,0,2,1,2,3,4,2,3,3,3,4,2,2,150
"3317","Hindi",1,1994,0,"No",100,0,0,3,2,2,2,3,2,3,3,1,2,1,2,20
"3318","Hindi",1,2004,0,"No",100,0,0,3,2,3,3,3,2,3,3,2,2,2,3,22
"3319","Hindi",1,1991,0,"No",100,0,0,3,2,3,2,3,2,3,3,1,2,4,2,20
"3320","Hindi",1,2012,0,"No",100,0,0,4,2,3,3,3,2,4,3,2,2,2,3,6
"3321","Hindi",1,1999,0,"No",100,0,0,4,2,3,3,3,2,4,4,2,2,2,3,14
"3322","Hindi",2,2003,0,"No",100,0,0,2,1,2,1,3,2,3,1,2,3,2,2,6
"3323","Hindi",1,2003,0,"No",100,0,0,3,1,2,NA,1,2,3,3,2,1,1,1,7
"3324","Hindi",1,2004,0,"No",100,0,0,2,1,1,NA,3,2,2,2,2,1,1,1,8
"3325","Hindi",1,2003,0,"No",100,0,0,1,2,2,NA,NA,1,3,3,3,1,2,3,8
"3326","Hindi",1,2004,0,"No",100,0,0,2,2,2,1,2,2,4,3,2,3,1,2,11
"3327","Hindi",1,1960,0,"No",100,0,0,3,2,2,2,2,2,2,2,1,1,4,2,8
"3328","Hindi",1,1999,0,"No",100,0,0,3,2,2,3,1,2,2,2,2,3,2,2,15
"3329","Hindi",2,1993,0,"Yes",100,0,0,3,2,3,2,2,2,2,2,2,3,2,2,400
"3330","Hindi",1,2000,0,"Yes",100,0,0,2,3,3,1,2,1,2,2,2,2,4,2,340
"3331","Hindi",1,2006,0,"No",100,0,0,3,2,2,3,3,2,3,3,1,3,1,2,40
"3332","Hindi",1,1973,0,"No",100,0,0,2,2,3,2,2,2,3,3,2,3,1,3,15
"3333","Hindi",1,1966,0,"No",100,0,0,3,1,2,3,3,2,2,3,1,2,4,2,10
"3334","Hindi",1,2006,0,"No",100,0,0,2,1,2,2,3,4,3,3,1,2,1,2,40
"3335","Hindi",1,2006,0,"No",100,0,0,3,2,3,3,3,2,2,3,2,2,2,3,30
"3336","Hindi",1,2008,0,"No",100,0,0,3,2,3,3,3,2,3,3,2,2,2,3,50
"3337","Hindi",1,1993,0,"Yes",100,0,0,3,2,2,2,3,2,3,3,2,2,2,3,60
"3338","Hindi",1,1982,0,"Yes",100,0,0,2,2,2,3,1,2,2,2,1,3,1,2,15
"3339","Hindi",1,1993,0,"No",100,0,0,3,2,2,3,1,2,2,2,2,3,2,2,61
"3340","Hindi",1,2003,0,"No",100,0,0,4,1,4,NA,3,3,2,3,4,3,3,4,18
"3341","Hindi",1,2004,0,"No",100,0,0,3,2,4,3,3,2,3,3,2,2,2,3,35
"3342","Hindi",1,2003,0,"No",100,0,0,3,2,2,2,3,2,3,3,1,2,1,2,20
"3343","Hindi",1,2010,0,"Yes",100,0,0,4,3,4,4,4,2,4,4,2,2,2,3,10
"3344","Hindi",1,2008,0,"No",100,0,0,3,3,3,4,2,2,3,4,3,4,3,4,30
"3345","Hindi",1,2011,0,"No",100,0,0,3,2,3,3,3,2,3,3,2,2,2,3,6
"3346","Hindi",1,2000,0,"No",100,0,0,4,2,3,3,4,2,4,3,2,2,2,2,6
"3347","Hindi",1,2010,0,"No",100,0,0,3,1,3,2,3,3,4,4,4,4,3,4,6
"3348","Hindi",1,1989,0,"Yes",100,0,0,1,2,4,4,1,2,4,4,2,2,2,3,30
"3349","Hindi",1,2009,0,"No",100,0,0,4,2,3,2,3,3,4,4,1,3,3,1,15
"3350","Hindi",1,1992,0,"No",100,0,0,1,2,4,4,1,2,4,4,2,2,2,3,10
"3351","Hindi",1,1998,0,"No",100,0,0,3,1,2,1,3,2,3,2,1,2,1,2,10
"3352","Hindi",1,1961,0,"No",100,0,0,4,2,3,3,3,2,4,4,2,2,2,2,7
"3353","Hindi",1,1985,0,"No",100,0,0,4,2,2,2,3,2,4,4,2,2,2,3,7
"3354","Hindi",1,1991,0,"No",100,0,0,4,2,3,3,1,2,4,4,2,2,2,3,8
"3355","Hindi",1,1996,0,"No",100,0,0,1,2,3,3,4,2,4,4,2,2,2,3,40
"3356","Hindi",1,1984,0,"No",100,0,0,4,2,2,2,3,2,4,3,2,2,2,2,17
"3357","Hindi",1,1970,0,"No",100,0,0,1,1,2,1,1,2,3,2,1,3,1,2,7
"3358","Hindi",1,2004,0,"No",100,0,0,3,1,2,1,2,2,4,3,2,3,2,2,60
"3359","Hindi",1,1984,0,"No",100,0,0,4,1,2,1,2,2,2,3,3,3,3,2,75
"3360","Hindi",1,1991,0,"No",100,0,0,3,1,2,1,2,2,2,2,2,3,2,2,40
"3361","Hindi",1,1975,0,"No",100,0,0,4,2,3,3,4,2,4,4,3,3,3,3,7
"3362","Hindi",1,1995,0,"No",100,0,0,4,2,3,3,3,2,4,4,3,3,2,3,10
"3363","Hindi",1,1996,0,"No",100,0,0,2,1,1,1,2,2,3,3,2,4,2,2,57
"3364","Hindi",2,2006,0,"No",100,0,0,3,2,3,2,2,3,4,4,4,3,3,4,18
"3365","Hindi",1,2004,0,"No",100,0,0,4,2,3,3,4,1,4,3,1,1,1,3,30
"3366","Hindi",1,2000,0,"No",100,0,0,3,2,2,1,2,2,2,2,4,3,1,2,20
"3367","Hindi",1,1988,0,"No",100,0,0,1,1,2,1,2,2,3,3,1,3,1,2,7
"3368","Hindi",1,2005,0,"No",100,0,0,1,2,3,4,4,3,3,4,2,4,2,4,40
"3369","Hindi",2,2001,0,"No",100,0,0,4,1,2,1,2,2,2,3,2,3,2,2,60
"3370","Hindi",1,1983,0,"No",100,0,0,3,1,2,1,2,1,3,2,1,2,4,2,10
"3371","Hindi",1,1981,1,"No",100,0,0,1,2,3,3,1,2,4,4,2,2,2,3,20
"3372","Hindi",1,1998,0,"No",100,0,0,4,2,3,3,4,2,3,4,2,2,2,3,120
"3373","Hindi",1,1998,0,"Yes",100,0,0,3,1,2,1,3,1,2,2,1,2,1,2,21
"3374","Hindi",1,2004,0,"Yes",100,0,0,4,2,3,3,3,2,3,3,2,2,2,3,12
"3375","Hindi",1,2000,0,"No",100,0,0,4,3,3,3,4,2,4,4,2,2,2,3,14
"3376","Hindi",1,2005,0,"No",100,0,0,3,2,3,2,2,2,3,3,2,4,2,3,10
"3377","Hindi",1,2009,0,"Yes",100,0,0,3,1,2,1,3,2,2,2,1,2,1,2,22
"3378","Hindi",1,2009,0,"No",100,0,0,2,1,2,2,2,2,2,3,1,2,4,2,30
"3379","Hindi",1,1986,0,"Yes",100,0,0,2,3,3,1,3,2,3,3,3,2,3,3,100
"3380","Hindi",1,1990,0,"Yes",100,0,0,3,2,3,3,3,2,2,3,2,2,2,3,20
"3381","Hindi",1,2010,0,"No",100,0,0,3,2,2,2,2,2,3,3,1,2,1,2,10
"3382","Hindi",1,2009,0,"Yes",100,0,0,3,2,2,2,3,2,3,3,1,3,4,2,50
"3383","Hindi",1,2003,0,"No",100,0,0,1,1,3,2,2,1,2,2,2,2,1,1,8
"3384","Hindi",1,2006,0,"No",100,0,0,4,2,4,4,4,2,4,4,2,2,2,3,25
"3385","Hindi",1,2001,0,"No",100,0,0,1,1,3,NA,3,NA,4,3,2,4,2,3,10
"3386","Hindi",1,1999,0,"No",100,0,0,3,1,2,3,3,4,2,3,1,3,1,2,21
"3387","Hindi",1,1982,0,"No",100,0,0,4,2,3,3,4,2,3,3,2,2,2,3,19
"3388","Hindi",1,1995,0,"No",100,0,0,3,2,3,3,3,2,3,3,2,2,2,3,90
"3389","Hindi",1,1990,0,"No",100,0,0,2,1,2,3,3,1,2,2,1,2,4,3,21
"3390","Hindi",1,2005,0,"Yes",100,0,0,4,2,3,3,4,2,4,4,2,2,2,3,10
"3391","Hindi",1,2001,0,"No",100,0,0,1,2,3,2,3,3,3,3,3,4,3,4,15
"3392","Hindi",1,2010,0,"Yes",100,0,0,2,2,3,3,3,2,2,3,2,4,2,3,90
"3393","Hindi",1,2002,0,"No",100,0,0,2,1,1,1,2,1,2,3,2,2,1,2,6
"3394","Hindi",1,1997,0,"No",100,0,0,3,2,3,3,3,2,3,3,2,2,2,3,40
"3395","Hindi",1,2004,0,"No",100,0,0,3,2,2,1,3,2,3,3,1,3,1,2,15
"3396","Hindi",1,1990,0,"No",99,0,1,4,2,3,4,3,2,2,3,2,4,2,4,30
"3397","Hindi",1,1996,0,"No",100,0,0,2,1,3,2,2,4,2,2,1,2,1,2,110
"3398","Hindi",1,1983,0,"No",100,0,0,1,1,2,1,3,2,3,3,2,3,2,2,60
"3399","Hindi",1,2002,0,"No",100,0,0,3,1,2,1,2,2,2,3,1,3,1,2,10
"3400","Hindi",1,1993,0,"No",100,0,0,3,1,2,1,3,1,2,2,1,2,1,2,10
"3401","Hindi",2,1996,0,"No",100,0,0,3,1,2,1,2,2,2,3,2,3,2,2,60
"3402","Hindi",1,1994,0,"No",100,0,0,4,3,4,3,1,2,4,4,2,3,2,3,14
"3403","Hindi",2,1998,0,"Yes",100,0,0,3,1,2,1,2,2,2,3,1,2,4,2,10
"3404","Hindi",1,2010,0,"No",100,0,0,1,3,3,2,3,3,4,3,4,1,3,4,19
"3405","Hindi",1,2010,0,"No",100,0,0,4,2,3,3,1,2,4,4,2,2,2,3,10
"3406","Hindi",1,2010,0,"No",100,0,0,4,2,3,3,4,2,4,3,2,2,2,2,14
"3407","Hindi",1,2004,0,"No",100,0,0,4,2,2,2,2,2,4,3,2,2,2,2,10
"3408","Hindi",1,2009,0,"No",100,0,0,2,2,2,2,3,2,2,3,1,2,1,2,5
"3409","Hindi",1,2011,0,"No",100,0,0,3,2,3,3,3,2,3,3,2,2,2,3,19
"3410","Hindi",1,2010,0,"No",100,0,0,2,1,3,3,3,2,3,2,2,2,1,2,9
"3411","Hindi",1,2011,0,"Yes",100,0,0,3,1,2,1,3,1,2,2,1,2,4,2,10
"3412","Hindi",1,2008,0,"No",100,0,0,4,2,3,3,4,2,4,3,1,1,1,3,30
"3413","Hindi",1,2011,0,"No",100,0,0,4,2,3,3,3,2,3,3,2,2,2,3,7
"3414","Hindi",1,1994,0,"No",100,0,0,3,2,3,3,3,2,3,3,2,2,2,3,10
"3415","Hindi",1,1996,0,"No",100,0,0,1,1,2,1,2,2,2,3,2,3,2,2,8
"3416","Hindi",1,2009,0,"No",100,0,0,3,2,3,3,4,2,4,4,2,2,2,3,8
"3417","Hindi",1,2011,0,"No",100,0,0,3,2,3,3,3,2,3,3,3,2,2,3,12
"3418","Hindi",1,2010,0,"No",100,0,0,3,1,2,2,3,1,3,2,1,2,4,2,7
"3419","Hindi",1,2010,0,"No",100,0,0,4,2,3,3,2,1,4,4,2,2,2,2,7
"3420","Hindi",1,1995,0,"No",100,0,0,2,2,3,4,3,3,3,4,2,4,2,4,10
"3421","Hindi",1,2011,0,"No",100,0,0,3,1,4,3,4,1,3,4,2,1,2,2,24
"3422","Hindi",1,2010,0,"No",100,0,0,1,2,3,3,1,2,4,3,2,2,2,3,10
"3423","Hindi",1,2009,0,"No",100,0,0,3,2,3,3,3,2,3,3,2,2,2,3,6
"3424","Hindi",1,2003,0,"No",100,0,0,1,1,2,1,3,2,2,3,2,3,2,2,8
"3425","Hindi",1,2010,0,"No",100,0,0,3,2,3,3,3,2,4,4,2,2,2,2,5
"3426","Hindi",1,2010,0,"No",100,0,0,1,2,2,1,4,2,3,2,4,3,1,2,8
"3427","Hindi",1,2007,0,"No",100,0,0,3,2,3,3,3,2,3,3,2,2,2,3,6
"3428","Hindi",1,2008,0,"No",100,0,0,1,1,2,3,4,2,3,2,2,2,1,2,40
"3429","Hindi",1,2001,0,"No",100,0,0,3,1,2,2,4,2,3,3,2,2,2,2,6
"3430","Hindi",1,2002,0,"No",100,0,0,3,2,3,3,3,2,3,3,2,2,2,3,7
"3431","Hindi",1,2011,0,"No",100,0,0,2,1,2,1,3,2,2,3,1,2,1,2,20
"3432","Hindi",1,2011,0,"No",100,0,0,3,3,3,3,4,2,4,4,2,2,2,3,10
"3433","Hindi",1,2005,0,"No",100,0,0,4,2,3,3,3,2,3,3,2,2,2,3,8
"3434","Hindi",1,2012,0,"No",100,0,0,3,1,2,1,3,1,2,2,1,2,1,2,78
"3435","Hindi",1,2011,0,"No",100,0,0,3,2,2,3,3,2,3,3,2,3,1,2,8
"3436","Hindi",1,2011,0,"No",100,0,0,3,2,2,2,3,2,2,4,1,2,1,2,7
"3437","Hindi",1,2011,0,"Yes",100,0,0,4,2,3,3,3,2,3,3,2,2,2,3,52
"3438","Hindi",1,2001,0,"No",100,0,0,1,2,3,3,4,2,4,4,2,2,2,3,40
"3439","Hindi",1,2010,0,"No",100,0,0,1,2,4,3,1,2,4,4,2,2,2,3,40
"3440","Hindi",1,2000,0,"Yes",100,0,0,3,1,3,2,3,3,3,4,4,4,3,4,25
"3441","Hindi",1,1998,0,"No",100,0,0,3,2,3,3,4,2,3,3,1,1,4,3,12
"3442","Hindi",3,2011,0,"Yes",100,0,0,2,1,2,3,3,1,3,3,1,1,1,2,40
"3443","Hindi",1,2011,0,"No",100,0,0,4,2,2,2,3,2,2,3,1,2,1,2,10
"3444","Hindi",1,1993,0,"No",100,0,0,2,1,2,1,2,1,3,3,2,3,2,2,7
"3445","Hindi",1,2010,0,"No",100,0,0,4,2,3,3,2,2,4,3,2,2,2,3,8
"3446","Hindi",1,2005,0,"No",100,0,0,4,2,3,2,2,2,3,4,3,4,2,3,12
"3447","Hindi",1,2011,0,"No",100,0,0,4,2,2,2,4,2,4,1,2,2,2,2,30
"3448","Hindi",1,2010,0,"No",100,0,0,3,1,3,3,3,2,3,3,1,1,1,2,20
"3449","Hindi",1,2012,0,"No",100,0,0,4,2,3,3,3,2,3,4,2,2,2,2,7
"3450","Hindi",1,2003,0,"No",100,0,0,3,2,3,3,3,2,3,3,2,2,2,3,10
"3451","Hindi",1,2003,0,"No",100,0,0,2,1,2,NA,2,2,2,2,2,1,1,1,6
"3452","Hindi",1,2003,0,"No",100,0,0,4,2,3,3,3,2,4,1,2,3,2,3,5
"3453","Hindi",1,1999,0,"No",100,0,0,4,2,3,3,3,2,4,4,2,2,2,3,20
"3454","Hindi",1,2009,0,"No",100,0,0,4,2,3,3,4,2,4,4,2,2,2,3,7
"3455","Hindi",1,2011,0,"No",100,0,0,4,2,3,3,3,2,3,4,2,2,2,3,20
"3456","Hindi",1,2013,0,"Yes",100,0,0,3,1,3,2,3,1,2,4,2,4,1,3,50
"3457","Hindi",1,2010,0,"No",100,0,0,4,2,3,3,4,2,3,3,2,2,2,3,10
"3458","Hindi",5,2012,0,"Yes",100,0,0,4,2,3,3,4,2,4,3,2,2,2,3,50
"3459","Hindi",1,2008,0,"No",100,0,0,4,2,3,3,3,2,3,4,2,2,2,3,6
"3460","Hindi",1,2010,0,"No",100,0,0,4,3,3,4,4,3,3,4,1,3,3,3,14
"3461","Hindi",1,2007,0,"No",100,0,0,2,1,2,1,3,2,3,3,2,2,2,2,7
"3462","Hindi",1,2008,0,"No",100,0,0,4,2,3,3,3,2,4,4,2,2,2,3,6
"3463","Hindi",1,2010,0,"No",100,0,0,4,2,3,3,4,2,4,4,2,2,2,2,6
"3464","Hindi",1,2011,0,"Yes",100,0,0,2,1,3,3,2,1,3,2,3,4,2,2,73
"3465","Hindi",1,2011,0,"No",100,0,0,3,2,3,3,3,2,3,3,2,2,2,3,20
"3466","Hindi",1,2010,0,"No",100,0,0,4,2,2,3,3,2,3,3,2,2,2,3,10
"3467","Hindi",1,1957,0,"Yes",100,0,0,1,1,1,1,1,1,1,1,1,1,1,1,400
"3468","Hindi",3,NA,0,"Yes",100,0,0,1,1,2,1,1,NA,1,NA,NA,NA,NA,2,460
"3469","Hindi",1,1976,0,"Yes",98,0,2,1,1,1,1,4,1,1,1,1,1,1,3,125
"3470","Hindi",3,1965,0,"Yes",88,0,12,1,1,3,1,1,1,1,3,1,3,1,3,170
"3471","Hindi",1,1984,0,"Yes",0,0,100,3,1,1,2,4,3,1,4,3,1,4,1,75
"3472","Hindi",1,1993,0,"Yes",80,20,0,2,1,2,NA,1,1,4,1,1,1,3,1,150
"3473","Hindi",1,1971,0,"Yes",99,0,1,2,1,1,1,NA,1,1,1,1,1,NA,1,175
"3474","Hindi",2,1974,0,"Yes",100,0,0,1,1,3,2,1,1,2,3,1,1,1,1,100
"3475","Hindi",1,1957,0,"Yes",85,0,15,1,2,2,1,1,1,2,3,1,1,1,2,100
"3476","Hindi",1,1975,0,"No",100,0,0,2,1,1,1,2,1,1,1,2,2,2,1,600
"3477","Hindi",3,1917,0,"Yes",95,0,5,2,4,1,1,1,1,2,2,1,2,3,3,160
"3478","Hindi",1,1972,0,"Yes",97,0,3,1,1,1,1,1,1,1,4,2,2,2,2,65
"3479","Hindi",1,1943,0,"Yes",100,0,0,2,1,2,1,1,1,1,1,2,1,1,1,135
"3480","Hindi",2,1930,0,"No",100,0,0,3,1,2,1,1,1,1,2,1,1,1,1,1228
"3481","Hindi",7,1949,0,"Yes",99,0,1,1,1,3,3,4,1,1,1,1,1,1,1,1343
"3482","Hindi",1,2001,0,"Yes",1,0,99,1,1,2,3,1,1,1,4,1,3,1,2,750
"3483","Hindi",1,1996,0,"Yes",50,0,50,1,1,2,1,1,1,2,1,1,1,1,2,220
"3484","Hindi",3,1974,0,"Yes",100,0,0,1,1,1,1,1,1,1,3,1,2,1,1,15
"3485","Hindi",1,1994,0,"Yes",0,0,100,2,1,2,4,3,1,1,4,1,1,2,3,400
"3486","Hindi",2,2001,0,"Yes",10,90,0,1,1,2,3,2,4,2,4,2,3,1,3,126
"3487","Hindi",1,2002,0,"No",100,0,0,1,2,2,1,1,1,1,3,1,1,1,2,400
"3488","Hindi",1,1970,0,"Yes",98,2,0,1,1,1,1,1,1,1,1,1,1,1,1,4000
"3489","Hindi",2,1953,0,"Yes",100,0,0,1,1,1,NA,4,1,1,2,2,2,3,4,273
"3490","Hindi",10,1955,0,"Yes",90,0,10,1,1,3,1,1,1,1,3,2,2,1,4,147
"3491","Hindi",1,1970,0,"Yes",100,0,0,3,3,1,1,4,3,1,3,3,3,1,1,200
"3492","Hindi",1,1937,0,"No",90,0,10,4,1,1,1,1,1,1,1,4,4,3,1,400
"3493","Hindi",1,1933,0,"No",100,0,0,1,1,1,1,1,1,1,4,1,1,1,1,145
"3494","Hindi",2,1991,0,"Yes",100,0,0,1,1,4,2,2,1,1,3,2,3,2,1,200
"3495","Hindi",1,1930,0,"No",100,0,0,2,1,3,1,1,2,1,4,1,4,2,1,1000
"3496","Hindi",4,1966,0,"Yes",2,0,98,1,1,1,1,1,1,4,3,2,3,1,1,421
"3497","Hindi",1,1990,0,"Yes",0,0,100,1,1,1,3,1,1,2,4,1,2,1,3,80
"3498","Hindi",3,1990,0,"Yes",0,0,100,1,1,1,4,1,1,3,3,1,2,1,3,140
"3499","Hindi",1,1983,1,"No",0,0,100,1,1,1,4,1,1,1,4,4,3,1,3,300
"3500","Hindi",1,1947,0,"Yes",95,0,5,1,1,2,1,2,1,1,2,1,2,4,2,275
"3501","Hindi",7,1987,0,"Yes",95,0,5,2,1,1,1,1,1,1,2,2,1,1,1,40
"3502","Hindi",5,2006,0,"Yes",0,0,100,1,1,1,1,1,1,1,1,1,1,1,1,828
"3503","Hindi",1,1989,0,"Yes",97,0,3,1,1,2,3,3,1,2,2,1,2,2,3,430
"3504","Hindi",2,1938,0,"Yes",98,0,2,1,2,2,2,1,1,2,2,4,1,1,1,350
"3505","Hindi",3,1975,0,"Yes",96,4,0,1,1,3,3,1,1,2,2,3,3,3,3,105
"3506","Hindi",1,2007,0,"Yes",95,0,5,2,3,4,4,4,2,1,3,3,1,4,3,100
"3507","Hindi",1,1930,0,"Yes",25,50,25,3,1,3,1,2,2,2,2,1,4,1,3,35
"3508","Hindi",4,1988,0,"Yes",75,25,0,1,1,1,1,2,1,1,4,1,1,1,4,1110
"3509","Hindi",4,2009,0,"Yes",85,0,15,4,1,1,1,2,3,3,1,1,1,1,1,3510
"3510","Hindi",1,1989,0,"Yes",90,5,5,1,1,1,1,1,1,1,1,1,1,1,1,3700
"3511","Hindi",1,1945,0,"No",100,0,0,1,1,1,NA,1,1,1,3,3,3,NA,1,1100
"3512","Hindi",1,1972,0,"Yes",80,0,20,2,2,1,1,2,1,2,3,2,3,NA,1,110
"3513","Hindi",3,1932,0,"Yes",100,0,0,1,1,1,1,1,1,1,4,1,1,NA,2,200
"3514","Hindi",1,1995,0,"Yes",90,2,8,1,1,1,2,3,1,1,3,3,3,3,2,200
"3515","Hindi",2,1980,0,"Yes",0,0,100,3,1,1,1,1,1,1,1,1,4,2,1,165
"3516","Hindi",1,2001,0,"Yes",0,0,100,1,1,1,1,4,2,1,3,1,1,1,2,36
"3517","Hindi",1,2010,0,"Yes",85,0,15,4,4,1,4,1,1,3,1,2,4,4,1,25
"3518","Hindi",1,1981,0,"Yes",96,1,3,1,1,1,1,2,1,1,1,1,1,1,1,700
"3519","Hindi",4,1950,0,"Yes",60,0,40,1,1,1,1,1,1,1,3,1,2,1,1,700
"3520","Hindi",1,2005,1,"No",90,10,0,4,4,2,2,3,1,4,4,3,4,1,2,15
"3521","Hindi",1,1982,0,"Yes",94,6,0,1,1,1,1,1,1,1,3,1,1,1,1,300
"3522","Hindi",1,1951,0,"Yes",100,0,0,2,1,1,1,3,1,1,1,1,1,NA,1,300
"3523","Hindi",4,1974,0,"No",93,0,7,2,3,2,1,1,1,1,3,3,2,1,1,32
"3524","Hindi",1,1981,0,"Yes",0,0,100,1,1,NA,1,1,1,1,3,1,1,NA,2,126
"3525","Hindi",1,1993,0,"No",100,0,0,3,1,2,1,1,1,1,2,1,1,1,1,40
"3526","Hindi",1,1981,0,"No",100,0,0,4,4,3,3,1,1,1,3,2,1,2,1,275
"3527","Hindi",1,2003,0,"Yes",30,0,70,1,1,2,1,3,2,3,2,3,3,3,3,200
"3528","Hindi",1,1960,0,"Yes",100,0,0,4,1,4,4,4,4,2,4,4,4,4,1,98
"3529","Hindi",1,1930,0,"Yes",100,0,0,1,1,1,1,1,1,1,1,1,1,1,1,4400
"3530","Hindi",6,1981,0,"Yes",70,0,30,1,1,1,1,1,1,1,3,3,3,1,1,4639
"3531","Hindi",1,1917,0,"Yes",81,0,19,1,1,2,1,1,1,1,3,2,1,1,1,8000
"3532","Hindi",4,2001,0,"Yes",94,0,6,2,2,1,2,1,1,1,3,3,1,NA,3,300
"3533","Hindi",1,1968,0,"Yes",90,0,10,1,3,1,1,2,1,1,3,1,1,NA,1,360
"3534","Hindi",1,1961,0,"Yes",75,0,25,3,1,1,1,4,1,NA,2,2,1,NA,4,450
"3535","Hindi",1,1964,0,"No",100,0,0,4,1,1,1,1,1,1,1,4,1,3,4,550
"3536","Hindi",1,1956,0,"Yes",50,0,50,1,1,1,NA,1,1,1,2,1,1,1,2,350
"3537","Hindi",5,1985,0,"Yes",98,0,2,3,3,1,1,1,1,1,3,3,4,NA,3,100
"3538","Hindi",1,2000,0,"Yes",70,0,30,1,1,2,3,1,1,2,3,1,2,4,3,829
"3539","Hindi",2,2003,0,"Yes",60,0,40,1,1,2,2,2,1,1,2,3,3,1,1,327
"3540","Hindi",1,1984,0,"Yes",65,0,35,2,1,2,1,2,1,2,3,3,3,3,3,1000
"3541","Hindi",3,1992,0,"Yes",100,0,0,1,1,3,1,4,1,1,1,1,4,3,1,200
"3542","Hindi",1,1983,0,"No",100,0,0,2,1,1,1,1,2,1,3,4,2,1,2,13
"3543","Hindi",1,2004,0,"Yes",100,0,0,1,1,2,3,3,1,1,3,1,1,1,3,115
"3544","Hindi",21,2008,0,"Yes",100,0,0,1,1,4,1,NA,1,1,4,2,4,4,2,70
"3545","Hindi",1,2008,0,"Yes",100,0,0,1,1,2,4,1,1,4,4,1,1,1,1,84
"3546","Hindi",1,2007,0,"No",100,0,0,2,2,1,NA,1,1,1,1,1,2,1,1,13
"3547","Hindi",1,1997,0,"Yes",0,0,100,1,1,2,2,1,2,2,2,2,3,1,1,50
"3548","Hindi",1,1996,0,"Yes",100,0,0,1,1,1,1,1,3,1,4,2,3,2,3,60
"3549","Hindi",1,1991,0,"Yes",0,0,100,2,1,2,2,1,1,1,1,2,2,2,2,200
"3550","Hindi",1,2005,0,"Yes",100,0,0,2,1,1,NA,1,2,1,4,3,4,3,3,150
"3551","Hindi",1,1974,0,"No",100,0,0,1,1,2,3,1,1,1,2,3,2,1,4,10
"3552","Hindi",1,2007,0,"Yes",75,0,25,1,1,1,1,1,1,1,4,1,1,1,4,500
"3553","Hindi",1,2008,0,"Yes",100,0,0,1,2,1,NA,1,1,1,2,1,2,1,1,20
"3554","Hindi",1,2004,0,"No",100,0,0,1,1,3,1,4,1,1,3,3,1,1,1,28
"3555","Hindi",1,1968,0,"No",100,0,0,1,1,2,1,1,1,1,4,3,1,1,1,6
"3556","Hindi",1,1960,0,"No",100,0,0,1,1,3,1,1,2,1,2,3,3,1,1,12
"3557","Hindi",1,1941,0,"Yes",100,0,0,1,3,4,NA,NA,2,1,2,4,3,1,2,90
"3558","Hindi",1,1952,0,"No",100,0,0,1,1,1,1,1,1,1,2,2,2,1,1,5
"3559","Hindi",1,1985,0,"No",100,0,0,1,1,1,1,1,1,1,3,3,1,1,1,7
"3560","Hindi",1,1969,0,"No",100,0,0,1,1,2,1,1,1,2,3,4,1,1,1,7
"3561","Hindi",14,1948,0,"Yes",100,0,0,1,1,1,1,1,1,1,1,1,2,1,1,14
"3562","Hindi",1,1915,0,"No",100,0,0,3,1,2,NA,1,2,1,1,1,1,1,2,50
"3563","Hindi",1,1970,0,"Yes",100,0,0,2,2,2,NA,1,4,1,3,1,1,3,3,16
"3564","Hindi",1,1970,0,"No",100,0,0,3,1,1,1,1,1,1,3,3,1,1,1,17
"3565","Hindi",1,2000,0,"No",100,0,0,4,1,3,2,3,2,2,2,3,3,3,2,32
"3566","Hindi",1,1968,0,"Yes",100,0,0,1,1,2,1,1,1,1,3,2,1,1,4,19
"3567","Hindi",1,1983,0,"No",100,0,0,1,1,1,NA,1,1,1,2,3,4,2,1,12
"3568","Hindi",1,1988,0,"No",100,0,0,1,1,2,2,4,1,1,1,2,4,2,2,18
"3569","Hindi",1,1988,0,"No",100,0,0,3,1,2,1,1,1,1,3,4,1,1,1,35
"3570","Hindi",1,1952,0,"No",100,0,0,1,1,3,1,1,1,1,2,1,1,1,1,18
"3571","Hindi",1,1977,0,"Yes",90,0,10,1,1,2,1,1,2,1,3,4,2,1,1,8
"3572","Hindi",1,1982,0,"Yes",100,0,0,1,1,2,1,2,1,1,1,1,1,1,1,6
"3573","Hindi",1,1987,0,"No",100,0,0,2,2,1,1,4,1,4,4,4,4,3,3,18
"3574","Hindi",1,1998,0,"Yes",100,0,0,1,1,4,2,1,1,1,2,4,1,3,2,12
"3575","Hindi",18,1958,0,"No",100,0,0,1,1,4,NA,1,2,NA,1,2,4,3,1,18
"3576","Hindi",1,1994,0,"Yes",15,0,85,4,1,3,2,2,1,2,4,1,2,1,3,308
"3577","Hindi",1,1980,0,"No",100,0,0,1,1,4,1,1,2,1,1,2,3,1,1,9
"3578","Hindi",1,1992,0,"Yes",100,0,0,1,1,2,1,1,1,1,2,1,1,1,2,35
"3579","Hindi",1,1966,0,"No",100,0,0,1,1,2,1,1,1,1,2,1,2,1,1,9
"3580","Hindi",1,1984,NA,"No",100,0,0,1,2,1,NA,NA,1,4,1,1,1,1,1,9
"3581","Hindi",1,1978,0,"No",100,0,0,1,1,1,1,1,1,1,3,2,1,1,1,5
"3582","Hindi",1,1987,0,"Yes",99,0,1,2,1,2,1,1,1,3,4,1,1,1,1,40
"3583","Hindi",1,1978,0,"Yes",0,0,100,1,1,1,1,1,1,1,1,3,3,1,1,15
"3584","Hindi",1,1953,NA,"No",100,0,0,1,1,1,NA,1,1,4,1,1,1,1,1,22
"3585","Hindi",1,1965,0,"Yes",100,0,0,2,1,1,1,1,1,1,1,1,1,1,1,20
"3586","Hindi",1,1985,0,"No",100,0,0,2,1,1,NA,1,1,1,3,1,1,1,2,8
"3587","Hindi",1,1993,0,"Yes",95,0,5,1,1,1,1,1,1,1,4,2,2,2,1,110
"3588","Hindi",1,1996,0,"No",100,0,0,2,1,2,NA,1,1,1,1,1,1,1,1,18
"3589","Hindi",1,1954,0,"No",100,0,0,1,1,1,1,NA,1,1,1,1,1,1,1,15
"3590","Hindi",1,1985,0,"No",100,0,0,1,1,1,1,1,1,1,1,2,2,1,1,8
"3591","Hindi",1,1976,0,"No",100,0,0,2,1,1,1,1,3,1,2,1,2,1,1,8
"3592","Hindi",1,1977,0,"Yes",100,0,0,2,4,2,2,4,3,2,4,4,4,1,4,21
"3593","Hindi",1,1982,0,"Yes",0,0,100,2,1,1,1,1,1,1,1,1,1,2,1,300
"3594","Hindi",1,1990,0,"No",100,0,0,2,2,1,1,1,1,1,3,1,1,1,1,15
"3595","Hindi",1,1998,0,"No",100,0,0,1,2,2,1,1,1,3,1,3,3,1,1,9
"3596","Hindi",1,1995,0,"Yes",99,0,1,1,1,1,2,3,2,1,3,2,1,1,3,50
"3597","Hindi",1,1990,0,"No",100,0,0,1,1,1,1,1,1,4,1,1,1,1,1,18
"3598","Hindi",1,1997,0,"Yes",100,0,0,3,1,3,NA,1,1,1,4,2,4,2,1,12
"3599","Hindi",1,1985,0,"No",100,0,0,1,1,2,1,1,1,1,3,4,1,1,1,9
"3600","Hindi",1,2007,0,"Yes",55,0,45,3,1,2,3,1,2,1,2,1,3,2,3,1083
"3601","Hindi",1,1997,0,"Yes",50,0,50,1,1,1,1,2,1,NA,4,1,2,1,2,200
"3602","Hindi",1,1970,0,"No",100,0,0,1,1,1,1,1,1,1,3,2,2,1,1,16
"3603","Hindi",1,1957,0,"Yes",99,0,1,1,1,2,3,4,1,2,2,2,3,1,1,39
"3604","Hindi",1,1970,0,"Yes",90,0,10,2,1,2,1,2,2,4,4,1,1,2,1,40
"3605","Hindi",1,1973,0,"No",100,0,0,1,2,3,1,3,2,4,3,1,1,1,1,7
"3606","Hindi",1,1981,0,"Yes",100,0,0,1,1,1,1,1,2,3,3,1,1,1,1,24
"3607","Hindi",1,1961,0,"Yes",100,0,0,1,1,1,1,1,2,1,1,1,3,3,2,35
"3608","Hindi",1,1961,0,"No",100,0,0,2,1,2,1,2,1,1,1,1,1,1,1,12
"3609","Hindi",11,1980,0,"Yes",70,0,30,2,4,2,2,1,1,1,2,4,2,NA,2,60
"3610","Hindi",1,1953,0,"Yes",100,0,0,1,1,1,2,4,2,1,4,3,2,2,1,600
"3611","Hindi",1,1964,0,"No",100,0,0,3,1,2,1,1,1,4,3,3,1,1,1,5
"3612","Hindi",1,1973,0,"Yes",100,0,0,2,1,1,1,1,1,1,4,1,1,1,1,55
"3613","Hindi",1,1992,0,"Yes",100,0,0,1,1,2,2,1,1,1,1,1,3,1,2,15
"3614","Hindi",1,2000,0,"No",100,0,0,1,1,1,1,1,1,1,3,2,2,1,1,16
"3615","Hindi",1,1983,0,"No",100,0,0,3,1,1,NA,NA,1,3,1,1,1,1,1,30
"3616","Hindi",1,1959,0,"No",100,0,0,1,1,1,1,1,1,1,2,2,2,1,1,6
"3617","Hindi",1,1992,0,"Yes",0,0,100,1,1,2,2,1,1,2,1,1,3,1,3,28
"3618","Hindi",4,1988,0,"Yes",80,0,20,1,1,3,3,1,1,2,3,3,3,2,3,450
"3619","Hindi",1,1995,0,"Yes",100,0,0,2,1,2,1,1,1,1,1,1,1,1,3,9
"3620","Hindi",1,1976,0,"Yes",100,0,0,1,1,1,NA,4,1,1,1,2,4,2,1,100
"3621","Hindi",1,2000,0,"Yes",95,0,5,1,1,3,1,4,1,1,3,1,1,1,1,18
"3622","Hindi",1,1961,1,"Yes",95,0,5,2,1,2,2,2,2,1,3,1,2,1,2,13
"3623","Hindi",1,1992,1,"No",100,0,0,1,1,1,1,1,1,1,1,3,3,3,2,83
"3624","Hindi",1,1972,0,"Yes",100,0,0,1,1,1,1,1,1,1,3,1,1,2,2,30
"3625","Hindi",1,1975,0,"Yes",5,0,95,2,1,1,1,1,1,1,1,1,1,1,3,150
"3626","Hindi",1,1957,0,"Yes",100,0,0,1,1,2,1,1,4,1,4,3,3,3,3,25
"3627","Hindi",1,1995,0,"Yes",100,0,0,1,3,2,1,4,1,1,3,4,4,4,1,35
"3628","Hindi",1,1997,1,"No",88,0,12,2,2,2,1,1,1,1,2,1,2,1,3,14
"3629","Hindi",1,1972,0,"Yes",0,0,100,1,1,1,3,1,2,1,1,3,3,1,2,45
"3630","Hindi",1,1995,0,"No",100,0,0,1,1,2,NA,1,1,2,1,2,3,NA,1,7
"3631","Hindi",1,1978,0,"No",100,0,0,1,1,1,1,1,1,1,1,1,1,1,2,34
"3632","Hindi",1,2007,0,"Yes",100,0,0,1,2,1,1,1,1,1,4,1,1,1,1,12
"3633","Hindi",1,1990,0,"No",100,0,0,2,2,4,NA,1,1,1,1,2,4,NA,4,10
"3634","Hindi",1,2009,0,"Yes",0,0,100,1,1,1,1,1,1,3,4,1,4,1,1,50
"3635","Hindi",1,2006,0,"No",0,0,100,1,1,1,1,1,1,1,4,1,2,1,2,20
"3636","Hindi",1,1974,0,"Yes",100,0,0,2,3,1,1,1,1,2,1,1,1,4,1,11
"3637","Hindi",1,1979,0,"No",100,0,0,2,1,1,1,1,1,1,3,4,1,1,1,50
"3638","Hindi",1,2000,0,"Yes",97,0,3,1,1,1,4,1,1,1,1,1,1,NA,2,80
"3639","Hindi",1,1995,0,"Yes",100,0,0,3,1,1,1,1,1,4,1,1,1,1,1,34
"3640","Hindi",1,1999,0,"No",100,0,0,1,1,1,NA,1,1,3,3,1,3,1,1,40
"3641","Hindi",1,1976,0,"No",100,0,0,1,1,1,1,3,1,1,1,2,1,1,1,7
"3642","Hindi",1,1967,0,"No",100,0,0,2,1,4,NA,3,4,2,2,4,4,2,3,24
"3643","Hindi",5,1999,0,"Yes",90,0,10,1,1,1,1,1,1,1,1,1,1,1,1,26
"3644","Hindi",1,1993,0,"No",100,0,0,2,3,1,1,1,1,4,1,1,1,1,1,25
"3645","Hindi",1,1976,0,"Yes",100,0,0,1,1,3,4,1,1,2,4,1,4,1,2,26
"3646","Hindi",3,1999,0,"No",100,0,0,1,1,1,1,1,1,1,1,1,1,1,1,29
"3647","Hindi",7,2003,0,"Yes",100,0,0,3,1,1,1,2,1,3,3,1,1,1,1,100
"3648","Hindi",1,2002,0,"Yes",95,0,5,3,1,3,3,3,2,3,3,2,3,2,2,30
"3649","Hindi",1,2005,0,"Yes",80,0,20,2,4,1,2,4,1,1,1,4,1,1,3,60
"3650","Hindi",1,2002,0,"Yes",100,0,0,3,1,1,1,1,1,3,4,4,4,NA,1,90
"3651","Hindi",1,1994,0,"No",100,0,0,2,1,1,2,1,1,1,1,1,1,1,1,10
"3652","Hindi",5,1986,0,"Yes",50,0,50,2,1,1,3,1,1,2,2,1,4,1,2,200
"3653","Hindi",1,1980,0,"Yes",100,0,0,1,1,1,1,1,1,1,1,2,2,1,2,10
"3654","Hindi",1,1995,0,"No",100,0,0,1,1,1,1,1,1,2,1,1,1,1,1,5
"3655","Hindi",1,1960,0,"No",100,0,0,2,1,1,NA,1,1,1,1,1,1,1,1,20
"3656","Hindi",1,1987,0,"No",100,0,0,2,2,2,NA,4,1,2,4,4,4,1,1,25
"3657","Hindi",1,1927,NA,"No",100,0,0,1,3,1,NA,1,1,4,1,1,1,1,4,20
"3658","Hindi",1,1988,0,"Yes",100,0,0,2,3,2,1,2,3,1,1,1,1,1,2,5
"3659","Hindi",2,2003,0,"Yes",100,0,0,1,1,1,1,4,1,4,4,4,3,3,2,120
"3660","Hindi",1,1994,0,"No",100,0,0,2,1,1,NA,1,1,3,3,1,1,NA,1,13
"3661","Hindi",1,2004,0,"No",60,40,0,2,1,2,2,3,4,2,3,4,3,1,1,10
"3662","Hindi",1,1992,NA,"No",100,0,0,3,1,1,NA,1,1,2,1,1,1,1,1,6
"3663","Hindi",1,1974,0,"Yes",90,0,10,4,1,3,3,3,1,3,3,3,2,1,3,40
"3664","Hindi",1,1957,0,"Yes",85,0,15,1,1,2,2,1,1,2,3,1,1,1,1,11
"3665","Hindi",1,1970,0,"Yes",100,0,0,3,1,1,NA,4,4,3,2,1,1,1,1,6
"3666","Hindi",1,1985,0,"No",100,0,0,2,1,2,NA,1,1,4,2,1,1,1,1,8
"3667","Hindi",1,1968,0,"Yes",100,0,0,1,1,1,1,1,1,1,1,1,1,1,1,18
"3668","Hindi",1,1957,0,"No",100,0,0,4,2,2,2,2,1,2,3,1,1,1,3,16
"3669","Hindi",1,1968,0,"No",100,0,0,1,1,1,1,1,1,1,4,1,1,1,1,12
"3670","Hindi",1,2000,0,"Yes",70,0,30,2,1,1,2,2,1,1,2,1,3,1,2,55
"3671","Hindi",7,1972,0,"Yes",70,0,30,1,1,2,1,1,1,1,1,1,1,1,1,23
"3672","Hindi",3,1996,0,"Yes",100,0,0,2,1,3,NA,4,4,1,1,4,4,2,3,500
"3673","Hindi",1,1983,0,"Yes",100,0,0,1,1,1,1,4,1,4,1,1,1,1,1,7
"3674","Hindi",1,1999,0,"Yes",100,0,0,1,1,1,NA,1,1,1,1,2,2,NA,1,45
"3675","Hindi",1,1962,0,"Yes",80,0,20,1,1,1,1,1,2,1,1,1,1,NA,1,70
"3676","Hindi",1,1990,0,"Yes",98,0,2,2,1,1,1,2,2,4,1,3,4,1,1,100
"3677","Hindi",1,1961,0,"Yes",100,0,0,2,2,1,1,NA,1,1,4,1,1,1,1,47
"3678","Hindi",1,1955,0,"Yes",100,0,0,1,1,1,1,1,1,1,3,1,3,1,1,25
"3679","Hindi",1,1979,0,"No",100,0,0,3,2,2,3,1,2,1,2,3,4,1,1,27
"3680","Hindi",1,1974,0,"Yes",95,0,5,3,1,2,3,4,2,1,4,2,4,3,3,19
"3681","Hindi",1,1972,NA,"No",100,0,0,2,1,2,NA,1,1,3,2,1,1,1,1,13
"3682","Hindi",1,1990,0,"No",100,0,0,1,2,4,1,1,1,1,2,1,1,1,1,22
"3683","Hindi",1,1975,0,"No",100,0,0,2,1,2,NA,1,2,4,1,1,3,1,1,13
"3684","Hindi",1,1998,0,"No",100,0,0,2,2,1,NA,1,1,1,1,1,1,1,1,10
"3685","Hindi",5,1965,0,"Yes",100,0,0,2,1,1,1,1,1,1,1,1,2,NA,1,40
"3686","Hindi",1,2003,0,"Yes",100,0,0,2,3,2,NA,2,1,1,2,2,2,2,1,10
"3687","Hindi",1,1986,0,"Yes",100,0,0,2,1,2,1,NA,1,1,1,1,1,1,1,73
"3688","Hindi",4,1993,0,"Yes",99,0,1,1,1,1,2,1,1,1,2,1,3,2,1,827
"3689","Hindi",1,1970,0,"Yes",98,0,2,4,4,4,1,NA,1,3,2,3,2,2,1,80
"3690","Hindi",1,1917,0,"Yes",67,0,33,2,1,3,2,NA,3,3,1,1,1,3,2,130
"3691","Hindi",1,2008,1,"Yes",100,0,0,1,1,2,NA,2,1,1,1,1,1,1,1,5
"3692","Hindi",1,1983,0,"No",100,0,0,3,2,1,1,1,2,1,1,1,2,1,1,15
"3693","Hindi",1,1954,0,"No",100,0,0,4,1,1,NA,1,1,1,1,1,1,1,1,45
"3694","Hindi",1,1965,1,"No",100,0,0,2,3,1,NA,1,1,1,1,1,1,NA,1,8
"3695","Hindi",1,1976,0,"Yes",100,0,0,2,2,2,NA,1,1,4,3,1,1,1,1,40
"3696","Hindi",1,1982,0,"No",100,0,0,2,1,1,NA,3,1,1,1,1,1,NA,1,11
"3697","Hindi",1,1993,0,"Yes",100,0,0,1,1,1,1,1,2,1,1,1,1,1,1,25
"3698","Hindi",2,1974,0,"Yes",100,0,0,1,1,2,NA,1,1,1,4,3,2,1,4,17
"3699","Hindi",1,1983,0,"Yes",60,0,40,1,1,1,1,1,1,1,1,3,1,4,1,12
"3700","Hindi",1,1967,0,"Yes",50,30,20,1,1,2,1,3,1,3,4,1,3,NA,1,75
"3701","Hindi",1,1985,1,"Yes",100,0,0,1,1,2,NA,1,1,1,1,1,1,1,1,28
"3702","Hindi",1,1950,0,"Yes",100,0,0,1,1,3,NA,4,1,1,1,1,1,1,1,12
"3703","Hindi",1,1988,0,"Yes",100,0,0,1,1,2,1,1,3,1,1,1,1,1,1,70
"3704","Hindi",3,1976,0,"Yes",85,0,15,1,1,3,2,1,1,1,1,1,1,1,1,90
"3705","Hindi",1,1963,0,"No",100,0,0,1,1,2,NA,1,1,4,3,2,2,2,2,30
"3706","Hindi",1,1995,0,"No",100,0,0,1,1,2,2,1,1,1,1,1,1,1,1,15
"3707","Hindi",1,1983,0,"No",100,0,0,1,1,1,1,1,1,1,1,1,1,1,1,12
"3708","Hindi",1,1976,0,"Yes",100,0,0,4,1,4,1,1,3,1,3,1,3,NA,1,15
"3709","Hindi",1,1982,0,"Yes",100,0,0,4,1,2,2,3,1,2,1,1,2,1,2,20
"3710","Hindi",1,1995,0,"Yes",75,5,20,2,1,1,2,1,1,4,3,2,2,1,1,30
"3711","Hindi",1,1996,0,"Yes",100,0,0,2,1,2,1,1,1,1,2,1,1,1,1,35
"3712","Hindi",1,1973,0,"No",100,0,0,2,1,2,1,1,1,1,2,1,1,1,1,10
"3713","Hindi",1,1990,NA,"No",70,10,20,2,1,2,1,1,1,1,2,1,1,1,1,35
"3714","Hindi",1,1987,0,"No",100,0,0,2,2,2,1,1,1,1,3,1,1,1,1,7
"3715","Hindi",1,1995,0,"No",100,0,0,2,1,2,1,1,1,1,2,1,1,1,1,8
"3716","Hindi",1,1995,0,"No",100,0,0,2,1,2,1,1,1,1,2,1,1,1,1,21
"3717","Hindi",1,2005,0,"Yes",100,0,0,1,1,1,NA,1,1,1,1,1,1,1,1,15
"3718","Hindi",1,1967,1,"Yes",100,0,0,1,1,1,1,1,1,3,2,3,3,1,1,10
"3719","Hindi",2,1988,0,"Yes",100,0,0,2,1,2,1,1,1,1,2,2,2,1,1,50
"3720","Hindi",1,2010,0,"Yes",50,50,0,3,1,1,NA,2,1,1,3,2,1,1,1,16
"3721","Hindi",1,2006,0,"No",100,0,0,2,1,1,1,3,1,1,2,1,1,1,1,55
"3722","Hindi",1,1995,0,"Yes",25,0,75,2,1,2,1,NA,1,2,3,3,1,2,2,45
"3723","Hindi",1,1930,0,"Yes",100,0,0,2,1,1,3,3,3,1,3,3,3,3,3,28
"3724","Hindi",1,2003,0,"Yes",78,0,22,2,1,2,1,1,1,2,3,3,3,2,3,80
"3725","Hindi",1,1976,0,"No",100,0,0,2,1,2,1,2,4,1,4,3,4,2,1,7
"3726","Hindi",1,1982,1,"No",100,0,0,1,1,1,NA,2,1,1,1,1,1,1,2,20
"3727","Hindi",1,1991,0,"Yes",99,0,1,2,1,2,2,2,1,1,3,2,3,2,1,70
"3728","Hindi",1,1982,0,"No",95,5,0,3,4,1,1,1,1,1,1,1,2,1,1,55
"3729","Hindi",1,2006,0,"Yes",100,0,0,1,1,3,1,1,1,3,2,1,3,1,1,13
"3730","Hindi",1,1967,0,"No",100,0,0,3,1,1,NA,1,1,1,1,2,2,1,1,98
"3731","Hindi",2,2000,0,"No",100,0,0,3,1,4,1,1,3,1,4,4,4,3,2,20
"3732","Hindi",14,1930,0,"Yes",100,0,0,1,1,2,1,1,1,1,1,1,1,NA,1,53
"3733","Hindi",1,1991,0,"No",0,0,100,2,2,1,1,1,1,1,1,1,1,1,2,20
"3734","Hindi",1,1962,1,"Yes",98,0,2,2,1,3,1,3,2,3,3,2,3,2,3,18
"3735","Hindi",1,1965,0,"Yes",100,0,0,2,1,1,2,1,1,2,1,1,3,1,2,22
"3736","Hindi",1,1989,0,"Yes",5,0,95,1,1,1,3,1,1,1,4,2,3,1,3,124
"3737","Hindi",2,1986,0,"Yes",10,65,25,3,1,1,3,1,3,1,3,4,4,1,1,30
"3738","Hindi",1,2002,0,"Yes",100,0,0,1,1,1,2,1,1,2,3,3,3,NA,3,550
"3739","Hindi",1,1964,0,"No",100,0,0,1,1,2,NA,1,3,3,1,2,2,NA,1,18
"3740","Hindi",9,2006,0,"Yes",100,0,0,1,1,1,1,1,1,1,2,1,1,1,1,50
"3741","Hindi",1,1985,0,"Yes",95,0,5,1,1,1,1,3,1,1,3,2,3,2,3,70
"3742","Hindi",1,1995,0,"Yes",100,0,0,2,1,1,1,2,2,1,3,2,2,1,1,70
"3743","Hindi",1,1978,0,"Yes",100,0,0,2,1,1,1,1,1,1,2,1,2,1,1,10
"3744","Hindi",1,1993,0,"No",100,0,0,2,1,1,1,1,1,1,2,1,1,1,1,10
"3745","Hindi",1,1995,1,"Yes",95,0,5,2,2,1,1,3,2,3,4,2,2,2,2,18
"3746","Hindi",1,1976,0,"Yes",80,0,20,1,1,1,1,1,1,1,1,1,1,1,1,40
"3747","Hindi",1,1989,0,"Yes",60,0,40,4,1,1,3,1,1,2,1,1,4,1,2,18
"3748","Hindi",1,1992,0,"Yes",0,0,100,1,1,1,1,1,1,1,NA,1,1,NA,4,30
"3749","Hindi",1,2005,0,"No",100,0,0,3,4,4,1,1,1,1,2,4,3,1,2,13
"3750","Hindi",1,2005,0,"No",100,0,0,3,1,1,1,1,1,1,1,1,1,1,4,45
"3751","Hindi",2,2007,0,"Yes",0,0,100,2,1,1,1,4,2,3,1,1,1,1,1,20
"3752","Hindi",1,1996,0,"Yes",10,0,90,1,1,1,1,1,1,2,4,2,3,1,3,75
"3753","Hindi",2,1984,0,"Yes",100,0,0,3,2,3,1,1,1,1,1,3,3,2,3,60
"3754","Hindi",1,1970,0,"Yes",100,0,0,1,1,2,1,1,1,1,1,3,1,1,1,18
"3755","Hindi",1,1996,0,"No",100,0,0,2,1,1,1,1,1,1,2,1,1,1,1,12
"3756","Hindi",1,1975,0,"Yes",100,0,0,2,3,1,1,1,1,1,1,1,1,1,3,30
"3757","Hindi",1,1998,0,"No",100,0,0,3,1,1,1,1,1,1,2,2,2,1,1,25
"3758","Hindi",1,1959,0,"No",100,0,0,1,1,1,1,2,2,1,1,2,2,1,1,9
"3759","Hindi",1,1997,0,"No",100,0,0,3,1,2,1,1,1,1,2,1,2,1,1,40
"3760","Hindi",1,1965,0,"No",100,0,0,2,1,2,1,4,1,4,3,3,3,1,1,17
"3761","Hindi",1,1973,1,"No",100,0,0,3,1,2,1,1,1,1,3,3,1,1,1,19
"3762","Hindi",1,1964,0,"No",100,0,0,1,1,1,1,1,1,1,1,2,2,1,1,10
"3763","Hindi",1,1992,0,"No",100,0,0,1,1,1,NA,1,1,1,1,1,1,1,1,20
"3764","Hindi",1,1947,0,"Yes",100,0,0,1,1,1,NA,1,1,1,1,1,1,1,3,152
"3765","Hindi",1,1981,0,"Yes",100,0,0,2,1,1,1,1,1,3,1,2,1,1,1,200
"3766","Hindi",1,1987,0,"Yes",0,0,100,2,1,2,2,3,1,1,1,2,3,1,1,45
"3767","Hindi",3,1983,1,"Yes",100,0,0,1,2,2,NA,1,3,3,3,3,4,3,2,35
"3768","Hindi",1,1980,0,"No",100,0,0,4,1,2,NA,1,3,1,1,1,2,NA,1,8
"3769","Hindi",23,1975,0,"Yes",98,0,2,2,1,2,1,1,1,1,2,1,1,1,2,111
"3770","Hindi",1,1986,0,"Yes",100,0,0,1,2,3,3,NA,1,2,3,1,1,2,2,13
"3771","Hindi",2,1863,0,"Yes",100,0,0,2,1,2,1,1,1,4,3,1,1,2,2,198
"3772","Hindi",1,1947,0,"No",100,0,0,1,1,1,1,2,3,2,2,3,3,1,2,22
"3773","Hindi",1,1976,1,"Yes",100,0,0,1,1,3,1,1,1,1,1,3,4,1,1,79
"3774","Hindi",1,1952,0,"Yes",80,10,10,1,1,2,2,1,2,1,3,4,1,1,2,600
"3775","Hindi",1,1968,0,"No",100,0,0,1,1,4,NA,1,2,1,1,3,3,1,1,22
"3776","Hindi",1,1976,0,"Yes",100,0,0,1,1,3,NA,1,1,1,3,3,3,1,1,7
"3777","Hindi",1,1934,0,"Yes",100,0,0,1,1,1,1,4,1,3,3,3,1,2,1,60
"3778","Hindi",1,1967,0,"Yes",98,0,2,1,1,2,2,1,1,1,1,4,3,3,1,120
"3779","Hindi",2,1994,0,"Yes",50,0,50,1,3,3,3,2,1,2,3,2,4,2,2,105
"3780","Hindi",6,1966,1,"Yes",95,0,5,1,1,2,1,1,1,1,1,2,2,1,1,650
"3781","Hindi",1,1979,0,"Yes",30,0,70,1,1,1,2,1,1,1,3,1,1,NA,1,25
"3782","Hindi",1,1987,0,"Yes",80,0,20,3,4,1,1,4,1,3,1,4,1,NA,2,40
"3783","Hindi",6,1997,0,"Yes",100,0,0,3,1,1,NA,1,1,1,1,3,4,NA,1,50
"3784","Hindi",1,1985,0,"No",100,0,0,1,2,1,1,1,1,1,1,1,1,1,1,10
"3785","Hindi",1,1962,1,"Yes",100,0,0,1,1,3,1,1,1,3,4,1,1,4,1,25
"3786","Hindi",1,2004,0,"No",100,0,0,4,1,1,NA,1,1,3,3,1,1,1,1,9
"3787","Hindi",1,2000,0,"Yes",85,0,15,2,1,1,2,4,1,1,4,3,4,NA,4,100
"3788","Hindi",3,1991,0,"Yes",80,0,20,1,1,1,2,2,1,1,1,1,1,NA,1,60
"3789","Hindi",1,1998,0,"Yes",40,0,60,1,1,1,1,1,2,1,3,3,3,NA,1,150
"3790","Hindi",1,1960,0,"No",70,15,15,1,2,1,1,1,3,1,2,1,3,1,2,15
"3791","Hindi",1,1956,0,"No",100,0,0,1,1,1,1,1,1,1,1,1,3,1,3,25
"3792","Hindi",1,1989,0,"Yes",100,0,0,1,1,1,1,1,1,1,1,1,1,1,1,56
"3793","Hindi",1,2007,0,"Yes",90,0,10,3,1,3,1,1,2,1,1,1,1,3,1,182
"3794","Hindi",1,1980,0,"No",100,0,0,1,1,1,NA,1,1,1,1,1,1,1,1,7
"3795","Hindi",1,1998,0,"Yes",20,0,80,1,1,2,1,4,1,3,1,1,1,1,1,30
"3796","Hindi",1,1970,0,"Yes",100,0,0,4,2,1,NA,1,1,4,2,1,1,1,1,12
"3797","Hindi",1,1999,0,"Yes",100,0,0,2,2,1,1,1,1,1,1,1,1,1,1,15
"3798","Hindi",1,1989,0,"No",100,0,0,1,1,2,1,1,1,3,3,1,1,1,1,15
"3799","Hindi",6,2005,0,"Yes",100,0,0,1,1,1,NA,1,1,2,1,1,1,NA,1,170
"3800","Hindi",1,2002,0,"Yes",10,0,90,1,1,1,1,1,1,1,1,1,1,1,1,300
"3801","Hindi",1,1994,0,"Yes",100,0,0,2,1,1,1,4,1,2,3,4,3,2,4,200
"3802","Hindi",5,2006,0,"Yes",98,0,2,4,1,1,1,1,1,1,1,1,1,NA,1,35
"3803","Hindi",1,2006,0,"Yes",10,0,90,1,1,1,1,1,1,1,2,1,1,1,1,20
"3804","Hindi",1,1987,0,"No",100,0,0,2,2,3,1,2,2,1,3,2,2,1,2,5
"3805","Hindi",1,2003,0,"Yes",100,0,0,2,1,2,1,1,1,1,2,1,1,1,1,25
"3806","Hindi",1,1998,0,"No",90,10,0,3,4,1,1,4,1,1,1,1,1,1,1,20
"3807","Hindi",1,2007,0,"No",100,0,0,2,1,2,2,2,2,4,1,3,1,4,2,20
"3808","Hindi",1,1978,0,"No",100,0,0,2,2,2,1,1,1,1,1,1,1,1,1,170
"3809","Hindi",1,1982,0,"Yes",89,1,10,1,1,1,1,1,2,1,1,1,1,1,2,195
"3810","Hindi",5,1994,0,"Yes",100,0,0,1,1,1,1,4,1,1,1,4,4,4,1,30
"3811","Hindi",1,1998,0,"Yes",100,0,0,2,1,1,3,1,1,4,4,4,4,3,3,100
"3812","Hindi",1,2006,0,"Yes",90,0,10,2,1,3,4,1,1,3,2,1,1,1,1,140
"3813","Hindi",1,2004,0,"Yes",100,0,0,2,1,1,NA,1,1,1,1,1,2,NA,1,50
"3814","Hindi",1,1998,0,"No",100,0,0,2,1,2,NA,3,1,3,4,4,3,1,1,6
"3815","Hindi",1,2004,1,"No",100,0,0,1,1,1,1,4,1,1,3,4,1,1,4,180
"3816","Hindi",1,2009,0,"Yes",100,0,0,1,3,1,1,2,1,1,3,4,1,4,1,11
"3817","Hindi",1,1957,0,"Yes",100,0,0,1,1,2,1,1,1,1,4,3,1,1,1,15
"3818","Hindi",2,2002,0,"Yes",100,0,0,3,1,2,NA,NA,3,1,4,4,3,3,3,400
"3819","Hindi",1,2000,0,"No",100,0,0,4,2,2,NA,1,2,2,2,1,2,1,2,25
"3820","Hindi",1,2008,1,"Yes",100,0,0,1,1,1,1,1,3,1,1,1,1,1,1,10
"3821","Hindi",1,1976,0,"Yes",90,0,10,3,1,2,2,3,1,1,3,2,3,3,3,35
"3822","Hindi",2,1985,1,"Yes",40,0,60,2,1,2,1,1,1,1,3,2,1,1,1,250
"3823","Hindi",1,1996,0,"Yes",100,0,0,2,1,3,NA,2,1,2,3,3,4,NA,3,10
"3824","Hindi",1,2003,0,"No",100,0,0,3,1,1,NA,1,1,1,1,1,1,1,1,63
"3825","Hindi",1,2004,0,"Yes",60,0,40,1,1,1,1,1,1,2,1,2,3,1,2,50
"3826","Hindi",1,2003,0,"Yes",90,0,10,4,1,1,4,4,2,2,3,1,3,2,1,50
"3827","Hindi",6,2010,0,"Yes",70,0,30,2,1,1,1,1,1,1,3,3,3,1,3,1346
"3828","Hindi",1,1995,0,"Yes",2,0,98,1,1,1,2,3,1,1,1,1,2,1,2,30
"3829","Hindi",1,2006,0,"Yes",0,0,100,3,1,3,2,2,2,3,3,2,3,2,2,25
"3830","Hindi",1,1982,0,"No",100,0,0,1,1,1,NA,1,2,1,1,2,3,1,1,9
"3831","Hindi",2,2008,0,"No",100,0,0,1,2,4,3,4,1,4,4,1,4,2,1,15
"3832","Hindi",1,2006,0,"No",100,0,0,2,1,2,1,1,3,2,1,1,1,1,1,60
"3833","Hindi",1,1980,0,"Yes",100,0,0,1,4,1,3,1,1,1,2,1,2,NA,2,41
"3834","Hindi",1,1976,0,"Yes",70,0,30,3,3,2,3,1,1,2,1,1,2,1,4,100
"3835","Hindi",1,2010,0,"Yes",20,0,80,4,1,2,2,2,1,2,4,1,1,1,2,100
"3836","Hindi",1,2008,0,"Yes",80,10,10,2,2,1,1,3,1,3,3,1,1,1,1,95
"3837","Hindi",1,1959,0,"Yes",90,0,10,1,1,1,1,4,1,1,2,1,1,1,2,150
"3838","Hindi",1,1989,0,"Yes",100,0,0,2,1,2,NA,1,3,1,2,3,4,NA,1,35
"3839","Hindi",1,1985,0,"Yes",93,0,7,3,1,4,1,1,1,3,3,1,3,1,1,120
"3840","Hindi",1,1973,0,"Yes",100,0,0,1,3,1,1,NA,1,1,1,1,1,1,1,80
"3841","Hindi",1,2007,0,"Yes",100,0,0,2,1,1,NA,3,1,2,4,2,1,3,3,18
"3842","Hindi",1,2008,0,"No",100,0,0,4,4,3,NA,1,1,4,1,4,1,4,4,15
"3843","Hindi",1,2009,0,"Yes",0,0,100,1,1,1,1,3,1,1,1,1,4,1,1,100
"3844","Hindi",1,1989,0,"Yes",0,0,100,2,1,1,3,2,1,2,1,3,3,3,2,150
"3845","Hindi",1,2006,0,"Yes",100,0,0,3,2,4,1,1,1,1,1,1,1,1,1,100
"3846","Hindi",1,2003,0,"Yes",100,0,0,2,1,2,3,1,1,3,1,3,1,1,2,20
"3847","Hindi",1,1950,0,"Yes",100,0,0,3,2,3,3,3,3,3,4,1,4,2,3,175
"3848","Hindi",3,1981,0,"Yes",100,0,0,3,2,3,3,2,3,3,4,1,4,2,4,500
"3849","Hindi",1,1992,0,"Yes",80,20,0,2,3,3,2,3,3,3,4,3,2,2,3,327
"3850","Hindi",1,1973,0,"Yes",100,0,0,2,1,2,1,2,2,4,3,1,2,1,2,20
"3851","Hindi",2,1988,0,"Yes",100,0,0,2,1,2,1,2,2,2,3,2,1,1,2,200
"3852","Hindi",1,1980,0,"No",100,0,0,3,1,2,1,3,2,3,2,1,3,2,2,15
"3853","Hindi",1,2004,0,"No",100,0,0,2,2,3,2,3,2,3,4,3,4,2,3,40
"3854","Hindi",2,1994,0,"No",100,0,0,1,2,2,1,3,2,2,4,3,4,2,3,131
"3855","Hindi",2,1947,0,"No",90,0,10,3,3,3,2,3,4,3,2,1,4,4,2,1126
"3856","Hindi",1,1958,0,"No",100,0,0,1,2,2,2,3,2,3,2,3,3,2,2,120
"3857","Hindi",1,1995,0,"No",100,0,0,3,3,3,2,3,3,3,4,1,4,2,4,170
"3858","Hindi",1,2011,0,"No",100,0,0,3,2,3,2,3,3,3,4,1,4,2,3,36
"3859","Hindi",1,2010,0,"No",100,0,0,2,1,2,1,3,2,2,4,2,3,2,2,18
"3860","Hindi",1,1970,0,"Yes",100,0,0,4,1,2,1,2,2,2,3,2,3,1,2,30
"3861","Hindi",1,2001,0,"No",100,0,0,2,1,3,2,3,3,3,3,3,3,2,3,120
"3862","Hindi",2,1996,0,"No",80,0,20,3,2,2,1,1,3,4,3,4,1,3,3,200
"3863","Hindi",1,2000,0,"No",100,0,0,2,2,3,2,2,2,3,4,4,4,2,3,20
"3864","Hindi",1,1973,0,"Yes",100,0,0,3,1,2,1,2,2,2,3,2,4,2,2,30
"3865","Hindi",1,2002,0,"No",100,0,0,2,1,2,1,2,2,2,3,2,3,2,2,24
"3866","Hindi",1,2000,0,"Yes",100,0,0,2,1,2,1,2,2,2,3,2,3,1,2,150
"3867","Hindi",1,1997,0,"No",100,0,0,3,2,2,3,2,3,3,4,1,4,2,2,25
"3868","Hindi",1,1992,0,"No",100,0,0,3,2,3,3,3,3,3,4,1,4,2,3,60
"3869","Hindi",1,1972,0,"No",100,0,0,4,1,2,1,3,2,2,3,2,2,2,2,6
"3870","Hindi",1,1962,0,"No",100,0,0,4,1,2,1,3,2,3,3,2,3,2,2,6
"3871","Hindi",1,1969,0,"No",100,0,0,4,1,2,1,3,2,2,3,2,3,2,2,6
"3872","Kannada",2,1994,0,"No",100,0,0,3,2,2,1,2,3,2,3,4,3,3,2,12
"3873","Hindi",1,1960,0,"No",100,0,0,1,1,2,1,3,3,3,4,3,4,2,3,100
"3874","Hindi",1,2012,0,"No",100,0,0,2,1,2,1,3,2,2,3,2,2,2,2,5
"3875","Hindi",1,1979,0,"No",100,0,0,2,1,3,2,3,2,3,3,1,3,1,3,70
"3876","Hindi",2,1985,0,"No",100,0,0,4,1,2,1,2,2,2,3,2,2,2,2,15
"3877","Hindi",1,1986,0,"No",100,0,0,4,1,2,1,2,2,2,3,2,3,1,2,22
"3878","Hindi",2,1971,0,"No",100,0,0,3,2,2,3,1,2,2,2,2,3,2,2,9
"3879","Hindi",1,1972,0,"No",100,0,0,3,1,2,4,4,1,4,4,1,1,3,3,15
"3880","Hindi",1,1968,0,"No",100,0,0,4,2,4,2,3,1,3,4,1,1,3,2,49
"3881","Hindi",2,1980,0,"No",100,0,0,1,3,4,3,3,1,3,4,1,1,3,4,25
"3882","Hindi",1,1975,0,"No",100,0,0,2,1,3,2,3,3,2,4,2,3,2,3,20
"3883","Hindi",2,2005,0,"No",100,0,0,3,2,2,3,3,2,3,3,1,1,2,3,25
"3884","Hindi",1,2007,0,"No",100,0,0,3,1,4,1,3,2,2,3,2,3,2,2,6
"3885","Hindi",1,1961,0,"Yes",0,0,100,3,1,2,3,1,2,2,3,1,2,1,2,30
"3886","Hindi",1,2011,0,"No",100,0,0,3,1,2,1,2,2,2,3,2,3,2,2,10
"3887","Hindi",1,2005,0,"No",100,0,0,3,2,2,2,3,3,3,4,1,3,1,3,5
"3888","Hindi",1,1998,0,"No",100,0,0,4,3,3,2,4,3,3,4,1,4,2,3,100
"3889","Hindi",1,1974,0,"No",100,0,0,4,2,2,1,3,2,3,3,2,4,2,2,30
"3890","Hindi",1,1976,0,"No",100,0,0,4,1,2,1,3,2,3,3,2,4,2,2,30
"3891","Hindi",1,1971,0,"No",100,0,0,4,1,2,1,3,2,2,3,2,4,2,2,16
"3892","Hindi",1,1969,0,"No",100,0,0,4,1,2,1,3,2,2,3,2,3,2,2,108
"3893","Hindi",2,1973,0,"No",100,0,0,4,1,2,1,3,2,2,3,1,3,2,2,65
"3894","Hindi",1,1977,0,"No",100,0,0,3,1,2,1,3,2,3,3,2,4,2,2,25
"3895","Hindi",1,1978,0,"No",100,0,0,3,1,2,1,2,2,2,1,2,3,2,2,53
"3896","Hindi",1,1985,0,"No",100,0,0,3,1,2,1,3,2,3,3,2,4,2,2,30
"3897","Hindi",1,1997,0,"No",100,0,0,4,1,2,1,2,2,3,3,2,3,1,2,10
"3898","Hindi",2,2004,0,"No",100,0,0,4,1,2,1,2,2,3,3,1,3,3,2,10
"3899","Hindi",1,2004,0,"Yes",100,0,0,2,1,2,1,2,2,2,3,2,3,2,2,104
"3900","Hindi",1,2004,0,"No",100,0,0,3,1,2,1,3,2,3,3,2,4,2,2,20
"3901","Hindi",1,1978,0,"No",100,0,0,3,1,2,1,3,2,2,2,1,3,2,2,15
"3902","Hindi",1,2007,0,"No",100,0,0,3,2,3,3,3,2,3,4,1,4,2,3,25
"3903","Hindi",2,2011,0,"No",100,0,0,3,2,3,3,3,3,3,4,1,4,2,3,35
"3904","Hindi",1,2006,0,"No",100,0,0,2,3,3,2,2,3,2,4,4,4,2,3,25
"3905","Hindi",2,2000,0,"No",100,0,0,3,1,2,1,2,2,2,3,2,4,2,2,25
"3906","Hindi",1,2007,0,"No",100,0,0,4,1,2,1,2,2,3,3,2,4,2,2,15
"3907","Hindi",2,1995,0,"Yes",100,0,0,1,1,3,2,2,2,3,2,3,3,2,3,10
"3908","Hindi",1,1982,0,"No",100,0,0,2,3,2,3,2,2,3,2,3,2,2,2,25
"3909","Hindi",1,1980,0,"No",100,0,0,2,2,3,2,3,2,3,3,3,2,2,2,80
"3910","Hindi",1,2005,0,"No",100,0,0,1,2,2,1,2,2,2,3,2,2,1,2,40
"3911","Hindi",1,1975,0,"No",100,0,0,2,1,2,1,2,2,2,3,1,2,1,2,30
"3912","Hindi",3,1993,0,"Yes",100,0,0,1,1,2,1,1,2,2,3,1,2,1,2,105
"3913","Hindi",1,1983,0,"No",100,0,0,2,1,2,1,2,2,2,3,2,3,1,2,15
"3914","Hindi",1,2003,0,"No",100,0,0,1,3,2,3,4,1,3,3,1,1,4,4,8
"3915","Hindi",2,1985,0,"No",100,0,0,2,1,2,1,2,2,2,3,1,2,1,2,15
"3916","Hindi",1,1973,0,"Yes",100,0,0,2,1,2,1,2,2,2,2,1,2,1,2,40
"3917","Hindi",2,1974,0,"No",100,0,0,3,2,3,2,3,3,4,3,1,3,2,4,20
"3918","Hindi",1,2006,0,"No",100,0,0,2,1,2,1,2,2,2,2,1,2,1,2,80
"3919","Hindi",2,1999,0,"Yes",100,0,0,3,2,4,2,3,3,3,4,1,3,2,4,700
"3920","Hindi",3,1987,0,"Yes",100,0,0,2,1,2,1,2,2,2,2,1,2,1,2,35
"3921","Hindi",1,2004,0,"No",100,0,0,2,3,3,2,3,2,1,3,4,2,2,3,10
"3922","Hindi",1,2003,0,"Yes",100,0,0,2,3,3,2,3,3,2,2,2,3,2,2,150
"3923","Hindi",1,1988,0,"No",100,0,0,2,1,2,1,2,2,3,3,2,3,2,2,30
"3924","Hindi",1,1982,0,"No",100,0,0,1,2,3,2,2,2,2,2,3,2,2,2,100
"3925","Hindi",1,1978,0,"No",100,0,0,2,2,3,2,3,2,2,3,2,3,2,1,60
"3926","Hindi",1,1995,0,"No",100,0,0,3,1,2,1,2,2,2,3,2,3,1,2,20
"3927","Hindi",5,2003,0,"No",100,0,0,2,2,4,2,2,3,3,4,1,4,2,3,48
"3928","Hindi",1,2007,0,"No",100,0,0,2,1,2,1,1,2,3,3,1,2,1,2,10
"3929","Hindi",1,1978,0,"Yes",100,0,0,1,1,2,1,2,2,2,3,2,2,1,2,50
"3930","Hindi",2,2007,0,"No",100,0,0,2,1,2,1,2,2,2,3,2,2,1,2,50
"3931","Hindi",1,1997,0,"No",100,0,0,2,2,3,2,3,2,3,2,NA,2,2,3,180
"3932","Hindi",1,1980,0,"No",100,0,0,2,1,2,1,2,2,2,2,1,2,1,2,18
"3933","Hindi",1,1976,0,"No",100,0,0,2,1,2,1,2,2,2,3,2,2,3,2,15
"3934","Hindi",1,1981,0,"No",100,0,0,1,2,2,1,2,2,2,3,2,2,1,2,40
"3935","Hindi",2,2002,0,"Yes",100,0,0,2,1,2,1,1,2,2,3,1,2,1,2,102
"3936","Hindi",2,1974,0,"No",100,0,0,3,3,3,3,3,3,3,4,1,3,2,4,20
"3937","Hindi",1,1977,0,"No",100,0,0,3,1,2,1,3,2,3,3,2,4,2,2,25
"3938","Hindi",2,1973,0,"No",100,0,0,3,2,2,4,3,1,4,3,1,3,3,3,17
"3939","Hindi",1,1985,0,"No",100,0,0,3,1,2,1,2,2,2,3,1,3,1,2,10
"3940","Hindi",1,1985,0,"No",100,0,0,3,1,2,1,3,2,2,2,3,3,2,2,20
"3941","Hindi",1,1990,0,"No",100,0,0,3,1,2,1,2,2,3,3,4,4,4,2,10
"3942","Hindi",1,1980,0,"No",100,0,0,3,2,3,2,3,3,3,4,1,4,2,3,15
"3943","Hindi",1,2004,0,"No",100,0,0,3,1,2,1,3,2,2,3,2,4,2,2,20
"3944","Hindi",1,2004,0,"No",100,0,0,3,2,2,3,3,3,2,4,2,4,3,3,10
"3945","Hindi",1,2006,0,"No",100,0,0,3,2,3,2,3,3,3,4,1,4,2,3,47
"3946","Hindi",1,1998,0,"No",100,0,0,3,1,2,1,2,2,2,3,2,3,2,2,35
"3947","Hindi",1,1984,0,"No",100,0,0,2,1,2,2,3,2,3,2,3,2,2,2,70
"3948","Hindi",1,2004,0,"No",100,0,0,1,4,4,3,3,3,4,3,1,1,3,3,120
"3949","Hindi",2,1995,0,"Yes",100,0,0,1,1,2,1,2,2,2,3,2,2,1,2,100
"3950","Hindi",1,1974,0,"No",100,0,0,2,1,2,1,2,2,2,2,1,2,4,2,10
"3951","Hindi",1,1985,0,"No",100,0,0,2,1,2,1,2,2,2,3,2,2,1,2,50
"3952","Hindi",1,1987,0,"No",100,0,0,2,1,2,1,2,2,2,3,2,3,2,2,20
"3953","Hindi",1,1985,0,"No",90,10,0,1,2,2,3,2,3,3,2,3,2,2,2,110
"3954","Hindi",1,1995,0,"Yes",100,0,0,2,2,2,1,2,3,3,3,4,4,2,2,150
"3955","Hindi",1,2005,0,"Yes",100,0,0,1,1,2,1,2,2,2,3,2,2,1,2,150
"3956","Hindi",1,1972,0,"No",100,0,0,2,1,2,1,2,2,2,3,2,3,1,2,10
"3957","Hindi",1,2008,0,"No",100,0,0,2,3,3,2,3,2,1,3,4,2,2,3,50
"3958","Hindi",1,2005,0,"Yes",100,0,0,3,1,2,1,3,2,2,2,1,2,1,2,25
"3959","Hindi",1,1995,1,"Yes",100,0,0,1,1,3,2,3,2,3,2,3,2,2,3,20
"3960","Hindi",1,1985,0,"No",100,0,0,2,2,3,2,3,2,3,4,1,4,2,2,40
"3961","Hindi",1,1975,0,"No",100,0,0,2,2,2,1,2,2,2,3,2,2,3,2,10
"3962","Hindi",1,1990,0,"No",100,0,0,1,1,2,1,2,2,2,3,2,2,1,2,10
"3963","Hindi",1,1986,0,"No",100,0,0,2,1,2,1,2,2,2,3,2,1,2,2,30
"3964","Hindi",2,1984,0,"Yes",100,0,0,4,4,3,3,1,4,3,2,3,1,3,3,600
"3965","Hindi",1,1982,0,"Yes",100,0,0,2,3,3,2,3,3,3,4,1,3,2,3,70
"3966","Hindi",21,1987,0,"Yes",100,0,0,3,2,4,2,3,3,3,4,1,3,2,3,32
"3967","Hindi",3,2009,0,"Yes",100,0,0,3,1,2,1,3,2,3,2,2,3,2,2,25
"3968","Hindi",1,2008,0,"No",100,0,0,3,2,2,3,1,2,2,2,2,3,2,2,20
"3969","Hindi",2,2006,0,"No",100,0,0,3,2,2,2,2,3,2,4,1,2,3,2,35
"3970","Hindi",2,2009,0,"No",100,0,0,1,2,2,2,2,2,2,3,4,3,3,2,70
"3971","Hindi",1,1983,0,"No",100,0,0,3,1,2,1,2,2,3,3,2,3,2,2,18
"3972","Hindi",1,2011,0,"No",100,0,0,1,1,2,1,2,2,1,3,2,3,2,2,150
"3973","Hindi",1,2005,0,"No",100,0,0,1,1,2,1,2,2,2,3,2,2,1,2,30
"3974","Hindi",1,2010,0,"No",100,0,0,2,2,3,2,2,2,2,3,3,3,2,2,120
"3975","Hindi",1,2006,0,"Yes",85,15,0,3,2,2,3,3,3,3,4,2,4,2,3,100
"3976","Hindi",5,2007,0,"Yes",100,0,0,2,3,3,2,3,2,2,2,4,4,2,2,100
"3977","Hindi",4,1987,0,"Yes",100,0,0,1,1,2,1,2,2,2,3,1,2,2,2,200
"3978","Hindi",1,2010,0,"No",100,0,0,1,1,2,1,2,2,2,3,2,3,1,2,15
"3979","Hindi",1,2011,0,"No",100,0,0,2,1,2,1,2,2,2,3,2,2,1,2,30
"3980","Hindi",5,2004,0,"No",100,0,0,2,1,2,NA,1,1,1,2,1,2,NA,1,45
"3981","Hindi",1,1984,0,"Yes",100,0,0,3,1,1,1,1,1,1,2,1,1,2,1,16
"3982","Hindi",14,1995,0,"No",100,0,0,2,2,1,NA,1,1,1,2,1,1,NA,1,33
"3983","Hindi",14,1977,0,"No",100,0,0,2,1,1,1,1,1,1,2,1,2,NA,1,43
"3984","Hindi",14,1998,0,"No",100,0,0,2,2,1,NA,1,1,1,2,1,2,NA,1,41
"3985","Hindi",4,1963,0,"No",100,0,0,2,1,1,1,1,1,3,2,1,4,2,1,346
"3986","Hindi",4,1944,0,"No",100,0,0,1,1,1,2,1,1,1,2,1,2,NA,1,689
"3987","Hindi",2,1982,0,"Yes",100,0,0,3,1,1,NA,1,1,2,3,2,2,3,4,147
"3988","Hindi",4,2011,0,"No",100,0,0,2,2,1,NA,1,1,1,2,1,1,NA,1,12
"3989","Hindi",1,1978,0,"No",100,0,0,1,1,NA,NA,1,1,1,1,1,1,NA,1,150
"3990","Hindi",1,1997,0,"No",100,0,0,1,1,1,NA,1,1,1,3,2,4,2,1,39
"3991","Hindi",1,1994,0,"No",100,0,0,4,1,1,NA,1,1,3,1,1,2,3,1,29
"3992","Hindi",4,1990,0,"Yes",100,0,0,1,1,1,NA,1,1,1,1,1,2,3,4,76
"3993","Hindi",2,1996,0,"Yes",100,0,0,2,1,2,NA,1,1,1,4,2,3,2,1,63
"3994","Hindi",6,2008,0,"Yes",90,0,10,2,1,1,1,1,1,1,1,1,2,2,1,119
"3995","Hindi",6,1961,0,"Yes",95,0,5,2,1,1,1,1,1,1,1,1,3,2,1,63
"3996","Hindi",2,1952,0,"Yes",100,0,0,1,1,2,1,1,1,1,3,1,2,2,1,2470
"3997","Hindi",1,2005,0,"No",100,0,0,4,1,1,NA,1,1,1,1,1,1,1,1,300
"3998","Hindi",1,2003,0,"Yes",100,0,0,2,1,1,NA,1,1,3,1,1,1,3,1,372
"3999","Hindi",1,1974,0,"No",90,0,10,2,1,1,2,1,1,1,2,1,2,1,1,800
"4000","Hindi",6,1983,0,"No",100,0,0,4,1,1,NA,1,1,1,2,1,2,2,2,146
"4001","Hindi",1,1960,0,"Yes",75,0,25,3,1,1,1,1,1,1,4,1,3,1,3,329
"4002","Hindi",1,1985,0,"No",100,0,0,2,1,NA,NA,1,1,4,1,1,2,2,1,23
"4003","Hindi",1,1983,0,"No",100,0,0,4,1,1,1,1,1,1,1,1,1,1,1,32
"4004","Hindi",6,1985,0,"Yes",70,0,30,1,1,1,1,1,1,1,1,1,3,2,1,1128
"4005","Hindi",3,2003,0,"Yes",100,0,0,1,1,1,1,1,1,1,1,2,1,2,3,89
"4006","Hindi",1,1972,0,"Yes",96,0,4,4,1,1,1,1,1,1,1,1,1,NA,1,350
"4007","Hindi",2,2005,0,"Yes",100,0,0,2,1,1,1,1,1,2,3,4,3,1,1,169
"4008","Hindi",1,2003,0,"Yes",100,0,0,1,1,1,1,1,1,1,1,2,2,2,2,1075
"4009","Hindi",3,2006,0,"Yes",95,5,0,1,1,1,1,NA,1,1,1,1,2,4,1,167
"4010","Hindi",1,2005,0,"Yes",100,0,0,1,1,4,2,1,4,NA,NA,4,4,NA,2,231
"4011","Hindi",4,1994,0,"Yes",100,0,0,4,1,1,NA,1,1,2,2,1,3,1,1,191
"4012","Hindi",2,1980,0,"Yes",100,0,0,2,1,2,NA,1,1,1,1,2,2,3,1,98
"4013","Hindi",1,2007,0,"Yes",100,0,0,2,2,2,1,1,1,1,1,1,2,2,2,678
"4014","Hindi",1,2008,0,"No",100,0,0,1,1,2,NA,1,1,3,1,1,4,1,1,46
"4015","Hindi",1,1964,0,"Yes",100,0,0,4,1,1,NA,1,1,1,1,1,1,1,2,900
"4016","Hindi",3,1967,0,"Yes",100,0,0,1,1,1,NA,1,1,1,1,1,2,2,4,372
"4017","Hindi",1,2004,0,"No",100,0,0,1,1,1,NA,1,1,2,1,1,2,2,4,47
"4018","Hindi",1,2000,0,"Yes",100,0,0,3,1,1,1,1,1,1,1,1,2,NA,1,185
"4019","Hindi",6,1958,0,"Yes",100,0,0,4,1,1,NA,1,1,1,1,1,2,1,1,123
"4020","Hindi",17,1982,0,"Yes",100,0,0,3,1,1,1,1,1,1,4,2,1,3,1,103
"4021","Hindi",4,1946,0,"Yes",90,0,10,3,1,1,NA,1,1,1,1,2,2,2,1,104
"4022","Hindi",1,2003,0,"No",100,0,0,4,1,1,NA,1,1,1,2,1,3,2,1,9
"4023","Hindi",18,1986,0,"Yes",100,0,0,1,1,1,NA,1,1,1,2,1,4,3,2,1147
"4024","Hindi",1,1978,0,"No",100,0,0,1,1,1,2,1,1,1,2,1,2,1,1,16
"4025","Hindi",2,1958,0,"Yes",70,0,30,1,1,1,1,1,1,1,1,2,2,1,4,1023
"4026","Hindi",1,2006,0,"Yes",100,0,0,1,1,1,1,1,1,1,3,2,4,1,1,271
"4027","Hindi",1,2001,0,"No",100,0,0,2,1,1,NA,1,1,1,1,1,3,3,1,138
"4028","Hindi",1,1985,0,"Yes",100,0,0,2,1,2,1,1,1,1,1,1,2,1,1,23
"4029","Hindi",1,2006,0,"No",100,0,0,3,1,1,NA,1,1,1,3,1,4,2,1,76
"4030","Hindi",1,2004,0,"No",100,0,0,2,1,1,NA,1,1,2,3,1,4,1,1,69
"4031","Hindi",1,1984,0,"Yes",70,30,0,2,1,1,1,1,1,1,2,1,2,1,4,729
"4032","Hindi",2,1996,0,"Yes",100,0,0,3,1,1,NA,1,1,1,1,1,2,3,1,67
"4033","Hindi",1,2006,0,"No",100,0,0,1,1,2,NA,1,1,1,1,1,3,2,1,142
"4034","Hindi",1,2005,0,"No",100,0,0,2,1,1,NA,1,1,1,1,2,2,2,1,79
"4035","Hindi",1,1996,0,"No",100,0,0,1,1,1,NA,1,1,2,3,1,4,2,1,67
"4036","Hindi",1,2004,0,"No",100,0,0,2,1,1,NA,1,1,1,4,1,3,1,1,43
"4037","Hindi",1,2003,0,"No",100,0,0,1,1,1,NA,1,1,1,4,NA,3,1,2,131
"4038","Hindi",1,2004,0,"Yes",99,1,0,1,1,1,1,1,1,1,1,3,1,2,1,470
"4039","Hindi",1,2003,0,"No",100,0,0,2,1,1,NA,1,1,1,2,1,2,2,1,32
"4040","Hindi",7,1982,0,"Yes",100,0,0,2,1,1,1,1,1,1,3,2,3,2,4,1037
"4041","Hindi",1,1971,0,"Yes",95,0,5,2,1,1,2,1,1,1,1,1,3,1,1,108
"4042","Hindi",3,1989,0,"Yes",95,0,5,4,1,1,1,1,1,1,3,3,3,1,1,74
"4043","Hindi",6,1976,0,"Yes",95,0,5,4,1,1,1,1,1,1,1,1,2,1,1,92
"4044","Hindi",5,1984,0,"Yes",85,0,15,4,1,1,1,1,1,1,1,1,1,2,2,138
"4045","Hindi",1,2003,0,"No",100,0,0,2,1,1,NA,1,1,3,3,1,4,2,1,168
"4046","Hindi",4,2004,0,"No",100,0,0,2,1,2,1,1,1,1,2,3,4,1,1,348
"4047","Hindi",1,1961,0,"Yes",100,0,0,3,1,1,NA,1,1,1,1,1,2,1,1,106
"4048","Hindi",1,1998,0,"No",100,0,0,4,1,1,NA,1,1,2,2,1,2,1,2,38
"4049","Hindi",2,1951,0,"Yes",80,0,20,2,1,1,NA,1,1,1,4,2,3,2,2,987
"4050","Hindi",1,2005,0,"Yes",100,0,0,3,1,1,NA,1,1,1,2,1,2,3,1,131
"4051","Hindi",2,2012,0,"Yes",70,30,0,2,1,2,1,1,1,1,1,1,2,3,2,178
"4052","Hindi",1,1993,0,"No",100,0,0,4,1,1,NA,1,1,1,1,1,1,2,1,80
"4053","Hindi",1,1992,0,"Yes",100,0,0,4,1,2,NA,1,1,2,1,1,2,2,1,67
"4054","Hindi",1,1978,0,"No",100,0,0,1,1,1,NA,1,1,3,1,1,1,NA,1,24
"4055","Hindi",3,1976,0,"No",70,0,30,1,1,1,1,1,1,1,1,1,2,2,NA,762
"4056","Hindi",1,1989,0,"No",100,0,0,1,1,1,NA,1,1,1,1,1,4,2,1,68
"4057","Hindi",1,2004,0,"No",100,0,0,2,1,1,NA,1,1,1,4,1,2,2,1,29
"4058","Hindi",1,1987,0,"No",100,0,0,1,1,NA,2,1,1,1,2,1,2,NA,1,6
"4059","Hindi",1,2009,0,"Yes",95,0,5,4,1,1,1,1,1,1,1,1,2,NA,1,108
"4060","Hindi",1,1987,0,"Yes",100,0,0,2,1,2,NA,1,1,1,2,1,1,NA,1,21
"4061","Hindi",1,2004,0,"Yes",100,0,0,3,1,1,NA,1,1,1,2,1,2,1,4,388
"4062","Hindi",1,1998,0,"No",100,0,0,1,1,1,1,1,1,1,1,3,4,NA,2,7
"4063","Hindi",1,1997,0,"No",100,0,0,4,1,1,NA,1,1,3,1,1,2,1,1,7
"4064","Hindi",1,2007,0,"No",100,0,0,2,1,1,NA,1,1,2,1,1,2,NA,1,23
"4065","Hindi",1,1993,0,"Yes",100,0,0,2,1,1,1,1,2,2,2,1,2,1,2,16
"4066","Hindi",1,1995,0,"Yes",100,0,0,1,1,1,1,1,1,3,4,1,4,1,1,16
"4067","Hindi",1,1963,0,"No",100,0,0,2,1,1,NA,1,1,1,1,1,1,NA,1,12
"4068","Hindi",1,1983,0,"Yes",100,0,0,2,2,1,1,1,1,1,2,1,2,NA,1,33
"4069","Hindi",1,1989,0,"No",100,0,0,4,1,1,NA,1,1,3,2,1,3,2,1,26
"4070","Hindi",1,2003,0,"Yes",100,0,0,4,1,2,NA,1,1,1,1,1,2,NA,1,30
"4071","Hindi",1,1989,0,"Yes",95,0,5,3,1,1,1,1,1,1,2,1,4,1,1,145
"4072","Hindi",2,1979,0,"No",100,0,0,4,1,1,NA,1,1,1,2,1,2,1,1,8
"4073","Hindi",1,1992,0,"No",100,0,0,2,1,1,NA,1,1,1,4,1,3,2,1,73
"4074","Hindi",1,1960,0,"Yes",100,0,0,2,1,1,NA,1,2,2,1,1,1,NA,1,140
"4075","Hindi",1,2004,0,"No",100,0,0,2,1,1,1,1,1,3,2,1,2,1,1,17
"4076","Hindi",1,1990,0,"No",100,0,0,1,2,1,1,1,1,1,1,2,1,1,1,6
"4077","Hindi",1,1976,0,"No",100,0,0,1,1,1,NA,1,1,1,1,1,1,1,1,5
"4078","Hindi",1,1967,0,"No",100,0,0,2,2,1,NA,1,1,2,1,1,1,1,1,20
"4079","Hindi",1,1994,0,"No",100,0,0,3,2,2,1,1,1,2,1,1,2,2,1,6
"4080","Hindi",1,1985,0,"Yes",100,0,0,2,1,1,NA,1,1,1,1,1,3,2,1,50
"4081","Hindi",1,1976,0,"Yes",100,0,0,2,2,2,1,1,1,1,1,2,3,1,1,20
"4082","Hindi",1,2010,0,"No",100,0,0,4,1,1,NA,1,1,3,2,1,3,1,1,6
"4083","Hindi",1,1995,0,"No",100,0,0,1,1,1,NA,1,1,1,1,2,2,1,1,10
"4084","Hindi",1,1995,0,"No",100,0,0,3,2,1,2,1,1,3,1,1,2,2,1,12
"4085","Hindi",1,1976,0,"No",100,0,0,3,2,1,1,1,1,1,1,2,2,1,1,10
"4086","Hindi",1,1990,0,"No",100,0,0,4,1,1,NA,1,1,2,1,1,2,1,1,7
"4087","Hindi",1,1977,0,"No",100,0,0,4,1,1,NA,1,1,2,1,1,2,1,1,10
"4088","Hindi",1,1975,0,"No",100,0,0,4,1,1,NA,1,1,2,2,1,2,1,1,10
"4089","Hindi",1,1997,0,"No",100,0,0,1,2,1,1,1,1,1,2,1,2,2,1,7
"4090","Hindi",1,1983,0,"No",100,0,0,4,1,1,1,1,1,3,2,2,2,NA,1,7
"4091","Hindi",1,1977,0,"No",100,0,0,1,1,NA,1,1,1,1,1,1,2,NA,1,6
"4092","Hindi",1,2000,0,"No",100,0,0,3,1,1,NA,1,1,2,1,1,4,2,1,29
"4093","Hindi",3,1993,0,"No",100,0,0,3,1,1,NA,1,1,1,1,1,2,3,1,23
"4094","Hindi",1,1979,0,"No",100,0,0,1,1,1,NA,1,1,3,2,1,4,1,1,30
"4095","Hindi",1,2004,0,"No",100,0,0,1,1,1,NA,1,1,1,1,1,2,1,1,113
"4096","Hindi",1,1993,0,"Yes",100,0,0,3,1,1,NA,1,3,2,2,1,2,1,1,23
"4097","Hindi",1,1982,0,"Yes",100,0,0,1,1,1,1,1,1,2,1,1,1,NA,1,40
"4098","Hindi",1,1994,0,"No",100,0,0,4,1,2,1,1,1,3,2,2,4,2,1,10
"4099","Hindi",1,1996,0,"Yes",100,0,0,4,1,1,1,1,1,1,1,1,1,1,1,21
"4100","Hindi",1,1998,0,"Yes",100,0,0,2,1,1,1,1,1,1,1,1,1,NA,1,20
"4101","Hindi",1,1973,0,"No",100,0,0,1,1,1,1,1,1,1,1,1,2,NA,1,6
"4102","Hindi",1,2003,0,"No",100,0,0,1,1,1,NA,1,1,1,1,1,2,2,1,19
"4103","Hindi",3,1989,0,"No",100,0,0,3,1,1,NA,1,1,1,1,1,3,3,1,69
"4104","Hindi",1,1983,0,"No",100,0,0,2,1,1,1,1,1,3,1,3,2,1,1,15
"4105","Hindi",1,1973,0,"No",100,0,0,2,1,1,NA,1,1,4,1,1,2,2,1,12
"4106","Hindi",1,2003,0,"Yes",100,0,0,3,1,1,NA,1,1,1,1,1,4,2,1,33
"4107","Hindi",1,2006,0,"No",100,0,0,2,2,1,2,1,1,2,1,1,2,2,2,128
"4108","Hindi",6,1994,0,"Yes",95,0,5,1,1,1,1,1,1,1,1,2,2,3,1,1017
"4109","Hindi",3,2003,0,"Yes",100,0,0,1,1,1,1,1,1,1,1,2,2,2,1,68
"4110","Hindi",1,1993,0,"No",100,0,0,2,2,2,NA,1,1,1,1,1,1,NA,1,8
"4111","Hindi",1,1993,0,"Yes",100,0,0,4,1,3,1,1,1,2,4,4,2,2,4,35
"4112","Hindi",1,1986,0,"No",100,0,0,1,1,2,3,4,1,2,1,1,2,NA,1,10
"4113","Hindi",1,1983,0,"No",100,0,0,2,1,1,NA,1,1,3,1,1,2,2,4,29
"4114","Hindi",1,2003,0,"Yes",100,0,0,4,1,1,NA,1,1,3,2,1,2,1,1,36
"4115","Hindi",1,2007,0,"No",100,0,0,4,1,1,1,1,1,2,1,3,3,4,1,6
"4116","Hindi",1,2003,0,"No",100,0,0,4,1,1,NA,1,1,2,2,1,2,NA,1,5
"4117","Hindi",1,2004,0,"No",100,0,0,4,1,1,1,1,1,3,2,1,2,1,1,6
"4118","Hindi",1,1992,0,"No",100,0,0,3,1,1,NA,1,1,1,1,1,2,1,1,32
"4119","Hindi",1,1993,0,"No",100,0,0,2,1,1,1,1,1,1,4,2,4,2,2,40
"4120","Hindi",1,1982,0,"No",100,0,0,2,1,1,1,1,3,1,2,1,4,2,1,6
"4121","Hindi",1,1988,0,"Yes",90,0,10,3,1,1,2,1,1,1,1,1,4,2,1,123
"4122","Hindi",1,1989,0,"Yes",100,0,0,2,1,1,1,1,1,3,1,1,2,NA,1,75
"4123","Hindi",1,1973,0,"No",100,0,0,3,1,1,NA,1,1,3,1,1,2,1,1,9
"4124","Hindi",1,1979,0,"No",100,0,0,2,1,1,2,1,1,1,4,3,4,2,3,8
"4125","Hindi",1,1986,0,"No",100,0,0,1,1,1,NA,1,1,1,1,1,3,2,1,60
"4126","Hindi",1,1987,0,"Yes",30,0,70,2,1,2,2,1,1,2,2,1,2,3,1,50
"4127","Hindi",1,1996,0,"No",100,0,0,2,1,1,1,1,1,4,1,1,1,NA,1,40
"4128","Hindi",1,1994,0,"Yes",100,0,0,2,1,1,NA,1,1,1,1,1,2,1,1,76
"4129","Hindi",1,1993,0,"Yes",100,0,0,2,1,1,1,1,1,2,1,2,2,NA,1,62
"4130","Hindi",1,2003,0,"No",100,0,0,1,1,NA,NA,1,1,3,2,1,2,2,1,38
"4131","Hindi",1,2007,0,"No",100,0,0,4,1,2,1,1,1,3,2,4,2,4,2,18
"4132","Hindi",1,1971,0,"No",100,0,0,4,2,1,NA,1,1,2,1,1,2,NA,1,6
"4133","Hindi",1,1937,0,"No",100,0,0,2,1,1,NA,1,1,3,1,1,1,2,1,43
"4134","Hindi",1,1997,0,"Yes",100,0,0,3,1,1,NA,1,1,2,1,1,1,1,1,30
"4135","Hindi",1,2003,0,"No",100,0,0,2,1,1,NA,1,1,1,1,1,1,1,1,69
"4136","Hindi",3,2003,0,"Yes",100,0,0,3,1,1,1,1,1,1,4,1,2,1,1,63
"4137","Hindi",1,1994,0,"No",100,0,0,4,2,1,NA,1,1,1,1,1,2,1,1,21
"4138","Hindi",1,2001,0,"No",100,0,0,4,2,1,NA,1,1,1,1,2,2,2,1,9
"4139","Hindi",1,1998,0,"No",100,0,0,2,1,1,NA,1,1,1,1,1,2,4,1,6
"4140","Hindi",1,1996,0,"No",100,0,0,2,1,1,NA,1,1,1,1,2,4,2,1,67
"4141","Hindi",3,2001,0,"No",100,0,0,1,1,1,1,1,1,1,1,1,4,2,1,78
"4142","Hindi",2,2002,0,"No",100,0,0,1,1,1,NA,1,1,3,4,2,3,2,1,253
"4143","Hindi",1,1993,0,"No",100,0,0,4,1,1,NA,1,1,1,2,1,2,1,1,28
"4144","Hindi",1,1998,0,"No",100,0,0,3,1,1,NA,1,1,1,2,1,2,1,1,14
"4145","Hindi",1,2007,0,"No",100,0,0,3,1,1,NA,1,1,1,1,1,1,NA,1,14
"4146","Hindi",1,1962,0,"No",100,0,0,3,1,1,NA,1,1,2,2,1,2,2,1,9
"4147","Hindi",1,1981,0,"No",100,0,0,4,1,1,1,1,1,3,2,1,2,2,1,10
"4148","Hindi",1,1993,0,"No",100,0,0,2,1,1,NA,1,1,4,2,1,2,2,1,7
"4149","Hindi",1,1993,0,"No",100,0,0,4,1,1,NA,1,1,2,3,1,2,2,1,11
"4150","Hindi",1,2004,0,"No",100,0,0,4,1,2,1,1,1,1,1,1,2,2,1,46
"4151","Hindi",1,2003,0,"No",100,0,0,3,2,1,1,1,1,1,1,1,2,2,1,60
"4152","Hindi",1,2003,0,"No",100,0,0,4,2,1,1,1,1,3,2,1,2,1,1,21
"4153","Hindi",1,1999,0,"No",100,0,0,4,1,1,NA,1,1,1,2,1,2,2,1,75
"4154","Hindi",1,1996,0,"No",100,0,0,4,1,1,NA,1,1,1,1,1,2,1,1,23
"4155","Hindi",1,1980,0,"Yes",100,0,0,4,1,1,NA,1,1,2,2,1,2,1,1,26
"4156","Hindi",1,2001,0,"No",100,0,0,4,1,1,NA,1,1,1,1,1,2,2,1,8
"4157","Hindi",1,2004,0,"No",100,0,0,3,1,1,NA,1,1,1,1,1,2,1,1,14
"4158","Hindi",1,2003,0,"No",100,0,0,4,2,1,NA,1,1,3,2,1,2,1,1,7
"4159","Hindi",1,2004,0,"No",100,0,0,3,1,1,NA,1,1,3,1,1,2,1,1,14
"4160","Hindi",1,2003,0,"No",100,0,0,3,2,1,NA,1,1,1,1,1,2,1,1,21
"4161","Hindi",1,2002,0,"No",100,0,0,4,1,1,NA,1,1,3,2,1,2,2,1,7
"4162","Hindi",1,2006,0,"No",100,0,0,4,1,1,NA,1,1,1,1,1,2,1,1,11
"4163","Hindi",1,2002,0,"No",100,0,0,4,1,1,NA,1,1,3,2,1,2,1,1,7
"4164","Hindi",1,1983,0,"No",100,0,0,3,1,1,1,1,1,1,1,2,2,2,1,43
"4165","Hindi",1,2003,0,"No",100,0,0,4,1,1,1,1,1,1,1,1,2,1,1,32
"4166","Hindi",4,2003,0,"No",100,0,0,3,1,1,NA,1,1,1,1,1,4,1,1,67
"4167","Hindi",1,1963,0,"Yes",100,0,0,4,1,2,1,1,1,3,1,1,2,1,1,43
"4168","Hindi",1,2000,0,"No",100,0,0,4,2,1,NA,1,1,2,2,1,2,1,1,10
"4169","Hindi",1,1998,0,"No",100,0,0,3,1,2,2,1,1,1,2,2,2,NA,1,11
"4170","Hindi",1,2003,0,"No",100,0,0,1,1,1,NA,1,1,1,3,1,3,2,1,104
"4171","Hindi",2,2004,0,"Yes",100,0,0,4,1,1,NA,1,1,1,1,1,2,1,1,39
"4172","Hindi",1,1977,0,"No",100,0,0,3,1,1,NA,1,1,3,2,1,2,2,1,31
"4173","Hindi",1,2004,0,"No",100,0,0,1,1,1,NA,1,1,1,1,1,2,4,1,68
"4174","Hindi",2,1987,0,"No",100,0,0,3,1,1,1,1,1,1,1,1,4,2,1,39
"4175","Hindi",1,1981,0,"No",100,0,0,2,2,1,1,1,1,1,1,1,1,2,1,16
"4176","Hindi",1,2004,0,"Yes",100,0,0,4,1,1,NA,1,1,1,1,1,2,2,1,61
"4177","Hindi",1,2001,0,"No",100,0,0,4,1,1,1,1,1,3,2,1,3,4,1,12
"4178","Hindi",1,2006,0,"No",100,0,0,4,1,1,NA,1,1,1,2,1,2,1,1,57
"4179","Hindi",1,1991,0,"Yes",100,0,0,2,1,1,NA,1,1,1,2,1,2,3,1,37
"4180","Hindi",1,1995,0,"No",100,0,0,2,1,1,NA,1,1,1,2,1,2,1,1,67
"4181","Hindi",1,1981,0,"Yes",100,0,0,2,1,1,NA,1,1,4,1,1,2,2,1,21
"4182","Hindi",1,2007,1,"No",100,0,0,4,1,1,1,1,1,2,2,1,2,1,1,23
"4183","Hindi",1,1997,0,"No",100,0,0,2,1,1,NA,1,1,4,2,1,2,2,1,12
"4184","Hindi",1,2003,0,"No",100,0,0,3,1,1,NA,1,1,1,1,1,2,1,1,18
"4185","Hindi",1,2005,0,"No",100,0,0,3,1,1,NA,1,1,1,2,1,2,1,1,23
"4186","Hindi",1,2004,0,"No",100,0,0,4,1,3,NA,2,1,2,1,1,2,2,1,29
"4187","Hindi",1,2008,0,"No",100,0,0,3,1,2,NA,1,1,1,1,1,2,2,1,10
"4188","Hindi",1,2004,0,"Yes",100,0,0,1,1,1,NA,1,1,1,3,1,4,1,1,63
"4189","Hindi",1,1988,0,"No",100,0,0,2,1,1,NA,1,1,1,1,1,1,4,1,400
"4190","Hindi",1,2003,0,"No",100,0,0,4,1,1,NA,1,1,1,2,1,2,2,1,38
"4191","Hindi",1,1976,0,"No",100,0,0,1,1,1,1,1,1,2,4,4,4,NA,1,12
"4192","Hindi",1,2001,0,"No",100,0,0,1,1,NA,1,1,1,3,NA,1,2,3,1,14
"4193","Hindi",1,1981,0,"No",100,0,0,2,1,1,NA,1,1,1,4,1,3,1,1,28
"4194","Hindi",1,2003,0,"No",100,0,0,1,2,1,NA,1,1,2,2,1,2,2,1,6
"4195","Hindi",1,1982,0,"No",100,0,0,3,1,1,NA,1,1,2,2,1,2,1,1,11
"4196","Hindi",1,1984,0,"Yes",100,0,0,1,1,1,1,1,1,1,1,1,2,1,1,127
"4197","Hindi",1,1993,0,"No",100,0,0,1,1,1,1,1,1,2,3,4,4,NA,1,20
"4198","Hindi",1,2004,0,"No",100,0,0,4,1,1,1,1,1,1,1,2,2,NA,1,7
"4199","Hindi",1,2001,0,"No",100,0,0,4,1,1,1,1,1,1,1,1,1,1,1,16
"4200","Hindi",1,1979,0,"No",100,0,0,1,1,1,1,1,1,2,1,1,2,NA,1,20
"4201","Hindi",1,1996,0,"No",100,0,0,1,1,NA,NA,1,1,4,2,1,2,2,1,43
"4202","Hindi",1,2003,0,"No",100,0,0,1,1,1,NA,1,1,1,1,1,2,1,1,18
"4203","Hindi",1,1997,0,"No",100,0,0,1,1,1,1,1,1,1,1,3,3,NA,1,6
"4204","Hindi",1,1991,1,"Yes",100,0,0,4,1,1,1,1,1,1,2,1,2,1,1,18
"4205","Hindi",1,1992,0,"No",100,0,0,1,1,1,1,1,1,1,1,1,2,NA,1,65
"4206","Hindi",1,1992,0,"Yes",100,0,0,1,1,3,1,1,1,1,1,2,2,3,2,22
"4207","Hindi",1,1965,0,"No",100,0,0,4,2,NA,NA,1,1,1,1,4,4,NA,2,14
"4208","Hindi",1,1984,0,"No",100,0,0,2,1,1,NA,1,1,1,1,1,1,NA,1,17
"4209","Hindi",1,2003,0,"No",100,0,0,4,1,1,NA,1,1,1,2,1,2,2,1,27
"4210","Hindi",1,2004,0,"No",100,0,0,4,2,1,NA,1,1,1,1,1,1,NA,1,10
"4211","Hindi",1,1996,0,"No",100,0,0,3,1,1,1,1,1,3,2,1,2,1,1,12
"4212","Hindi",1,1961,0,"No",100,0,0,2,1,1,2,1,1,2,2,1,2,2,1,21
"4213","Hindi",1,2003,0,"No",100,0,0,2,2,1,1,1,1,2,1,1,2,2,1,11
"4214","Hindi",1,1962,0,"No",100,0,0,2,1,2,1,1,1,3,4,1,3,3,1,11
"4215","Hindi",1,1990,0,"No",100,0,0,2,1,1,NA,1,1,1,1,1,1,NA,1,12
"4216","Hindi",1,2003,0,"No",100,0,0,4,1,1,NA,1,1,3,2,1,2,1,1,18
"4217","Hindi",1,2003,0,"No",100,0,0,4,1,1,NA,1,1,2,1,1,1,1,1,27
"4218","Hindi",1,2001,0,"No",100,0,0,3,2,1,NA,1,1,2,1,1,2,1,1,12
"4219","Hindi",1,1994,0,"No",100,0,0,3,1,1,NA,1,1,3,1,1,2,1,1,5
"4220","Hindi",1,1983,0,"No",100,0,0,3,1,1,NA,1,1,1,1,1,1,NA,1,10
"4221","Hindi",1,1976,0,"Yes",100,0,0,4,1,1,NA,1,1,1,1,1,2,2,1,229
"4222","Hindi",1,2005,0,"No",100,0,0,2,1,1,NA,1,1,3,4,1,4,1,1,8
"4223","Hindi",1,2003,0,"No",100,0,0,3,1,NA,NA,1,1,1,2,1,1,2,1,8
"4224","Hindi",1,1997,0,"No",100,0,0,4,1,1,NA,1,1,2,2,1,2,3,1,12
"4225","Hindi",1,2009,0,"No",100,0,0,1,1,NA,1,1,1,1,1,1,1,NA,1,20
"4226","Hindi",1,2008,0,"No",100,0,0,2,2,1,NA,1,1,1,2,1,2,NA,1,6
"4227","Hindi",3,1996,0,"Yes",100,0,0,1,1,1,1,1,1,1,1,2,4,2,1,121
"4228","Hindi",1,1999,0,"No",100,0,0,3,1,1,NA,1,1,1,1,1,2,1,1,21
"4229","Hindi",1,2009,0,"No",100,0,0,2,1,1,1,1,1,2,3,2,4,NA,2,22
"4230","Hindi",1,2006,0,"No",100,0,0,4,1,1,NA,1,1,2,2,1,2,1,1,67
"4231","Hindi",1,2011,0,"Yes",100,0,0,4,1,1,NA,1,1,1,2,2,2,2,1,78
"4232","Hindi",1,2005,0,"No",100,0,0,4,1,1,NA,1,1,3,1,2,2,1,1,27
"4233","Hindi",1,2008,0,"No",100,0,0,3,1,1,NA,1,1,3,2,1,2,1,1,18
"4234","Hindi",1,2010,0,"No",100,0,0,4,1,1,NA,1,1,1,1,1,2,3,1,56
"4235","Hindi",2,2011,0,"No",100,0,0,4,1,1,NA,1,1,1,1,2,2,1,1,73
"4236","Hindi",1,2001,0,"No",100,0,0,4,1,1,NA,1,1,2,1,1,2,2,1,11
"4237","Hindi",1,2004,0,"Yes",100,0,0,1,1,1,NA,1,1,1,2,1,4,2,1,25
"4238","Hindi",1,1981,0,"No",100,0,0,1,1,1,1,1,1,1,4,1,4,NA,1,6
"4239","Hindi",1,1976,0,"No",100,0,0,1,2,2,NA,1,1,3,2,1,1,NA,1,6
"4240","Hindi",1,1966,0,"No",100,0,0,3,1,3,1,4,1,3,3,1,4,NA,2,15
"4241","Hindi",1,1982,0,"No",100,0,0,3,1,3,1,4,1,3,3,1,2,1,2,40
"4242","Hindi",1,1989,0,"No",100,0,0,4,1,3,1,4,1,3,3,1,4,NA,2,8
"4243","Hindi",1,1964,0,"No",100,0,0,4,1,3,1,4,1,1,3,1,4,NA,2,15
"4244","Hindi",1,1983,0,"No",100,0,0,2,1,3,1,4,1,3,2,1,4,1,2,8
"4245","Hindi",1,1987,0,"No",100,0,0,4,1,3,1,4,1,4,3,1,4,NA,1,10
"4246","Hindi",1,2006,0,"No",100,0,0,3,1,3,1,1,1,1,3,4,1,NA,3,10
"4247","Hindi",1,1992,1,"No",100,0,0,4,1,3,1,1,1,2,2,1,4,NA,3,12
"4248","Hindi",1,2009,0,"No",100,0,0,4,1,3,1,4,1,2,3,1,4,NA,3,10
"4249","Hindi",1,2008,0,"No",100,0,0,4,1,3,1,4,1,2,3,1,4,NA,3,12
"4250","Hindi",1,1980,0,"No",100,0,0,3,1,3,1,2,1,3,3,1,4,NA,2,9
"4251","Hindi",1,1990,0,"No",100,0,0,4,1,3,1,3,1,3,3,1,4,NA,1,10
"4252","Hindi",1,2004,0,"No",100,0,0,2,1,3,1,1,3,3,3,1,4,NA,3,5
"4253","Hindi",1,1985,0,"No",100,0,0,4,1,3,1,4,1,4,3,1,4,NA,4,20
"4254","Hindi",1,1984,0,"No",100,0,0,4,1,4,1,1,1,3,3,1,4,NA,3,7
"4255","Hindi",1,1996,0,"No",100,0,0,2,1,3,1,3,1,1,3,1,3,1,1,7
"4256","Hindi",1,1994,0,"No",100,0,0,3,1,3,1,3,1,3,3,1,3,NA,1,8
"4257","Hindi",1,2007,0,"No",100,0,0,4,1,3,1,1,1,2,3,1,4,NA,1,10
"4258","Hindi",1,2001,0,"No",100,0,0,3,1,3,1,1,1,3,3,1,4,NA,3,10
"4259","Hindi",1,1990,0,"No",100,0,0,4,1,3,1,1,1,1,3,1,4,NA,1,8
"4260","Hindi",1,1981,0,"No",100,0,0,4,1,3,1,4,1,1,3,1,4,NA,3,9
"4261","Hindi",1,1987,0,"No",100,0,0,4,1,3,1,4,1,3,3,1,4,NA,3,8
"4262","Hindi",1,1986,0,"No",100,0,0,4,1,3,1,4,1,3,3,1,4,NA,1,56
"4263","Hindi",1,1985,0,"No",100,0,0,4,1,3,1,3,1,2,3,1,1,NA,2,125
"4264","Hindi",1,1989,0,"No",100,0,0,1,1,3,1,3,1,3,3,1,4,NA,3,30
"4265","Hindi",1,1985,0,"No",100,0,0,3,1,3,1,4,1,3,2,1,4,NA,1,12
"4266","Hindi",1,1980,0,"No",100,0,0,4,1,3,1,4,1,2,2,1,2,1,2,8
"4267","Hindi",1,1999,0,"No",100,0,0,3,1,2,1,4,1,3,2,1,1,NA,2,8
"4268","Hindi",1,1990,0,"No",100,0,0,4,1,3,1,4,1,3,3,1,4,NA,2,10
"4269","Hindi",1,1999,0,"No",100,0,0,3,1,3,1,4,1,3,3,1,4,NA,1,15
"4270","Hindi",1,2005,0,"No",100,0,0,4,1,4,1,1,1,3,4,1,4,NA,1,8
"4271","Hindi",1,2003,0,"No",100,0,0,3,1,3,1,3,1,1,2,1,3,NA,2,10
"4272","Hindi",1,2007,0,"No",100,0,0,4,1,3,1,3,1,3,3,1,4,NA,3,15
"4273","Hindi",1,2004,0,"No",100,0,0,3,1,3,1,1,1,3,3,1,4,NA,1,8
"4274","Hindi",1,2005,0,"No",100,0,0,3,1,3,1,3,1,3,2,1,4,NA,3,10
"4275","Hindi",1,1994,0,"No",100,0,0,3,1,3,1,3,1,3,3,1,4,NA,2,8
"4276","Hindi",1,1964,0,"No",100,0,0,3,1,3,1,1,1,1,2,1,1,NA,2,9
"4277","Hindi",1,1999,0,"No",100,0,0,3,1,3,1,3,1,3,3,1,4,NA,3,10
"4278","Hindi",1,2008,0,"No",100,0,0,4,1,3,1,1,1,3,3,1,4,NA,3,20
"4279","Hindi",1,1995,0,"No",100,0,0,3,1,3,1,4,1,1,3,1,4,NA,3,7
"4280","Hindi",1,1998,0,"No",100,0,0,3,1,3,1,4,1,3,3,1,4,NA,1,12
"4281","Hindi",1,1964,0,"No",100,0,0,4,2,3,1,4,1,3,2,1,4,NA,1,90
"4282","Hindi",1,2000,0,"No",100,0,0,3,1,3,1,1,1,3,4,1,4,NA,2,70
"4283","Hindi",1,2006,0,"No",100,0,0,3,1,3,1,1,1,1,3,1,4,NA,2,25
"4284","Hindi",1,1994,0,"No",100,0,0,3,1,3,1,1,1,1,3,1,4,NA,3,18
"4285","Hindi",1,1991,0,"No",100,0,0,4,1,3,1,1,1,3,3,1,4,NA,3,15
"4286","Hindi",1,2001,0,"Yes",100,0,0,3,1,3,1,1,1,1,3,1,4,NA,2,13
"4287","Hindi",1,2001,0,"No",100,0,0,3,1,2,1,1,1,1,2,1,4,NA,2,9
"4288","Hindi",1,2001,1,"No",100,0,0,1,1,3,1,1,3,4,2,1,4,NA,3,21
"4289","Hindi",1,1988,0,"No",100,0,0,3,1,3,1,1,1,4,3,1,4,NA,3,24
"4290","Hindi",1,2002,0,"No",100,0,0,3,1,3,1,1,1,1,3,1,4,NA,2,7
"4291","Hindi",1,2003,0,"No",100,0,0,2,1,2,1,1,1,1,2,1,4,NA,2,25
"4292","Hindi",1,2002,0,"No",100,0,0,4,2,2,NA,1,1,2,3,1,4,1,2,25
"4293","Hindi",1,2009,0,"No",100,0,0,4,1,3,1,1,1,2,3,1,4,1,2,8
"4294","Hindi",1,2001,0,"No",100,0,0,1,1,3,1,1,1,1,3,1,4,NA,2,18
"4295","Hindi",1,1984,0,"No",100,0,0,2,1,3,2,4,2,3,3,1,4,1,2,8
"4296","Hindi",1,2008,0,"No",100,0,0,3,1,3,1,1,1,4,3,1,4,NA,3,15
"4297","Hindi",1,2006,0,"No",100,0,0,3,1,3,1,1,1,1,3,1,4,NA,2,13
"4298","Hindi",1,1980,0,"No",100,0,0,4,2,3,1,1,1,1,3,1,4,NA,3,75
"4299","Hindi",3,2009,0,"Yes",100,0,0,4,1,3,1,1,1,1,3,1,4,NA,3,180
"4300","Hindi",1,2011,0,"No",100,0,0,3,1,3,1,1,1,4,3,1,4,NA,2,15
"4301","Hindi",1,1980,0,"No",100,0,0,3,1,3,1,2,1,3,3,1,4,NA,4,15
"4302","Hindi",1,2011,0,"No",100,0,0,3,2,3,1,1,1,1,2,1,4,1,2,8
"4303","Hindi",1,2006,0,"No",100,0,0,3,1,3,1,1,1,4,3,1,4,NA,2,20
"4304","Hindi",1,2007,0,"No",100,0,0,4,1,3,1,1,1,3,3,1,4,NA,3,25
"4305","Hindi",1,1991,0,"No",100,0,0,4,1,4,NA,1,1,4,3,1,1,1,2,71
"4306","Hindi",1,2001,0,"No",100,0,0,2,1,2,1,1,1,1,4,1,3,1,3,16
"4307","Hindi",2,2006,0,"No",100,0,0,1,2,4,4,2,2,3,1,2,4,2,4,55
"4308","Hindi",1,1991,0,"No",100,0,0,2,1,3,1,1,1,1,3,1,3,2,2,52
"4309","Hindi",1,2000,0,"No",100,0,0,2,1,3,1,1,1,1,2,1,3,NA,3,62
"4310","Hindi",1,2008,0,"No",100,0,0,3,1,3,1,1,1,1,3,1,3,2,2,16
"4311","Hindi",1,2001,0,"No",100,0,0,3,1,3,1,1,1,2,3,1,4,NA,3,8
"4312","Hindi",1,2003,0,"No",100,0,0,3,1,2,1,1,1,1,2,1,2,1,1,6
"4313","Hindi",1,2006,0,"No",100,0,0,4,1,3,1,1,1,1,3,1,2,NA,2,7
"4314","Hindi",1,1968,0,"No",100,0,0,3,2,3,NA,3,3,3,1,2,4,2,4,45
"4315","Hindi",1,2007,0,"No",100,0,0,2,1,3,1,1,1,1,3,1,3,2,3,7
"4316","Hindi",1,1969,0,"Yes",100,0,0,2,1,3,1,1,1,1,3,1,3,2,2,42
"4317","Hindi",1,1972,0,"Yes",100,0,0,1,1,3,1,1,1,2,2,1,3,1,1,22
"4318","Hindi",1,1986,0,"Yes",100,0,0,2,1,4,1,1,1,2,3,1,3,2,3,15
"4319","Hindi",1,2002,0,"No",100,0,0,3,1,4,1,3,1,2,3,1,3,1,2,48
"4320","Hindi",1,1987,0,"No",100,0,0,2,1,2,1,1,1,2,2,1,3,2,2,6
"4321","Hindi",1,2004,0,"No",100,0,0,3,1,3,1,1,1,2,4,1,3,2,3,7
"4322","Hindi",1,2008,0,"No",100,0,0,2,1,4,1,3,1,2,3,1,3,2,3,12
"4323","Hindi",1,1993,0,"No",100,0,0,4,1,4,1,1,1,2,3,1,2,1,1,8
"4324","Hindi",1,1998,0,"Yes",100,0,0,3,1,3,1,1,1,1,3,1,4,NA,3,42
"4325","Hindi",1,1994,0,"No",100,0,0,3,1,2,1,1,1,1,3,1,3,2,2,17
"4326","Hindi",1,2004,0,"No",100,0,0,2,1,2,1,1,1,3,3,1,4,2,1,14
"4327","Hindi",1,1994,0,"No",100,0,0,3,1,4,1,1,1,1,4,1,3,2,2,20
"4328","Hindi",1,1991,0,"No",100,0,0,3,1,3,1,1,1,1,3,1,4,1,2,15
"4329","Hindi",1,2006,0,"No",100,0,0,4,2,3,1,3,1,4,4,1,1,2,4,5
"4330","Hindi",1,2002,0,"No",100,0,0,3,1,2,1,1,1,4,3,1,3,2,4,8
"4331","Hindi",1,2003,0,"No",100,0,0,3,1,3,1,3,1,2,4,1,3,2,3,15
"4332","Hindi",1,2001,0,"No",100,0,0,2,1,2,1,3,2,2,4,1,3,2,2,20
"4333","Hindi",1,2004,0,"No",100,0,0,3,1,3,1,1,1,1,3,1,3,NA,2,12
"4334","Hindi",1,2003,0,"No",100,0,0,3,2,3,2,3,4,3,3,1,3,2,3,12
"4335","Hindi",1,2008,0,"No",100,0,0,4,2,3,NA,3,4,3,4,2,4,2,4,130
"4336","Hindi",1,2007,0,"No",100,0,0,4,2,3,NA,4,3,3,4,2,4,2,4,143
"4337","Hindi",2,2004,0,"No",100,0,0,4,2,3,NA,4,3,4,4,2,4,2,4,56
"4338","Hindi",1,2006,0,"No",100,0,0,2,1,3,1,4,1,1,3,1,3,2,2,18
"4339","Hindi",3,2003,0,"No",100,0,0,4,2,3,NA,4,3,3,4,2,4,2,4,50
"4340","Hindi",1,2002,0,"No",100,0,0,4,1,3,1,1,1,2,3,1,2,NA,2,25
"4341","Hindi",1,2003,0,"No",100,0,0,3,1,2,1,4,1,1,3,1,4,2,3,19
"4342","Hindi",1,1963,1,"No",100,0,0,3,1,4,1,1,1,3,3,1,3,1,3,20
"4343","Hindi",1,2005,0,"Yes",100,0,0,3,1,3,1,3,1,1,3,1,4,1,3,77
"4344","Hindi",1,2001,0,"No",100,0,0,4,1,3,1,1,1,2,3,1,3,2,3,35
"4345","Hindi",1,1963,0,"Yes",100,0,0,4,1,3,1,2,1,3,3,1,4,2,3,70
"4346","Hindi",2,1997,0,"No",100,0,0,4,2,3,NA,3,4,3,4,2,4,2,4,6
"4347","Hindi",1,1963,1,"No",100,0,0,3,1,3,1,1,3,2,3,1,3,2,4,29
"4348","Hindi",4,1983,0,"Yes",100,0,0,4,2,4,NA,4,3,3,1,2,4,2,4,11
"4349","Hindi",1,2000,0,"Yes",100,0,0,4,1,2,1,2,1,3,3,1,3,2,3,20
"4350","Hindi",3,2001,0,"No",100,0,0,3,1,2,NA,2,1,4,3,1,4,2,2,6
"4351","Hindi",1,1995,0,"No",100,0,0,4,2,3,1,2,2,3,3,1,3,2,3,9
"4352","Hindi",1,1979,0,"No",100,0,0,3,1,3,1,1,2,2,2,1,4,2,2,8
"4353","Hindi",1,1978,0,"No",100,0,0,2,1,2,1,1,1,2,3,1,3,1,3,6
"4354","Hindi",1,1982,0,"Yes",100,0,0,3,1,4,1,4,4,4,4,4,4,2,1,250
"4355","Hindi",1,2008,0,"No",100,0,0,4,2,4,NA,4,3,3,3,2,4,2,4,108
"4356","Hindi",1,2004,0,"No",100,0,0,3,2,3,2,1,1,1,3,1,3,2,4,5
"4357","Hindi",1,2005,0,"No",100,0,0,4,2,3,2,1,1,3,4,3,4,2,1,6
"4358","Hindi",1,1998,0,"No",100,0,0,4,2,3,2,3,3,3,3,3,3,2,2,6
"4359","Hindi",1,2000,0,"No",100,0,0,4,1,3,4,3,3,3,4,2,1,2,4,55
"4360","Hindi",1,2003,0,"No",100,0,0,2,2,3,1,2,2,3,4,3,4,2,1,5
"4361","Hindi",1,2009,0,"No",100,0,0,3,1,3,1,1,2,1,3,1,4,3,3,12
"4362","Hindi",1,2003,0,"No",100,0,0,3,2,3,2,2,4,2,4,3,4,2,1,6
"4363","Hindi",1,2006,0,"No",100,0,0,2,2,3,1,1,3,2,3,1,4,2,2,11
"4364","Hindi",1,2010,0,"No",100,0,0,3,1,3,1,1,1,2,3,1,4,2,1,19
"4365","Hindi",4,1930,0,"Yes",100,0,0,4,2,1,1,3,3,3,4,2,4,2,1,650
"4366","Hindi",2,1930,0,"Yes",100,0,0,1,2,1,1,2,2,3,1,2,1,2,1,550
"4367","Hindi",1,2004,0,"No",100,0,0,4,2,3,2,3,2,3,3,1,3,1,2,12
"4368","Hindi",2,1986,0,"Yes",100,0,0,3,2,4,NA,3,3,4,4,2,4,2,4,18
"4369","Hindi",1,1999,0,"No",100,0,0,4,2,3,4,2,3,3,3,2,3,2,1,5
"4370","Hindi",1,2000,0,"No",100,0,0,4,2,3,1,1,1,3,2,1,2,2,3,22
"4371","Hindi",2,2003,0,"No",100,0,0,1,2,3,1,2,2,3,3,1,4,2,1,18
"4372","Hindi",1,1985,0,"No",100,0,0,3,2,4,1,2,1,3,3,1,3,2,3,6
"4373","Hindi",1,1982,0,"No",100,0,0,4,2,3,1,4,3,1,4,4,1,2,1,6
"4374","Hindi",1,2006,0,"No",100,0,0,3,1,3,1,1,1,1,4,1,3,1,2,7
"4375","Hindi",1,1973,1,"No",100,0,0,3,1,3,1,1,1,2,3,1,4,2,2,15
"4376","Hindi",1,2009,0,"No",100,0,0,3,3,4,4,1,1,1,4,1,2,2,3,65
"4377","Hindi",1,2011,0,"No",100,0,0,2,1,2,1,3,2,1,4,1,3,1,2,10
"4378","Hindi",2,2008,0,"No",100,0,0,4,2,3,NA,4,3,4,4,2,4,2,4,5
"4379","Hindi",1,2008,0,"No",100,0,0,4,2,3,1,3,1,2,3,1,3,2,3,6
"4380","Hindi",1,1994,0,"No",100,0,0,4,1,3,1,1,1,2,3,1,3,1,2,35
"4381","Hindi",1,2004,0,"No",100,0,0,3,1,4,1,1,1,1,3,1,3,2,2,8
"4382","Hindi",4,1930,0,"Yes",100,0,0,3,2,1,1,2,3,4,4,4,1,2,1,250
"4383","Hindi",1,2001,1,"No",100,0,0,4,2,3,2,1,1,2,3,1,3,2,2,6
"4384","Hindi",1,2008,0,"Yes",100,0,0,4,3,2,3,1,2,2,4,2,3,1,3,15
"4385","Hindi",3,2010,0,"No",100,0,0,3,1,3,NA,3,3,4,4,2,4,2,4,22
"4386","Hindi",1,2010,0,"No",100,0,0,3,1,3,1,1,1,1,3,1,3,2,2,30
"4387","Hindi",1,2008,0,"No",100,0,0,4,1,3,NA,3,2,4,4,2,4,2,4,17
"4388","Hindi",2,2005,0,"No",100,0,0,3,2,3,3,2,1,4,4,3,4,2,1,12
"4389","Hindi",1,2006,0,"No",100,0,0,2,1,3,1,1,1,2,4,1,3,2,3,13
"4390","Hindi",1,2002,0,"No",100,0,0,2,1,3,1,3,1,1,4,1,3,2,4,75
"4391","Hindi",1,2004,0,"No",100,0,0,4,2,3,2,2,2,3,3,1,3,1,2,5
"4392","Hindi",1,2009,0,"No",100,0,0,2,1,3,1,3,1,3,3,1,4,2,2,6
"4393","Hindi",1,2005,0,"No",100,0,0,4,2,3,4,4,3,2,3,2,3,2,3,5
"4394","Hindi",1,2008,0,"No",100,0,0,3,2,3,1,2,1,3,4,1,3,2,1,5
"4395","Hindi",1,1997,0,"No",100,0,0,3,1,4,1,1,1,1,4,1,4,2,2,17
"4396","Hindi",1,2011,0,"No",100,0,0,1,2,3,NA,4,3,4,4,2,1,2,4,105
"4397","Hindi",2,2010,0,"No",100,0,0,3,1,3,NA,4,2,4,4,2,4,2,4,105
"4398","Hindi",1,2006,0,"No",100,0,0,3,1,3,1,4,1,1,3,1,3,1,3,18
"4399","Hindi",1,2007,0,"No",100,0,0,3,1,3,1,3,1,3,4,1,4,NA,2,16
"4400","Hindi",1,2011,0,"No",100,0,0,3,1,2,1,3,1,2,3,1,4,1,3,17
"4401","Hindi",2,1989,0,"No",100,0,0,4,2,3,2,2,1,2,3,1,4,2,2,12
"4402","Hindi",2,2011,0,"No",100,0,0,1,2,3,3,4,3,1,4,3,4,2,4,5
"4403","Hindi",1,2006,0,"No",100,0,0,3,2,3,2,2,3,3,4,1,4,2,2,8
"4404","Hindi",2,2004,0,"No",100,0,0,4,2,3,NA,4,2,3,4,2,1,2,4,155
"4405","Hindi",1,2005,0,"No",100,0,0,4,2,3,NA,4,3,4,4,2,3,2,4,7
"4406","Hindi",1,2009,0,"No",100,0,0,3,1,3,1,4,1,2,4,1,3,NA,2,17
"4407","Hindi",1,2009,0,"No",100,0,0,3,1,3,1,3,1,1,3,1,3,2,4,7
"4408","Hindi",1,1996,0,"No",100,0,0,3,1,3,1,3,1,2,3,1,4,2,3,15
"4409","Hindi",3,2009,0,"No",100,0,0,4,2,4,1,2,1,3,4,3,1,2,2,58
"4410","Hindi",1,2003,0,"No",100,0,0,4,2,3,2,3,1,2,3,1,3,2,4,10
"4411","Hindi",1,2011,0,"No",100,0,0,4,2,3,1,1,1,2,3,3,3,2,1,14
"4412","Hindi",3,2009,0,"No",100,0,0,4,2,3,1,3,1,3,2,1,2,1,3,21
"4413","Hindi",2,2011,0,"No",100,0,0,4,2,3,1,2,3,4,4,4,1,2,4,6
"4414","Hindi",1,1987,0,"No",100,0,0,3,1,3,1,2,1,2,3,1,3,2,3,35
"4415","Hindi",1,1991,0,"No",100,0,0,4,1,3,1,1,1,1,3,1,3,2,1,17
"4416","Hindi",1,1990,0,"No",100,0,0,3,1,2,1,2,1,2,2,1,3,1,2,30
"4417","Hindi",1,2002,0,"Yes",100,0,0,4,3,3,3,2,2,1,3,1,1,2,2,34
"4418","Hindi",2,2004,0,"No",100,0,0,1,2,1,NA,3,2,4,4,2,1,2,4,31
"4419","Hindi",1,1996,0,"No",100,0,0,1,2,2,2,1,1,1,4,1,1,1,1,19
"4420","Hindi",3,2005,0,"Yes",95,0,5,3,2,3,3,4,1,1,1,3,4,2,1,110
"4421","Hindi",3,2003,0,"No",100,0,0,4,2,1,NA,3,4,3,1,2,1,2,4,60
"4422","Hindi",1,2007,0,"No",100,0,0,4,2,2,NA,1,1,1,2,1,1,1,2,35
"4423","Hindi",4,1999,0,"Yes",100,0,0,2,4,4,1,3,1,2,1,1,1,1,2,200
"4424","Hindi",20,2004,0,"Yes",95,0,5,4,1,4,1,1,1,1,4,4,1,4,1,70
"4425","Hindi",2,2004,0,"No",100,0,0,4,2,1,NA,3,2,1,4,2,1,2,4,50
"4426","Hindi",1,2004,0,"No",100,0,0,3,1,3,3,2,1,2,3,2,1,1,2,118
"4427","Hindi",2,2001,0,"No",100,0,0,4,3,3,2,2,1,3,3,1,4,3,2,32
"4428","Hindi",1,2002,0,"Yes",100,0,0,1,1,3,2,1,1,2,4,4,4,1,2,65
"4429","Hindi",1,1993,0,"No",100,0,0,4,1,2,1,3,1,1,3,1,3,2,2,15
"4430","Hindi",1,1964,0,"No",100,0,0,4,1,3,1,1,1,2,3,1,3,2,3,25
"4431","Hindi",1,1988,0,"No",100,0,0,3,1,2,1,1,1,2,2,1,3,1,3,12
"4432","Hindi",1,1945,1,"Yes",100,0,0,3,1,3,1,1,1,2,3,1,3,3,2,35
"4433","Hindi",1,1990,0,"Yes",100,0,0,3,1,2,1,1,1,2,3,1,3,2,2,20
"4434","Hindi",1,2009,0,"No",100,0,0,2,1,2,2,1,1,1,3,1,3,1,3,20
"4435","Hindi",1,2005,0,"No",100,0,0,1,2,4,NA,2,3,4,4,2,1,2,4,25
"4436","Hindi",1,1999,0,"Yes",100,0,0,2,1,2,1,1,1,2,2,2,1,1,2,105
"4437","Hindi",1,2001,0,"Yes",100,0,0,2,1,2,1,1,1,2,3,3,3,2,2,45
"4438","Hindi",3,2005,0,"No",100,0,0,4,2,1,NA,3,2,4,4,2,1,2,1,225
"4439","Hindi",1,2004,0,"No",100,0,0,4,1,4,2,1,2,1,1,4,3,2,1,50
"4440","Hindi",1,1987,0,"No",100,0,0,3,2,3,NA,1,1,2,4,1,4,1,3,38
"4441","Hindi",21,2000,0,"Yes",95,0,5,1,4,1,1,1,1,2,4,1,1,1,1,330
"4442","Hindi",8,1992,0,"No",100,0,0,3,1,3,1,1,2,1,4,1,3,2,3,196
"4443","Hindi",1,2008,0,"Yes",100,0,0,4,2,3,NA,3,1,1,4,2,4,2,3,29
"4444","Hindi",1,2010,0,"Yes",100,0,0,4,4,3,2,2,2,2,3,1,4,2,3,35
"4445","Hindi",1,2006,0,"Yes",100,0,0,4,1,1,NA,1,1,1,4,1,4,1,2,90
"4446","Hindi",1,1990,0,"Yes",100,0,0,4,2,3,1,1,1,2,2,1,4,NA,1,1030
"4447","Hindi",26,2006,0,"Yes",100,0,0,1,2,3,NA,3,3,4,4,2,1,2,4,60
"4448","Hindi",4,1986,0,"Yes",100,0,0,4,2,3,4,3,2,NA,3,2,4,2,2,600
"4449","Hindi",4,1990,0,"Yes",100,0,0,1,2,3,4,2,2,3,3,2,4,2,1,151
"4450","Hindi",17,1978,0,"Yes",75,0,25,3,1,3,1,1,1,3,4,1,4,NA,2,1264
"4451","Hindi",3,1990,0,"Yes",100,0,0,4,1,3,1,1,1,3,3,1,4,1,3,1300
"4452","Hindi",8,2008,0,"No",100,0,0,1,2,4,NA,3,3,3,4,2,1,2,1,22
"4453","Hindi",1,2004,0,"No",100,0,0,3,2,3,NA,1,3,4,4,2,1,2,1,6
"4454","Hindi",1,2008,0,"No",100,0,0,1,2,3,NA,1,3,3,4,2,1,2,1,6
"4455","Hindi",1,1966,1,"No",100,0,0,2,1,4,1,2,1,2,2,1,3,NA,2,1303
"4456","Hindi",1,1930,0,"No",100,0,0,4,1,3,1,1,1,1,2,1,2,4,4,750
"4457","Hindi",1,1986,0,"No",100,0,0,1,1,3,1,1,1,1,3,1,1,1,2,18
"4458","Hindi",1,2004,0,"No",100,0,0,1,1,4,1,1,1,4,4,1,3,2,4,15
"4459","Hindi",1,2007,0,"No",100,0,0,3,1,2,1,1,1,1,2,1,3,1,2,14
"4460","Hindi",1,2007,0,"No",100,0,0,2,1,3,1,4,1,3,2,1,4,1,3,14
"4461","Hindi",2,1986,0,"No",100,0,0,4,1,3,1,1,1,1,3,1,4,1,2,115
"4462","Hindi",1,1935,0,"No",100,0,0,3,1,3,1,1,1,2,1,1,3,NA,4,450
"4463","Hindi",1,1930,0,"No",100,0,0,4,1,1,1,1,1,1,2,4,4,1,1,413
"4464","Hindi",1,2002,0,"No",100,0,0,1,1,1,1,2,1,2,3,1,4,2,2,150
"4465","Hindi",1,2004,0,"No",100,0,0,1,1,1,1,1,1,2,4,1,4,1,1,10
"4466","Hindi",1,2006,0,"No",100,0,0,4,1,3,1,1,1,3,4,1,4,2,2,180
"4467","Hindi",1,1966,0,"Yes",100,0,0,4,1,3,1,1,1,2,3,1,4,1,2,40
"4468","Hindi",1,1949,0,"No",75,0,25,4,1,3,1,1,1,1,1,1,4,1,1,100
"4469","Hindi",1,1957,0,"Yes",100,0,0,4,1,3,1,1,1,2,3,1,4,NA,2,250
"4470","Hindi",1,1976,0,"No",75,0,25,2,1,1,1,1,1,1,1,4,4,NA,1,364
"4471","Hindi",2,2011,0,"Yes",100,0,0,4,1,3,1,2,1,1,3,1,2,1,3,80
"4472","Hindi",1,1986,0,"No",100,0,0,2,1,1,1,1,1,1,4,1,4,1,2,8
"4473","Hindi",1,1999,0,"Yes",80,0,20,3,1,2,1,1,1,1,4,1,1,1,2,81
"4474","Hindi",1,1933,0,"Yes",100,0,0,3,3,3,4,2,4,3,4,3,1,3,2,45
"4475","Hindi",1,1983,0,"No",100,0,0,1,NA,3,NA,3,1,2,4,1,4,1,3,17
"4476","Hindi",1,2004,0,"No",100,0,0,4,1,4,NA,1,1,2,4,1,4,2,2,16
"4477","Hindi",1,1978,0,"No",100,0,0,4,4,2,1,1,1,1,2,1,1,1,1,28
"4478","Hindi",1,1978,0,"Yes",100,0,0,1,1,1,1,1,1,2,3,1,1,2,1,40
"4479","Hindi",1,2007,0,"Yes",80,0,20,4,2,3,1,1,1,2,4,1,4,1,1,19
"4480","Hindi",1,2003,0,"No",100,0,0,1,2,4,NA,2,2,3,4,2,1,2,4,20
"4481","Hindi",1,2002,0,"Yes",100,0,0,3,1,3,1,1,1,1,3,1,3,NA,3,18
"4482","Hindi",1,1991,0,"No",100,0,0,4,1,3,1,1,1,1,4,1,4,NA,3,7
"4483","Hindi",1,2003,0,"No",100,0,0,1,2,3,NA,4,2,4,4,2,1,2,1,18
"4484","Hindi",2,1983,0,"No",100,0,0,1,2,1,NA,2,4,4,4,2,1,2,1,150
"4485","Hindi",1,2004,0,"No",100,0,0,1,2,4,NA,3,2,4,4,3,1,2,4,15
"4486","Hindi",1,2000,0,"No",100,0,0,1,2,3,NA,2,2,3,4,2,1,2,1,23
"4487","Hindi",1,1949,0,"No",100,0,0,1,2,3,NA,2,2,1,4,2,1,2,4,19
"4488","Hindi",1,2006,0,"Yes",100,0,0,4,1,3,1,1,1,3,4,1,4,NA,3,67
"4489","Hindi",1,1965,0,"No",100,0,0,3,1,2,1,1,1,1,3,1,4,NA,2,13
"4490","Hindi",1,2008,1,"Yes",100,0,0,4,1,3,1,1,1,1,3,1,3,2,3,35
"4491","Hindi",1,1957,0,"Yes",65,0,35,3,1,3,3,1,1,2,2,1,3,NA,3,65
"4492","Hindi",1,2007,0,"No",100,0,0,3,1,3,1,1,1,2,3,1,4,NA,2,20
"4493","Hindi",1,2002,0,"No",100,0,0,3,1,1,1,1,1,4,3,1,4,NA,2,100
"4494","Hindi",1,2007,0,"No",100,0,0,4,1,3,1,1,1,3,1,1,4,1,1,25
"4495","Hindi",1,1999,0,"No",100,0,0,4,1,2,1,1,1,3,4,1,4,1,2,67
"4496","Hindi",1,2001,0,"No",100,0,0,4,2,4,1,1,1,2,3,1,2,2,1,27
"4497","Hindi",1,1986,0,"Yes",100,0,0,4,1,3,1,1,1,1,3,1,3,3,3,40
"4498","Hindi",1,1980,0,"No",100,0,0,3,1,3,1,1,1,3,3,1,4,3,3,13
"4499","Hindi",1,1984,0,"No",100,0,0,3,1,3,1,1,1,3,3,1,3,3,3,12
"4500","Hindi",6,2005,0,"No",100,0,0,4,2,4,NA,2,3,1,4,2,4,2,4,70
"4501","Hindi",2,2000,0,"No",100,0,0,1,2,4,NA,2,2,4,4,2,1,2,4,45
"4502","Hindi",1,1963,0,"No",100,0,0,3,1,2,1,4,1,3,3,1,4,3,3,40
"4503","Hindi",1,2006,0,"No",100,0,0,3,1,1,NA,1,1,1,4,1,1,2,1,15
"4504","Hindi",1,2008,0,"No",100,0,0,3,1,3,NA,1,1,3,4,2,4,1,1,20
"4505","Hindi",1,1984,0,"No",100,0,0,3,1,3,1,1,1,3,2,1,3,3,4,25
"4506","Hindi",1,1983,0,"No",100,0,0,4,2,3,NA,4,1,1,4,1,4,2,2,16
"4507","Hindi",1,2006,0,"No",100,0,0,2,1,4,2,1,1,4,4,1,1,1,4,35
"4508","Hindi",2,2000,0,"Yes",100,0,0,4,1,3,1,1,2,3,2,1,3,2,3,51
"4509","Hindi",1,1991,0,"No",100,0,0,4,1,2,1,1,1,1,3,1,3,2,3,30
"4510","Hindi",1,1996,0,"No",100,0,0,3,2,1,2,2,2,2,3,4,3,2,2,17
"4511","Hindi",2,2003,0,"No",100,0,0,4,1,2,2,2,1,3,1,1,1,2,2,16
"4512","Hindi",1,2004,0,"Yes",90,0,10,1,3,4,4,1,1,4,4,1,3,4,2,140
"4513","Hindi",1,2005,0,"No",100,0,0,2,1,2,1,1,1,2,2,3,3,1,1,18
"4514","Hindi",1,1998,0,"Yes",100,0,0,3,1,3,1,1,1,1,4,1,4,3,2,95
"4515","Hindi",4,2001,0,"No",100,0,0,4,2,4,NA,3,2,4,4,2,1,2,2,70
"4516","Hindi",1,2003,0,"No",100,0,0,1,2,3,2,1,4,3,4,1,3,2,2,30
"4517","Hindi",1,2011,0,"No",100,0,0,1,2,3,NA,2,2,1,4,2,1,2,1,10
"4518","Hindi",1,2000,0,"No",100,0,0,3,1,3,1,1,1,3,3,1,3,3,3,17
"4519","Hindi",1,2008,0,"No",100,0,0,1,1,1,1,1,1,1,1,2,1,1,1,20
"4520","Hindi",1,1998,0,"No",100,0,0,3,1,4,1,2,1,3,3,1,4,2,3,76
"4521","Hindi",1,1982,0,"Yes",100,0,0,4,1,1,1,1,1,3,4,4,4,2,2,43
"4522","Hindi",8,1988,0,"Yes",100,0,0,4,1,4,2,2,2,3,2,1,2,1,2,50
"4523","Hindi",1,1970,0,"No",100,0,0,3,1,2,1,1,1,3,4,1,4,3,4,35
"4524","Hindi",2,2006,0,"No",100,0,0,4,2,3,2,1,1,2,1,1,2,1,2,140
"4525","Hindi",1,1995,0,"No",100,0,0,4,2,4,NA,4,2,4,4,2,4,2,4,41
"4526","Hindi",1,1983,0,"No",100,0,0,2,2,2,1,1,1,4,2,3,3,1,1,9
"4527","Hindi",1,1967,0,"No",100,0,0,3,3,3,4,1,1,1,4,4,1,4,2,6
"4528","Hindi",1,2005,0,"No",90,0,10,3,2,4,NA,4,2,1,1,2,4,2,4,40
"4529","Hindi",1,1999,0,"No",100,0,0,4,1,2,NA,1,1,1,3,1,3,2,1,22
"4530","Hindi",1,1985,0,"No",100,0,0,4,1,4,1,1,1,1,2,4,1,1,2,15
"4531","Hindi",13,2004,0,"No",100,0,0,1,2,3,NA,3,3,3,3,2,4,2,4,75
"4532","Hindi",2,1984,0,"Yes",75,0,25,1,2,4,3,2,2,4,4,2,1,2,4,15
"4533","Hindi",1,1998,0,"No",100,0,0,3,1,3,1,1,1,4,4,1,1,1,2,70
"4534","Hindi",1,2008,0,"No",100,0,0,4,1,3,1,1,1,2,3,2,3,2,1,11
"4535","Hindi",1,2007,0,"No",100,0,0,4,3,3,2,2,3,4,4,2,4,2,3,40
"4536","Hindi",1,1998,0,"No",100,0,0,1,2,3,NA,3,2,4,4,2,1,2,4,12
"4537","Hindi",1,2004,0,"No",100,0,0,1,2,2,1,2,1,2,2,1,4,1,1,8
"4538","Hindi",1,1980,0,"No",100,0,0,3,1,1,NA,1,1,1,4,1,3,2,1,10
"4539","Hindi",1,1964,0,"No",100,0,0,3,1,1,2,1,1,3,1,1,4,3,2,30
"4540","Hindi",1,1999,0,"No",100,0,0,4,1,4,1,1,1,1,3,1,4,NA,2,8
"4541","Hindi",1,2003,0,"No",100,0,0,3,1,3,1,1,1,3,3,1,4,NA,3,51
"4542","Hindi",1,2006,0,"No",100,0,0,4,1,3,NA,1,1,1,4,1,3,2,3,30
"4543","Hindi",1,2009,0,"No",100,0,0,4,1,3,1,1,1,1,3,1,4,NA,2,17
"4544","Hindi",1,2006,0,"No",100,0,0,3,1,3,1,1,1,2,2,1,4,NA,2,75
"4545","Hindi",1,1993,0,"No",100,0,0,4,1,3,1,1,1,3,3,1,4,NA,2,70
"4546","Hindi",1,1985,0,"No",100,0,0,4,1,3,1,1,1,4,3,1,4,NA,2,11
"4547","Hindi",1,1977,0,"No",100,0,0,3,1,3,1,1,1,1,2,1,4,NA,1,5
"4548","Hindi",1,2009,0,"No",100,0,0,3,1,2,1,2,1,2,2,1,2,NA,2,9
"4549","Hindi",1,1979,0,"No",100,0,0,4,1,3,1,1,1,3,2,1,4,NA,1,25
"4550","Hindi",1,1964,0,"No",100,0,0,4,1,3,1,1,1,1,4,1,4,NA,3,10
"4551","Hindi",1,2001,0,"No",100,0,0,4,1,3,NA,1,1,2,3,1,3,NA,2,15
"4552","Hindi",1,1990,0,"No",35,0,65,3,1,3,1,1,1,1,2,1,4,NA,3,418
"4553","Hindi",1,1966,0,"No",100,0,0,4,1,3,1,1,1,1,2,1,4,NA,3,6
"4554","Hindi",2,1996,0,"No",100,0,0,1,2,4,NA,4,4,4,4,3,1,2,2,40
"4555","Hindi",2,1987,0,"No",100,0,0,1,2,3,NA,3,2,3,3,2,1,2,4,7
"4556","Hindi",1,2004,0,"No",100,0,0,1,2,3,NA,4,3,4,3,2,1,2,1,17
"4557","Hindi",3,1950,0,"Yes",100,0,0,4,2,4,1,3,2,3,4,2,4,2,1,564
"4558","Hindi",3,1977,0,"No",100,0,0,1,2,4,NA,2,3,4,1,2,1,2,4,25
"4559","Hindi",12,1976,0,"No",100,0,0,1,2,2,1,3,2,4,4,2,1,2,4,28
"4560","Hindi",1,2002,0,"No",100,0,0,4,1,3,1,1,1,1,1,1,4,1,2,10
"4561","Hindi",1,2001,0,"No",100,0,0,4,1,1,1,1,1,1,3,1,4,NA,1,15
"4562","Hindi",1,2003,0,"No",100,0,0,3,1,3,1,1,1,1,4,2,4,1,1,95
"4563","Hindi",1,2012,0,"No",100,0,0,4,1,1,1,1,1,3,3,1,4,1,1,8
"4564","Hindi",1,1975,0,"No",100,0,0,4,1,2,1,1,1,1,3,1,4,1,1,10
"4565","Hindi",1,2003,0,"No",100,0,0,1,1,3,1,1,1,1,3,1,4,1,2,18
"4566","Hindi",1,1998,1,"No",100,0,0,4,1,3,1,1,1,1,3,1,4,1,1,40
"4567","Hindi",4,2003,0,"No",100,0,0,4,1,1,1,1,1,1,3,1,3,1,3,65
"4568","Hindi",3,2006,0,"No",100,0,0,1,1,3,1,1,1,1,3,1,4,NA,2,18
"4569","Hindi",1,2003,0,"No",100,0,0,1,1,3,1,1,1,3,1,4,4,NA,2,12
"4570","Hindi",1,2006,0,"No",100,0,0,1,2,3,NA,4,2,4,4,3,1,2,4,3
"4571","Hindi",1,2010,0,"No",100,0,0,1,2,3,NA,3,2,4,4,2,1,2,4,5
"4572","Hindi",1,2008,0,"No",100,0,0,1,2,3,NA,2,2,4,4,2,1,2,4,5
"4573","Hindi",1,2010,0,"No",100,0,0,NA,1,3,NA,NA,1,2,4,1,3,2,2,109
"4574","Hindi",1,1940,0,"No",100,0,0,4,1,3,1,1,1,1,2,1,2,2,2,15
"4575","Hindi",1,1957,0,"No",100,0,0,4,2,3,1,1,1,1,4,1,3,2,2,11
"4576","Hindi",1,2002,0,"No",100,0,0,4,1,3,1,1,1,2,2,1,3,2,2,7
"4577","Hindi",1,1995,1,"Yes",100,0,0,3,1,1,NA,1,1,2,3,1,4,2,3,45
"4578","Hindi",1,1950,0,"No",100,0,0,4,1,2,1,1,1,2,2,1,3,2,2,9
"4579","Hindi",1,2003,0,"No",100,0,0,4,1,4,1,2,1,2,3,1,1,3,2,13
"4580","Hindi",1,2010,0,"No",100,0,0,2,1,3,1,1,1,4,2,1,4,2,2,10
"4581","Hindi",1,2005,0,"No",100,0,0,1,1,4,1,1,1,1,2,1,3,2,1,13
"4582","Hindi",1,2002,0,"No",100,0,0,3,1,3,1,1,1,3,3,1,1,2,1,12
"4583","Hindi",1,2001,0,"No",100,0,0,1,1,3,1,1,1,2,3,1,1,1,3,20
"4584","Hindi",1,2004,0,"No",100,0,0,4,1,3,1,1,1,3,4,1,1,3,2,6
"4585","Hindi",1,2007,0,"No",100,0,0,4,1,3,1,1,1,1,4,1,3,2,2,12
"4586","Hindi",3,1959,0,"No",100,0,0,1,2,3,NA,3,3,4,3,2,1,2,1,5
"4587","Hindi",1,1930,0,"No",100,0,0,4,1,2,1,1,1,2,2,1,4,1,1,186
"4588","Hindi",1,2002,0,"No",100,0,0,3,1,3,1,1,1,3,3,1,4,1,1,71
"4589","Hindi",1,2000,0,"No",100,0,0,4,1,2,1,1,1,1,2,1,4,1,1,12
"4590","Hindi",1,2007,0,"Yes",100,0,0,1,1,1,1,1,1,3,4,3,3,4,1,70
"4591","Hindi",1,1960,0,"No",100,0,0,1,1,2,NA,1,1,3,3,1,1,1,1,16
"4592","Hindi",1,1988,0,"No",75,0,25,4,1,1,1,1,1,1,3,1,4,1,1,80
"4593","Hindi",1,2000,0,"No",100,0,0,4,1,3,1,1,1,4,3,1,4,NA,2,12
"4594","Hindi",2,2000,0,"No",100,0,0,1,2,3,NA,4,3,4,3,3,1,2,4,6
"4595","Hindi",1,1962,0,"No",100,0,0,3,1,3,1,1,1,3,3,1,4,2,2,100
"4596","Hindi",1,1964,0,"Yes",100,0,0,4,1,4,1,1,1,1,4,4,4,NA,1,15
"4597","Hindi",3,1993,0,"No",100,0,0,4,1,3,NA,2,1,1,3,2,4,2,3,43
"4598","Hindi",1,1998,0,"No",100,0,0,4,1,2,1,1,1,2,3,1,3,2,2,130
"4599","Hindi",1,2002,0,"No",100,0,0,4,1,1,1,1,1,2,3,1,3,2,3,60
"4600","Hindi",1,2001,1,"No",100,0,0,3,1,1,1,1,1,2,3,1,3,1,2,80
"4601","Hindi",1,1976,0,"No",100,0,0,4,1,3,1,1,1,3,3,1,4,NA,2,55
"4602","Hindi",1,2004,0,"No",100,0,0,3,1,2,1,1,1,2,3,2,3,2,2,11
"4603","Hindi",1,1999,0,"No",100,0,0,2,1,3,1,1,1,1,3,1,3,NA,3,28
"4604","Hindi",2,2001,0,"No",100,0,0,4,1,1,1,1,4,3,4,1,4,1,2,8
"4605","Hindi",1,2004,0,"No",100,0,0,4,1,3,NA,1,1,2,4,1,3,2,2,14
"4606","Hindi",1,1970,0,"No",100,0,0,4,1,3,1,1,1,2,1,1,1,1,2,21
"4607","Hindi",1,2000,0,"No",100,0,0,3,2,1,2,2,1,2,3,2,3,1,2,80
"4608","Hindi",1,2001,0,"No",100,0,0,3,1,2,1,4,1,3,2,1,4,2,3,20
"4609","Hindi",1,1988,0,"No",100,0,0,3,1,1,1,1,1,2,4,1,1,3,1,47
"4610","Hindi",12,2005,0,"Yes",80,0,20,1,2,1,1,3,2,4,4,2,1,2,4,80
"4611","Hindi",1,2006,0,"No",100,0,0,1,3,1,NA,NA,1,3,3,2,1,3,2,17
"4612","Hindi",1,2008,0,"Yes",100,0,0,1,1,2,2,2,1,4,2,1,4,3,2,20
"4613","Hindi",1,2003,0,"No",100,0,0,3,3,2,3,1,2,3,3,1,4,2,4,22
"4614","Hindi",1,2007,0,"No",100,0,0,1,4,2,4,1,1,2,4,1,1,1,2,13
"4615","Hindi",1,2004,0,"No",100,0,0,3,1,3,1,1,1,4,3,1,3,1,3,10
"4616","Hindi",1,1978,0,"Yes",100,0,0,4,1,3,1,1,1,1,1,3,3,1,1,60
"4617","Hindi",1,1975,0,"Yes",95,0,5,3,1,2,1,1,1,2,1,1,1,1,1,230
"4618","Hindi",1,2008,0,"Yes",100,0,0,2,2,2,1,1,1,2,1,3,2,1,3,15
"4619","Hindi",1,2001,0,"Yes",100,0,0,3,1,3,1,1,1,2,4,1,3,2,2,13
"4620","Hindi",1,1984,0,"No",100,0,0,3,1,3,1,1,1,1,4,1,4,NA,1,11
"4621","Hindi",1,2004,0,"No",100,0,0,4,1,3,1,1,1,1,3,1,4,NA,2,12
"4622","Hindi",1,2004,0,"No",100,0,0,4,1,3,1,1,1,1,2,1,4,NA,2,18
"4623","Hindi",1,1989,0,"No",100,0,0,3,1,3,1,1,1,2,3,1,3,3,3,17
"4624","Hindi",1,1976,0,"No",50,0,50,4,1,3,1,1,1,1,3,1,4,NA,2,64
"4625","Hindi",2,1976,0,"No",100,0,0,1,2,4,NA,3,2,4,3,2,1,2,4,25
"4626","Hindi",4,2001,0,"No",100,0,0,1,2,4,1,3,3,4,4,2,1,2,2,17
"4627","Hindi",1,2000,0,"No",100,0,0,1,2,3,NA,3,3,4,3,2,1,2,2,5
"4628","Hindi",1,1995,0,"No",100,0,0,4,2,3,4,4,3,4,4,4,1,2,1,5
"4629","Hindi",1,2009,0,"No",100,0,0,4,1,3,1,1,1,1,2,1,3,1,2,18
"4630","Hindi",1,2005,0,"No",100,0,0,4,1,3,1,1,1,3,4,1,4,NA,2,7
"4631","Hindi",1,1990,0,"No",100,0,0,4,1,3,1,1,1,1,3,1,3,1,1,300
"4632","Hindi",1,1998,0,"No",100,0,0,4,1,2,1,1,1,1,3,1,4,1,1,8
"4633","Hindi",1,2004,0,"No",100,0,0,1,2,3,NA,2,2,1,3,3,4,2,2,8
"4634","Hindi",2,2004,0,"No",100,0,0,1,2,3,NA,2,2,4,4,2,1,2,4,15
"4635","Hindi",1,2006,0,"No",100,0,0,1,1,4,1,1,1,1,3,1,1,2,2,8
"4636","Hindi",1,2003,0,"No",100,0,0,1,1,3,1,1,1,1,2,1,4,NA,3,19
"4637","Hindi",1,2004,0,"No",100,0,0,3,1,3,NA,1,1,3,2,1,4,NA,3,18
"4638","Hindi",1,1964,0,"No",100,0,0,4,1,3,1,1,1,3,3,1,3,3,3,5
"4639","Hindi",1,2002,0,"No",100,0,0,3,1,3,1,1,1,1,3,1,4,1,1,32
"4640","Hindi",1,1967,0,"Yes",75,0,25,3,1,3,1,1,1,1,2,1,4,NA,2,80
"4641","Hindi",1,1986,0,"Yes",100,0,0,4,1,3,1,1,1,1,3,1,4,NA,2,15
"4642","Hindi",1,1948,1,"No",100,0,0,3,1,2,1,3,1,2,3,1,3,2,3,45
"4643","Hindi",1,1961,0,"No",70,0,30,4,1,3,1,1,1,3,3,1,4,1,2,29
"4644","Hindi",1,2012,0,"No",97,0,3,3,1,4,4,4,4,1,1,1,1,1,1,12
"4645","Hindi",1,2000,0,"No",100,0,0,2,1,4,2,2,1,1,3,1,1,3,2,114
"4646","Hindi",1,2010,0,"No",100,0,0,4,1,3,1,1,1,3,4,1,4,NA,1,18
"4647","Hindi",1,2010,0,"No",100,0,0,3,1,4,NA,1,1,1,3,1,3,1,1,15
"4648","Hindi",1,1999,0,"No",100,0,0,3,1,1,1,2,1,4,4,3,4,2,2,13
"4649","Hindi",1,2010,0,"No",100,0,0,4,1,3,1,1,1,1,4,1,4,4,1,10
"4650","Hindi",3,2010,0,"Yes",92,0,8,2,4,4,3,4,3,1,4,3,4,3,3,6
"4651","Hindi",1,2012,0,"No",100,0,0,4,2,1,1,1,1,1,2,1,1,1,1,8
"4652","Hindi",1,2007,0,"No",100,0,0,1,2,4,NA,4,2,3,4,2,1,2,2,7
"4653","Hindi",1,1998,0,"No",100,0,0,3,1,3,1,1,1,1,3,1,4,NA,3,42
"4654","Hindi",16,2008,0,"Yes",100,0,0,1,2,4,NA,3,3,4,4,2,4,2,4,78
"4655","Hindi",1,2010,0,"No",100,0,0,4,2,4,NA,3,3,4,3,3,4,2,1,4
"4656","Hindi",1,2009,0,"Yes",100,0,0,1,1,1,1,2,1,1,4,1,1,1,1,100
"4657","Hindi",5,2008,0,"No",100,0,0,4,2,4,NA,3,3,4,4,2,1,2,4,18
"4658","Hindi",7,1989,0,"Yes",100,0,0,3,1,3,1,1,1,1,3,1,3,3,3,500
"4659","Hindi",1,2011,0,"No",100,0,0,3,1,4,1,2,1,2,4,1,2,1,2,19
"4660","Hindi",1,2013,0,"No",100,0,0,1,1,2,1,4,1,2,4,2,4,2,1,70
"4661","Hindi",1,2010,0,"No",100,0,0,4,1,3,1,1,1,3,3,1,4,1,1,30
"4662","Hindi",1,2009,0,"No",100,0,0,2,2,3,NA,2,2,4,4,2,1,2,4,30
"4663","Hindi",1,2008,0,"Yes",100,0,0,4,4,2,1,4,1,3,4,1,3,1,2,7
"4664","Hindi",1,1992,0,"Yes",100,0,0,4,1,4,1,1,1,2,4,1,4,NA,1,35
"4665","Hindi",1,1999,0,"Yes",100,0,0,4,2,2,1,1,1,1,3,1,3,1,3,80
"4666","Hindi",1,2010,0,"No",100,0,0,3,1,3,1,4,1,4,3,1,4,3,3,25
"4667","Hindi",1,2010,0,"No",100,0,0,4,1,3,1,1,1,2,2,1,3,1,1,24
"4668","Hindi",1,2007,1,"No",100,0,0,3,1,2,1,3,1,2,3,1,3,2,3,24
"4669","Hindi",1,2011,0,"No",100,0,0,4,1,2,1,3,1,3,3,1,3,3,3,18
"4670","Hindi",1,2012,0,"No",100,0,0,4,1,3,1,1,4,2,3,2,2,3,2,17
"4671","Hindi",1,2004,0,"No",100,0,0,3,1,3,1,2,1,2,3,1,4,2,1,62
"4672","Hindi",1,2007,0,"No",100,0,0,1,1,1,NA,NA,1,2,2,1,4,2,2,7
"4673","Hindi",1,2011,0,"No",100,0,0,3,1,2,NA,2,1,2,4,1,3,2,2,140
"4674","Hindi",2,2004,0,"No",100,0,0,1,2,3,NA,2,2,4,4,2,1,2,4,7
"4675","Hindi",1,2012,0,"No",100,0,0,3,1,2,1,1,1,1,4,1,3,3,3,14
"4676","Hindi",2,2009,0,"Yes",100,0,0,4,4,1,1,1,1,4,4,1,1,3,2,1500
"4677","Hindi",5,2013,0,"No",100,0,0,3,2,3,1,1,1,1,3,1,4,2,3,40
"4678","Hindi",1,2010,0,"No",100,0,0,4,2,2,1,1,1,1,3,1,1,2,2,18
"4679","Hindi",1,2008,0,"Yes",100,0,0,4,2,3,NA,2,2,4,4,2,4,2,4,31
"4680","Hindi",1,2009,0,"No",100,0,0,4,1,4,2,2,1,3,3,2,3,1,2,24
"4681","Hindi",1,2010,0,"No",100,0,0,4,2,3,NA,2,1,2,4,1,3,1,1,31
"4682","Hindi",1,2012,0,"No",100,0,0,4,2,4,4,1,1,4,1,4,1,1,1,9
"4683","Hindi",1,2011,0,"No",100,0,0,4,1,3,1,1,1,2,4,1,4,2,1,16
"4684","Hindi",1,2010,0,"No",100,0,0,1,2,4,NA,3,3,4,4,2,1,2,4,32
"4685","Hindi",1,2009,0,"Yes",100,0,0,4,4,3,1,1,1,1,2,3,4,1,1,60
"4686","Hindi",30,2011,0,"Yes",100,0,0,1,2,3,NA,3,3,3,4,2,1,2,4,55
"4687","Hindi",1,2010,0,"No",100,0,0,3,1,3,1,1,1,3,3,1,4,NA,3,6
"4688","Hindi",1,2002,0,"No",100,0,0,3,1,3,1,1,1,1,2,1,4,NA,3,62
"4689","Hindi",1,2007,0,"No",100,0,0,1,2,3,1,1,1,1,4,1,4,NA,3,22
"4690","Hindi",1,2008,0,"No",100,0,0,4,1,3,1,4,1,4,4,1,4,NA,2,5
"4691","Hindi",1,2011,0,"No",100,0,0,4,1,3,1,1,1,1,2,1,4,NA,2,21
"4692","Hindi",1,1990,0,"No",100,0,0,4,1,3,1,1,1,1,3,1,4,NA,2,32
"4693","Hindi",1,1986,0,"Yes",98,0,2,4,1,3,1,4,2,1,4,4,2,1,1,50
"4694","Hindi",1,2004,0,"No",100,0,0,1,2,3,NA,4,3,1,4,3,1,2,1,7
"4695","Hindi",2,2003,0,"No",100,0,0,1,2,3,4,4,3,4,4,2,1,2,1,8
"4696","Hindi",1,2010,0,"No",100,0,0,1,1,3,1,1,1,1,3,1,4,1,4,7
"4697","Hindi",7,2002,0,"No",100,0,0,1,2,2,NA,2,2,4,3,3,4,2,4,15
"4698","Hindi",1,2008,0,"No",100,0,0,1,2,3,NA,2,2,4,4,3,1,2,4,7
"4699","Hindi",8,1984,0,"No",100,0,0,1,2,3,NA,2,3,3,4,3,1,2,1,7
"4700","Hindi",1,2001,0,"No",100,0,0,4,1,2,1,1,1,1,3,1,4,1,1,10
"4701","Hindi",1,2010,0,"No",100,0,0,4,1,2,1,1,1,4,3,1,4,NA,2,18
"4702","Hindi",1,2011,0,"No",100,0,0,3,1,3,1,3,1,2,4,1,3,1,3,31
"4703","Hindi",1,2012,0,"No",100,0,0,4,1,3,1,1,1,1,2,1,4,2,2,10
"4704","Hindi",1,1952,0,"Yes",100,0,0,1,2,4,2,1,1,1,3,1,1,2,4,125
"4705","Hindi",5,1986,0,"Yes",100,0,0,1,1,1,1,1,1,1,4,1,2,1,1,250
"4706","Hindi",2,1980,0,"Yes",100,0,0,1,2,1,2,1,2,1,3,1,2,1,2,1500
"4707","Hindi",2,1999,0,"Yes",100,0,0,2,1,2,1,1,2,1,2,1,2,1,2,200
"4708","Hindi",1,1999,0,"Yes",100,0,0,2,1,3,1,1,1,2,2,1,2,1,4,35
"4709","Hindi",3,1959,0,"Yes",100,0,0,1,1,1,NA,1,1,1,3,3,3,1,1,350
"4710","Hindi",1,1999,0,"No",100,0,0,2,1,3,2,1,1,1,3,4,1,3,1,140
"4711","Hindi",2,1995,0,"No",100,0,0,1,1,1,1,1,1,2,3,1,4,1,1,60
"4712","Hindi",1,2007,0,"Yes",97,0,3,2,1,3,4,4,3,3,3,1,1,1,1,170
"4713","Hindi",1,2004,0,"No",100,0,0,1,1,1,NA,1,1,1,4,1,3,1,1,75
"4714","Hindi",1,2005,0,"Yes",100,0,0,3,1,1,1,1,1,2,4,2,3,1,1,110
"4715","Hindi",3,2006,0,"Yes",100,0,0,1,2,1,1,1,1,2,3,3,3,2,1,474
"4716","Hindi",1,2000,0,"No",100,0,0,2,1,4,1,1,1,2,3,2,3,2,1,157
"4717","Hindi",1,2004,0,"Yes",100,0,0,1,1,1,1,1,1,2,3,1,3,1,4,750
"4718","Hindi",2,2001,0,"Yes",100,0,0,1,1,1,1,1,1,2,2,2,3,2,4,756
"4719","Hindi",2,2005,0,"Yes",100,0,0,1,1,4,1,1,1,2,2,2,3,1,1,434
"4720","Hindi",2,1987,0,"Yes",100,0,0,3,2,2,1,1,2,2,3,1,2,1,2,478
"4721","Hindi",1,2001,0,"No",100,0,0,2,1,2,4,1,1,2,1,1,1,1,2,26
"4722","Hindi",2,1987,0,"No",100,0,0,3,2,2,1,1,2,2,3,1,2,1,2,478
"4723","Hindi",2,2005,0,"Yes",100,0,0,2,1,2,2,1,2,1,1,1,1,1,1,10
"4724","Hindi",1,1997,0,"Yes",90,0,10,1,1,1,3,1,1,1,3,1,3,1,1,195
"4725","Hindi",1,1999,0,"No",100,0,0,1,1,4,1,1,2,1,2,1,2,2,2,27
"4726","Hindi",1,2007,0,"Yes",100,0,0,4,1,1,1,1,1,1,3,1,3,1,1,100
"4727","Hindi",1,1996,0,"Yes",100,0,0,1,1,3,1,1,2,1,2,1,2,1,2,673
"4728","Hindi",1,1987,0,"Yes",100,0,0,1,1,1,1,1,2,1,4,1,3,1,1,225
"4729","Hindi",1,2003,0,"Yes",100,0,0,2,1,2,1,1,2,2,3,1,2,1,2,110
"4730","Hindi",1,1992,0,"Yes",70,0,30,1,1,4,3,4,2,1,3,1,1,2,4,240
"4731","Hindi",1,1987,0,"No",80,0,20,1,1,3,2,1,2,1,3,1,4,1,1,170
"4732","Hindi",1,2006,0,"Yes",100,0,0,1,1,1,1,1,1,1,4,1,3,1,1,165
"4733","Hindi",1,2004,0,"No",100,0,0,3,1,1,1,1,1,1,4,1,3,1,1,160
"4734","Hindi",1,1991,0,"No",100,0,0,1,1,2,2,1,1,1,2,1,2,1,1,87
"4735","Hindi",1,1985,0,"Yes",100,0,0,1,1,1,1,1,2,1,1,1,4,1,1,250
"4736","Hindi",1,1993,0,"Yes",100,0,0,1,1,3,2,1,1,2,2,1,3,2,2,60
"4737","Hindi",2,1995,0,"Yes",100,0,0,1,1,1,1,1,1,2,3,1,4,1,1,70
"4738","Hindi",1,2006,0,"Yes",100,0,0,2,1,3,4,2,1,1,2,1,2,1,1,35
"4739","Hindi",1,2007,0,"Yes",60,0,40,3,1,1,1,1,2,2,3,1,4,1,1,440
"4740","Hindi",7,1960,0,"Yes",100,0,0,4,1,1,1,1,2,1,1,1,1,1,1,350
"4741","Hindi",1,1980,0,"Yes",100,0,0,2,1,2,1,1,2,1,2,1,2,1,1,60
"4742","Hindi",1,1990,0,"Yes",100,0,0,1,1,1,1,1,1,1,1,1,4,1,4,175
"4743","Hindi",1,1983,0,"Yes",100,0,0,3,2,3,2,1,2,3,1,1,3,1,3,600
"4744","Hindi",1,2011,0,"Yes",70,0,30,4,1,4,2,1,1,1,4,1,4,NA,3,155
"4745","Hindi",1,1994,0,"Yes",100,0,0,1,1,1,1,1,1,1,1,2,4,1,1,274
"4746","Hindi",1,1993,0,"Yes",100,0,0,1,1,1,1,1,1,1,1,1,2,1,4,300
"4747","Hindi",1,1975,0,"Yes",100,0,0,2,1,2,2,1,2,1,3,1,2,1,1,150
"4748","Hindi",1,1982,0,"Yes",100,0,0,1,1,1,1,3,1,1,1,2,4,4,1,40
"4749","Hindi",1,2000,0,"No",100,0,0,2,1,2,1,1,1,1,2,1,1,1,3,15
"4750","Hindi",1,1990,0,"Yes",100,0,0,1,1,2,2,1,2,1,2,1,2,1,1,100
"4751","Hindi",1,1980,0,"Yes",100,0,0,1,2,2,2,1,2,1,2,1,2,2,2,110
"4752","Hindi",3,2004,0,"Yes",100,0,0,1,1,2,1,1,2,1,1,1,1,1,1,15
"4753","Hindi",1,1997,NA,"No",100,0,0,1,1,1,1,1,1,1,3,1,1,1,1,20
"4754","Hindi",3,1995,NA,"Yes",100,0,0,2,2,2,1,1,1,1,1,1,2,1,1,100
"4755","Hindi",1,1989,0,"Yes",100,0,0,1,1,1,1,1,1,1,1,1,1,1,1,75
"4756","Hindi",1,1994,0,"No",100,0,0,1,1,1,1,1,1,1,3,2,4,2,1,21
"4757","Hindi",1,1992,0,"No",100,0,0,1,1,1,NA,1,1,1,1,1,3,1,1,14
"4758","Hindi",1,2003,0,"No",100,0,0,1,1,1,NA,1,1,1,1,1,3,1,1,150
"4759","Hindi",1,1982,0,"Yes",100,0,0,1,1,1,1,1,1,1,3,3,1,3,1,45
"4760","Hindi",1,1999,0,"No",100,0,0,4,1,3,1,4,1,1,1,1,1,1,1,20
"4761","Hindi",1,2005,0,"No",100,0,0,1,2,1,1,1,1,1,3,2,4,2,1,25
"4762","Hindi",1,2003,0,"No",100,0,0,1,1,1,1,1,1,1,1,1,1,1,4,147
"4763","Hindi",1,1996,0,"Yes",100,0,0,1,1,1,1,1,1,1,3,2,4,2,1,24
"4764","Hindi",3,2003,0,"Yes",100,0,0,4,1,3,2,1,1,1,2,3,3,1,3,145
"4765","Hindi",1,1986,0,"Yes",100,0,0,1,1,2,1,1,1,2,4,1,3,1,1,42
"4766","Hindi",1,1985,0,"No",100,0,0,1,1,1,1,1,1,2,2,1,2,2,2,35
"4767","Hindi",1,1986,0,"No",100,0,0,1,1,1,1,1,1,1,1,1,4,1,1,20
"4768","Hindi",1,1990,0,"No",100,0,0,1,1,1,1,1,1,1,4,1,3,1,1,50
"4769","Hindi",1,1987,0,"No",100,0,0,1,1,1,NA,1,1,1,4,1,3,1,1,15
"4770","Hindi",1,1997,NA,"No",100,0,0,1,1,1,1,1,1,1,3,1,1,1,1,20
"4771","Hindi",1,1980,0,"No",100,0,0,1,1,3,NA,1,3,1,1,1,3,1,1,20
"4772","Hindi",1,1989,0,"Yes",100,0,0,1,1,1,1,1,2,1,3,1,4,1,1,35
"4773","Hindi",1,1977,0,"No",100,0,0,1,2,2,1,1,1,2,2,1,2,1,1,8
"4774","Hindi",1,1988,0,"Yes",100,0,0,1,1,1,1,1,1,1,3,1,1,1,1,25
"4775","Hindi",1,1946,0,"Yes",70,30,0,1,1,1,1,1,1,1,3,3,1,1,1,170
"4776","Hindi",1,1998,0,"Yes",100,0,0,2,1,2,1,4,1,1,3,3,4,2,2,75
"4777","Hindi",1,1984,0,"Yes",100,0,0,1,2,2,2,1,1,1,2,1,2,1,2,44
"4778","Hindi",1,1999,0,"No",100,0,0,2,1,2,1,1,1,2,1,1,2,1,1,15
"4779","Hindi",1,1974,0,"Yes",100,0,0,1,1,1,2,1,1,1,2,1,2,1,1,15
"4780","Hindi",1,1998,0,"Yes",100,0,0,2,1,2,1,1,1,1,2,1,2,1,4,23
"4781","Hindi",1,2001,0,"Yes",90,0,10,1,1,3,2,1,2,1,2,1,2,1,2,20
"4782","Hindi",1,2003,0,"No",100,0,0,1,1,2,2,1,1,1,1,3,2,1,1,8
"4783","Hindi",1,1984,0,"No",100,0,0,1,1,1,1,1,1,1,2,1,1,1,1,18
"4784","Hindi",1,1986,0,"No",100,0,0,3,1,1,NA,1,1,4,4,2,1,1,1,25
"4785","Hindi",1,1995,0,"Yes",100,0,0,1,1,1,1,1,1,1,3,1,1,1,1,35
"4786","Hindi",1,1998,0,"No",100,0,0,1,1,1,NA,1,1,1,4,4,3,2,1,30
"4787","Hindi",1,1986,0,"No",100,0,0,1,1,1,1,1,1,2,4,2,3,2,1,25
"4788","Hindi",1,1981,0,"Yes",100,0,0,3,1,1,1,1,1,1,1,1,4,1,1,58
"4789","Hindi",1,2003,0,"No",100,0,0,4,1,1,1,1,1,1,3,1,3,1,1,200
"4790","Hindi",1,1997,0,"No",100,0,0,1,1,1,1,1,1,1,2,1,1,1,1,25
"4791","Hindi",1,2008,0,"No",100,0,0,4,1,1,NA,1,2,1,4,1,4,1,1,9
"4792","Hindi",2,2005,1,"Yes",100,0,0,1,1,1,1,1,1,3,1,1,1,1,1,65
"4793","Hindi",2,NA,0,"Yes",100,0,0,1,1,1,1,1,1,2,3,2,3,2,4,350
"4794","Hindi",2,2005,1,"No",100,0,0,1,1,1,1,1,1,2,3,2,3,2,1,400
"4795","Hindi",1,1996,0,"No",100,0,0,1,1,1,1,1,1,1,3,1,4,1,1,250
"4796","Hindi",2,2004,0,"Yes",100,0,0,1,1,1,1,1,1,1,1,1,1,1,1,325
"4797","Hindi",2,2001,0,"Yes",100,0,0,1,1,1,1,1,1,1,3,1,4,1,1,400
"4798","Hindi",1,2000,0,"Yes",100,0,0,1,1,2,1,1,2,1,1,1,1,1,1,19
"4799","Hindi",1,2009,0,"Yes",100,0,0,2,1,4,1,1,4,1,3,3,4,3,1,21
"4800","Hindi",1,1994,0,"Yes",100,0,0,1,1,4,1,1,2,1,3,4,1,3,1,21
"4801","Hindi",1,1995,0,"No",100,0,0,4,2,2,1,1,1,1,3,1,1,3,1,10
"4802","Hindi",1,2003,0,"Yes",100,0,0,2,1,1,2,1,1,1,3,3,1,2,2,13
"4803","Hindi",3,2005,0,"Yes",100,0,0,1,1,1,1,1,1,1,4,2,3,1,1,50
"4804","Hindi",1,1983,0,"No",100,0,0,1,1,1,1,1,1,1,4,1,1,1,1,7
"4805","Hindi",1,1990,0,"No",100,0,0,1,1,1,1,1,1,1,3,1,2,1,1,6
"4806","Hindi",1,1971,0,"No",100,0,0,2,1,2,3,2,1,1,1,1,3,3,3,23
"4807","Hindi",1,1990,0,"No",100,0,0,1,1,1,1,1,1,1,2,1,2,1,4,150
"4808","Hindi",1,1990,0,"No",100,0,0,1,1,1,1,1,1,1,3,1,1,1,1,7
"4809","Hindi",1,1993,0,"No",100,0,0,1,1,1,NA,1,3,1,3,1,4,1,1,12
"4810","Hindi",1,2008,0,"Yes",100,0,0,4,1,1,NA,1,3,2,1,1,1,1,1,15
"4811","Hindi",1,1989,0,"No",100,0,0,1,1,1,NA,1,1,2,1,1,3,1,1,18
"4812","Hindi",1,2000,0,"Yes",100,0,0,1,1,1,1,1,1,1,2,1,2,1,1,140
"4813","Hindi",10,1981,0,"No",100,0,0,1,1,1,2,1,1,1,2,1,2,1,1,40
"4814","Hindi",1,1990,0,"No",100,0,0,1,1,1,1,1,1,1,4,1,1,1,1,10
"4815","Hindi",4,1984,0,"Yes",100,0,0,1,1,1,1,1,1,1,1,1,1,1,1,140
"4816","Hindi",1,2000,0,"No",100,0,0,1,1,1,NA,1,1,1,1,1,4,1,1,25
"4817","Hindi",2,1992,0,"Yes",100,0,0,2,1,2,1,1,2,2,4,3,1,2,1,28
"4818","Hindi",1,1994,0,"Yes",90,0,10,3,1,1,1,1,1,3,4,1,3,2,3,42
"4819","Hindi",1,2005,0,"No",100,0,0,2,2,2,2,1,1,1,2,1,1,2,2,100
"4820","Hindi",1,1980,0,"Yes",100,0,0,1,1,1,1,1,1,1,3,1,1,1,4,40
"4821","Hindi",1,1999,0,"Yes",100,0,0,1,1,3,1,1,2,2,1,2,4,1,3,23
"4822","Hindi",1,2003,0,"Yes",100,0,0,1,1,1,1,1,1,1,1,1,1,1,1,360
"4823","Hindi",1,2004,0,"No",100,0,0,3,1,1,1,1,2,1,4,1,3,1,1,50
"4824","Hindi",1,1998,0,"Yes",100,0,0,2,1,2,1,1,1,1,3,2,4,2,3,34
"4825","Hindi",1,2004,0,"No",98,0,2,4,1,1,1,1,2,1,1,1,4,NA,1,50
"4826","Hindi",1,1990,0,"No",100,0,0,1,1,1,1,1,1,1,1,1,4,1,1,80
"4827","Hindi",1,1994,0,"Yes",100,0,0,1,1,2,2,1,2,4,2,1,2,1,2,30
"4828","Hindi",1,1994,0,"Yes",90,0,10,4,1,1,1,1,2,1,3,1,4,1,1,120
"4829","Hindi",1,2000,0,"Yes",100,0,0,2,1,2,1,1,3,1,2,1,2,1,2,592
"4830","Hindi",1,1995,0,"No",100,0,0,4,1,1,1,3,4,1,3,1,3,1,1,22
"4831","Hindi",1,1996,0,"No",100,0,0,1,1,1,1,1,1,2,3,1,3,1,1,18
"4832","Hindi",1,2005,0,"Yes",97,0,3,2,1,3,2,1,3,2,4,1,3,1,3,125
"4833","Hindi",1,1998,0,"No",100,0,0,1,2,2,1,1,1,2,1,3,4,3,1,100
"4834","Hindi",1,1992,0,"No",100,0,0,1,1,3,2,1,1,1,1,1,3,1,2,25
"4835","Hindi",1,2007,0,"No",100,0,0,1,1,1,1,1,1,1,3,1,1,1,1,25
"4836","Hindi",1,2006,0,"Yes",10,0,90,4,1,1,1,1,2,1,3,1,3,1,1,155
"4837","Hindi",1,2005,0,"Yes",100,0,0,2,2,2,1,1,2,3,4,1,3,1,1,12
"4838","Hindi",1,1992,0,"No",100,0,0,1,1,1,1,1,1,1,1,1,2,2,2,50
"4839","Hindi",1,1996,0,"Yes",96,0,4,4,1,1,1,1,2,1,3,1,3,1,1,45
"4840","Hindi",1,2008,0,"Yes",100,0,0,2,1,1,2,1,1,1,1,1,2,1,3,15
"4841","Hindi",1,1985,0,"No",100,0,0,1,1,1,NA,1,3,1,2,1,3,1,4,10
"4842","Hindi",1,1996,0,"No",100,0,0,4,1,1,1,1,3,1,3,1,3,1,1,50
"4843","Hindi",2,2007,0,"No",100,0,0,1,1,2,1,1,1,1,2,1,4,1,1,11
"4844","Hindi",1,1978,0,"No",100,0,0,1,1,1,1,1,1,1,3,1,1,1,1,7
"4845","Hindi",1,1971,0,"No",100,0,0,1,1,1,1,1,1,1,3,1,1,1,1,6
"4846","Hindi",1,1992,0,"No",100,0,0,1,2,1,1,1,2,3,3,1,3,1,1,38
"4847","Hindi",1,1954,0,"No",100,0,0,1,1,1,1,1,1,1,1,1,1,1,4,15
"4848","Hindi",1,1999,0,"No",100,0,0,1,1,1,1,1,2,1,1,4,1,1,1,12
"4849","Hindi",1,1993,0,"Yes",100,0,0,1,1,1,1,1,2,1,1,4,1,1,1,20
"4850","Hindi",1,1999,0,"Yes",100,0,0,1,1,1,1,1,1,2,1,1,4,1,1,12
"4851","Hindi",1,1977,0,"Yes",100,0,0,2,2,2,3,1,2,2,2,2,3,2,2,12
"4852","Hindi",1,1950,0,"Yes",90,0,10,2,1,1,1,1,2,1,1,1,4,1,1,42
"4853","Hindi",1,1989,0,"Yes",60,0,40,4,1,1,1,1,3,1,3,1,3,1,1,50
"4854","Hindi",1,2001,0,"No",100,0,0,1,1,4,1,1,2,2,3,4,1,2,1,65
"4855","Hindi",2,2000,0,"Yes",100,0,0,2,1,1,1,1,3,1,3,4,4,2,1,110
"4856","Hindi",1,1986,0,"No",100,0,0,2,2,1,1,1,2,2,4,1,3,1,2,12
"4857","Hindi",1,1964,0,"No",100,0,0,1,1,2,1,3,2,1,1,1,4,1,2,6
"4858","Hindi",1,1996,0,"No",100,0,0,4,1,1,1,1,1,1,3,1,2,1,1,50
"4859","Hindi",1,2009,0,"No",100,0,0,1,1,1,1,1,1,1,1,1,4,1,1,25
"4860","Hindi",1,2007,1,"Yes",100,0,0,1,1,3,2,1,1,1,2,1,4,1,3,10
"4861","Hindi",1,1995,0,"Yes",100,0,0,4,2,1,1,1,1,2,4,1,2,1,2,78
"4862","Hindi",1,1992,0,"Yes",100,0,0,2,1,1,1,1,1,1,4,1,3,1,1,21
"4863","Hindi",1,1997,0,"No",100,0,0,3,2,1,1,2,2,1,3,2,4,2,2,48
"4864","Hindi",2,2000,0,"Yes",100,0,0,1,1,4,1,1,2,1,3,4,4,3,1,45
"4865","Hindi",1,2000,0,"Yes",100,0,0,1,2,2,NA,1,1,2,3,4,1,2,2,32
"4866","Hindi",3,2001,0,"Yes",100,0,0,2,1,4,2,1,1,1,1,1,1,1,1,150
"4867","Hindi",1,1967,0,"Yes",100,0,0,1,1,2,2,1,1,1,2,1,1,1,1,200
"4868","Hindi",1,1971,0,"No",100,0,0,1,1,1,2,1,1,1,1,1,2,1,1,11
"4869","Hindi",1,1990,0,"Yes",100,0,0,1,1,2,2,1,2,2,3,4,1,2,2,20
"4870","Hindi",2,2000,0,"Yes",100,0,0,1,1,2,1,1,1,2,1,1,1,1,2,18
"4871","Hindi",1,2007,0,"No",100,0,0,1,1,2,2,1,1,2,2,1,1,2,2,8
"4872","Hindi",2,1994,0,"Yes",100,0,0,1,1,2,2,1,1,1,2,1,1,1,1,250
"4873","Hindi",4,1970,0,"Yes",100,0,0,1,1,2,2,1,2,1,3,2,2,1,2,100
"4874","Hindi",1,1982,0,"Yes",100,0,0,1,1,1,1,1,2,1,2,1,3,2,1,45
"4875","Hindi",1,2005,0,"No",100,0,0,1,1,2,2,1,1,2,2,1,2,2,2,100
"4876","Hindi",1,2010,0,"Yes",100,0,0,2,1,1,1,1,1,2,2,1,2,1,1,6
"4877","Hindi",1,2006,0,"No",100,0,0,3,2,2,1,1,1,1,1,1,2,1,1,7
"4878","Hindi",1,1980,0,"Yes",100,0,0,1,1,2,1,1,1,1,2,1,2,1,1,30
"4879","Hindi",1,2000,0,"No",100,0,0,1,1,2,2,1,1,1,2,1,2,2,2,8
"4880","Hindi",1,1999,0,"Yes",100,0,0,2,1,2,1,1,1,1,2,1,2,1,1,18
"4881","Hindi",1,1980,0,"No",100,0,0,2,1,1,1,1,1,1,2,1,1,1,1,147
"4882","Hindi",1,2003,0,"Yes",100,0,0,1,1,2,2,1,1,2,2,1,2,2,2,8
"4883","Hindi",2,2008,0,"Yes",80,0,20,2,2,2,3,1,1,1,3,1,2,3,1,115
"4884","Hindi",1,1977,0,"No",100,0,0,3,1,2,4,1,1,1,4,3,3,3,3,14
"4885","Hindi",1,1984,0,"Yes",100,0,0,1,1,1,1,1,1,1,3,1,1,1,1,200
"4886","Hindi",1,1991,0,"Yes",100,0,0,1,2,2,2,1,2,1,4,1,2,1,2,32
"4887","Hindi",1,2000,0,"Yes",100,0,0,2,2,2,2,1,2,1,2,1,2,1,1,150
"4888","Hindi",1,1993,0,"Yes",100,0,0,1,1,2,1,1,2,2,1,2,1,1,1,30
"4889","Hindi",1,1993,0,"No",100,0,0,1,1,2,1,1,1,1,2,1,2,1,1,12
"4890","Hindi",1,1974,0,"Yes",100,0,0,1,1,2,2,1,1,1,3,1,2,1,2,140
"4891","Hindi",1,1982,0,"Yes",100,0,0,1,1,1,1,3,1,1,1,2,4,4,1,40
"4892","Hindi",1,1993,0,"Yes",100,0,0,2,2,2,2,1,2,2,2,2,2,2,2,100
"4893","Hindi",1,1992,0,"Yes",100,0,0,2,1,2,4,1,2,2,3,1,1,1,1,13
"4894","Hindi",1,1980,0,"No",100,0,0,1,1,2,2,1,1,1,1,1,2,1,1,15
"4895","Hindi",1,1980,0,"No",100,0,0,1,1,1,2,1,1,1,2,1,2,1,2,12
"4896","Hindi",1,1995,1,"No",100,0,0,1,1,1,2,1,1,1,2,1,2,1,1,17
"4897","Hindi",1,1984,0,"Yes",100,0,0,1,1,1,1,1,1,1,3,1,1,1,1,200
"4898","Hindi",1,1974,0,"Yes",100,0,0,1,1,2,2,1,1,2,2,1,2,2,2,30
"4899","Hindi",1,1980,0,"Yes",100,0,0,2,1,2,1,1,2,1,2,1,2,1,1,60
"4900","Hindi",1,2000,0,"Yes",100,0,0,2,1,1,2,1,1,2,1,1,1,1,3,80
"4901","Hindi",1,1994,0,"No",100,0,0,1,1,1,1,1,1,1,3,1,2,1,1,50
"4902","Hindi",1,2009,0,"Yes",100,0,0,1,1,4,1,1,1,2,2,1,2,1,1,100
"4903","Hindi",1,2008,0,"No",100,0,0,1,1,1,1,1,1,1,3,1,2,1,1,25
"4904","Hindi",1,2008,0,"No",100,0,0,3,2,2,1,1,1,1,1,1,2,1,1,75
"4905","Hindi",1,1998,0,"No",100,0,0,3,1,2,2,1,1,1,3,4,1,4,2,36
"4906","Hindi",1,1982,0,"Yes",100,0,0,3,1,1,1,1,2,1,4,1,1,4,1,18
"4907","Hindi",1,1980,0,"No",100,0,0,4,1,1,NA,1,2,1,3,1,3,1,1,5
"4908","Hindi",1,1978,0,"No",100,0,0,1,1,1,1,1,1,1,3,1,1,1,1,8
"4909","Hindi",1,1992,0,"Yes",100,0,0,1,1,1,NA,4,1,1,3,1,1,1,1,60
"4910","Hindi",1,1986,NA,"Yes",100,0,0,1,1,1,1,1,1,1,1,1,1,1,1,15
"4911","Hindi",1,1999,0,"Yes",100,0,0,2,1,2,1,1,1,3,2,1,2,1,3,15
"4912","Hindi",1,2004,0,"Yes",100,0,0,2,1,3,2,1,1,1,1,1,4,1,1,36
"4913","Hindi",1,1970,0,"No",100,0,0,1,2,3,2,1,1,1,3,1,1,1,1,10
"4914","Hindi",3,1984,0,"Yes",100,0,0,1,1,1,1,1,1,1,1,1,2,1,4,200
"4915","Hindi",1,1995,1,"Yes",100,0,0,1,1,4,1,1,1,2,3,1,1,1,1,35
"4916","Hindi",1,1984,0,"No",100,0,0,4,1,2,2,1,1,1,1,1,4,NA,2,35
"4917","Hindi",1,1972,0,"No",100,0,0,1,1,1,1,1,1,2,1,1,1,1,4,10
"4918","Hindi",1,2004,0,"Yes",100,0,0,1,1,2,1,1,2,1,2,1,2,1,1,48
"4919","Hindi",1,2005,0,"No",100,0,0,1,1,1,1,1,1,1,4,1,3,1,1,98
"4920","Hindi",1,1996,0,"No",100,0,0,1,1,1,2,1,1,1,2,1,2,1,2,35
"4921","Hindi",1,1998,0,"Yes",100,0,0,1,1,1,1,1,1,1,3,2,3,2,1,16
"4922","Hindi",1,1991,0,"Yes",100,0,0,3,1,1,1,1,4,1,1,1,4,1,1,75
"4923","Hindi",1,1998,0,"Yes",100,0,0,2,1,2,1,1,1,1,1,1,4,2,4,27
"4924","Hindi",1,2006,0,"Yes",100,0,0,1,2,1,2,1,1,1,1,2,1,2,1,40
"4925","Hindi",1,1971,0,"Yes",100,0,0,1,1,4,1,1,1,1,1,1,3,1,3,8
"4926","Hindi",1,1994,0,"No",100,0,0,1,1,1,1,1,2,2,1,1,3,1,1,105
"4927","Hindi",1,1992,0,"No",100,0,0,1,1,1,1,1,3,1,4,1,3,1,1,12
"4928","Hindi",1,1990,0,"No",100,0,0,1,1,1,1,1,1,1,1,1,4,1,1,30
"4929","Hindi",1,1978,0,"No",100,0,0,1,1,3,1,1,1,1,1,1,1,1,1,16
"4930","Hindi",1,2006,0,"Yes",100,0,0,1,1,1,1,1,1,1,3,1,4,1,1,18
"4931","Hindi",1,2005,0,"No",100,0,0,1,2,1,1,1,1,2,1,1,3,1,1,20
"4932","Hindi",1,2006,0,"Yes",100,0,0,2,1,2,3,1,1,2,3,1,2,1,2,17
"4933","Hindi",1,2006,0,"No",100,0,0,3,2,1,2,2,2,1,3,1,1,2,4,25
"4934","Hindi",1,1981,0,"DON'T KNOW (SPONTANEOUS)",100,0,0,1,1,2,2,1,1,1,3,1,2,2,1,30
"4935","Hindi",2,2001,0,"Yes",100,0,0,2,2,2,2,1,2,1,2,1,2,1,2,15
"4936","Hindi",2,1989,0,"Yes",100,0,0,1,1,2,2,1,2,1,2,1,2,1,1,100
"4937","Hindi",1,1996,0,"No",100,0,0,2,1,2,2,2,1,2,2,1,2,2,2,7
"4938","Hindi",1,1999,0,"No",100,0,0,1,1,2,2,1,1,2,2,1,1,1,2,7
"4939","Hindi",1,2007,0,"No",100,0,0,2,2,2,2,1,2,2,2,1,1,1,2,100
"4940","Hindi",1,2009,0,"No",100,0,0,1,1,2,2,1,1,1,2,1,1,2,1,9
"4941","Hindi",1,1999,0,"Yes",100,0,0,2,1,2,1,1,1,2,2,1,2,1,3,25
"4942","Hindi",1,1992,0,"Yes",100,0,0,2,1,2,1,1,1,1,1,1,2,1,2,200
"4943","Hindi",1,2000,0,"No",100,0,0,2,1,2,1,1,1,1,1,1,2,2,3,15
"4944","Hindi",1,1982,0,"Yes",100,0,0,1,1,1,1,1,1,1,3,3,1,3,1,45
"4945","Hindi",1,1996,0,"Yes",100,0,0,2,1,2,1,1,1,3,1,2,1,1,4,25
"4946","Hindi",1,1991,0,"Yes",100,0,0,1,2,2,2,1,2,1,3,1,2,1,2,36
"4947","Hindi",1,2000,0,"Yes",100,0,0,2,2,4,2,1,1,1,2,2,2,2,2,25
"4948","Hindi",1,2003,0,"No",100,0,0,1,1,2,1,1,2,1,1,1,1,1,1,8
"4949","Hindi",2,2003,0,"Yes",100,0,0,1,1,3,2,1,2,1,2,4,4,4,2,200
"4950","Hindi",1,2008,0,"Yes",100,0,0,2,1,1,2,1,1,1,1,1,2,1,3,15
"4951","Hindi",1,2009,0,"No",100,0,0,1,1,3,2,1,2,1,4,1,1,1,1,22
"4952","Hindi",1,2001,0,"No",100,0,0,2,1,3,1,1,1,1,4,1,3,1,1,18
"4953","Hindi",2,2010,0,"Yes",100,0,0,1,1,3,2,1,2,1,2,1,1,1,3,250
"4954","Hindi",1,2003,0,"Yes",98,0,2,3,1,1,1,1,4,3,3,1,3,1,1,360
"4955","Hindi",1,2003,0,"No",100,0,0,1,1,2,1,1,1,1,1,1,1,1,4,16
"4956","Hindi",4,2009,1,"Yes",100,0,0,3,1,3,2,3,1,4,1,1,4,2,2,100
"4957","Hindi",2,2010,0,"Yes",100,0,0,1,1,2,2,1,1,1,4,1,1,1,1,400
"4958","Hindi",1,2006,0,"Yes",100,0,0,1,1,1,1,1,1,2,4,1,3,2,2,47
"4959","Hindi",1,1999,0,"Yes",100,0,0,1,1,2,2,1,1,1,3,1,1,1,3,50
"4960","Hindi",2,2007,0,"No",100,0,0,1,1,1,2,1,1,1,2,1,2,1,1,35
"4961","Hindi",2,2004,0,"Yes",100,0,0,2,1,2,2,1,2,1,1,1,1,1,1,20
"4962","Hindi",1,2009,0,"Yes",100,0,0,2,2,2,2,1,1,1,1,1,1,1,1,10
"4963","Hindi",2,1987,0,"No",100,0,0,2,1,2,2,1,1,1,2,2,2,1,1,750
"4964","Hindi",1,2006,0,"Yes",100,0,0,4,1,1,1,1,3,2,3,1,3,1,3,95
"4965","Hindi",1,2000,0,"No",100,0,0,2,2,2,2,1,2,2,1,1,4,1,2,8
"4966","Hindi",1,1998,0,"Yes",100,0,0,2,1,2,1,1,1,1,2,1,2,1,4,23
"4967","Hindi",1,1960,1,"Yes",75,0,25,2,1,2,2,1,2,1,2,1,2,3,2,600
"4968","Hindi",1,2009,0,"Yes",75,25,0,1,2,1,1,1,1,1,4,1,3,1,1,90
"4969","Hindi",3,1961,0,"Yes",80,0,20,1,1,2,2,1,2,1,1,1,3,1,1,1000
"4970","Hindi",1,2006,0,"Yes",100,0,0,2,1,3,4,2,1,1,2,1,2,1,1,35
"4971","Hindi",2,2009,0,"Yes",100,0,0,1,1,2,2,1,2,1,3,2,2,1,2,150
"4972","Hindi",1,2007,0,"Yes",100,0,0,1,2,2,1,1,3,3,2,1,2,1,2,10
"4973","Gujarati",1,1961,0,"Yes",100,0,0,1,1,2,1,1,1,1,4,2,3,2,2,1800
"4974","Gujarati",1,1981,0,"Yes",100,0,0,1,1,2,1,1,1,1,4,3,3,2,2,72
"4975","Gujarati",1,1998,0,"Yes",100,0,0,1,1,2,1,1,1,1,2,2,2,2,2,65
"4976","Gujarati",1,2004,0,"No",100,0,0,1,1,1,2,1,1,1,1,3,2,3,1,40
"4977","Gujarati",2,1998,0,"No",100,0,0,1,1,2,1,1,1,1,1,1,1,1,2,50
"4978","Gujarati",1,1994,0,"No",100,0,0,2,1,2,1,1,1,1,3,1,3,2,2,8
"4979","Gujarati",1,1998,0,"Yes",100,0,0,1,1,2,1,1,1,1,1,1,1,1,2,20
"4980","Gujarati",1,2002,0,"Yes",100,0,0,1,1,2,1,1,1,1,4,1,1,1,2,40
"4981","Gujarati",1,1986,0,"Yes",100,0,0,2,1,3,2,2,2,2,1,1,2,3,3,150
"4982","Gujarati",1,2002,0,"No",100,0,0,2,1,2,1,1,2,2,2,1,1,3,3,31
"4983","Gujarati",2,1998,0,"Yes",100,0,0,1,1,2,1,1,1,2,2,3,3,3,2,156
"4984","Gujarati",1,1995,0,"No",100,0,0,2,2,2,1,2,2,2,2,1,1,3,3,30
"4985","Gujarati",3,2005,0,"No",100,0,0,1,1,2,1,1,1,2,2,2,2,2,2,150
"4986","Gujarati",1,1992,0,"No",70,30,0,2,1,2,1,1,1,1,1,1,3,2,4,300
"4987","Gujarati",1,1984,0,"Yes",100,0,0,1,1,2,1,1,1,2,3,1,2,3,2,52
"4988","Hindi",1,2000,0,"Yes",80,0,20,1,1,2,1,1,1,1,2,1,1,1,2,30
"4989","Gujarati",1,1995,0,"DON'T KNOW (SPONTANEOUS)",100,0,0,1,1,2,1,1,1,4,1,1,1,1,2,40
"4990","Gujarati",1,2001,0,"Yes",100,0,0,2,1,3,2,2,2,2,2,1,2,3,3,22
"4991","Gujarati",1,1999,0,"Yes",100,0,0,1,1,2,1,1,1,1,2,3,4,2,2,80
"4992","Gujarati",1,1990,0,"Yes",100,0,0,1,1,2,1,1,1,1,3,1,3,1,2,25
"4993","Gujarati",1,1998,0,"No",100,0,0,1,1,1,1,2,1,1,4,3,4,2,4,80
"4994","Gujarati",2,1960,0,"Yes",100,0,0,1,1,1,1,1,1,1,1,3,1,1,2,700
"4995","Gujarati",2,1984,0,"Yes",100,0,0,1,1,2,1,1,1,1,4,1,1,4,2,65
"4996","Gujarati",2,1998,0,"Yes",100,0,0,1,1,2,1,1,1,1,3,1,1,3,2,60
"4997","Gujarati",1,2000,0,"Yes",20,0,80,1,1,2,1,1,1,2,2,2,2,2,2,100
"4998","Gujarati",1,2008,0,"Yes",100,0,0,1,1,2,1,1,1,1,3,2,3,2,2,30
"4999","Gujarati",1,2006,0,"No",100,0,0,1,1,2,1,1,1,1,1,1,1,3,2,164
"5000","Hindi",1,1998,0,"Yes",90,0,10,1,1,2,1,1,1,2,2,1,1,1,2,71
"5001","Gujarati",1,1998,0,"No",100,0,0,1,1,2,1,1,1,1,4,1,3,1,2,10
"5002","Gujarati",1,1998,0,"No",100,0,0,1,1,2,1,1,1,1,1,1,1,1,2,20
"5003","Gujarati",1,1980,0,"Yes",83,0,17,1,1,2,2,1,1,1,3,2,4,1,3,18
"5004","Gujarati",1,1981,0,"Yes",100,0,0,1,1,2,1,1,1,1,2,1,2,1,2,40
"5005","Gujarati",1,1968,0,"No",100,0,0,1,1,2,1,1,1,1,1,3,3,2,2,150
"5006","Gujarati",1,1998,0,"No",100,0,0,1,1,2,1,1,1,1,4,2,3,2,2,25
"5007","Gujarati",1,1997,0,"No",100,0,0,1,1,2,1,1,1,1,2,1,2,1,2,5
"5008","Gujarati",1,1970,0,"No",80,10,10,1,2,1,1,1,1,1,1,4,1,3,3,20
"5009","Gujarati",1,1998,0,"Yes",100,0,0,1,1,2,1,1,1,1,1,3,2,4,2,50
"5010","Gujarati",1,1988,0,"No",100,0,0,1,1,2,1,1,1,2,2,4,1,3,2,25
"5011","Gujarati",1,1998,0,"No",100,0,0,1,1,2,1,1,1,1,4,3,3,2,2,12
"5012","Gujarati",1,1998,0,"Yes",100,0,0,1,1,2,1,1,1,1,2,3,3,3,2,20
"5013","Gujarati",1,1994,0,"Yes",100,0,0,1,1,2,1,1,1,1,3,2,3,2,2,45
"5014","Gujarati",1,1978,0,"Yes",100,0,0,1,1,2,1,1,1,1,3,1,2,1,2,35
"5015","Gujarati",1,1994,0,"Yes",100,0,0,1,1,2,1,1,1,1,1,3,1,2,2,40
"5016","Gujarati",1,1994,0,"No",100,0,0,1,1,2,1,2,1,1,1,1,1,1,2,18
"5017","Gujarati",1,1998,0,"Yes",70,0,30,1,1,2,1,1,1,1,4,2,3,2,2,18
"5018","Gujarati",1,1978,0,"Yes",100,0,0,1,1,2,1,1,1,1,2,2,2,2,2,40
"5019","Gujarati",1,1978,0,"Yes",100,0,0,2,1,2,1,1,1,2,2,2,2,3,2,35
"5020","Gujarati",1,1981,0,"Yes",100,0,0,1,1,2,1,2,1,2,1,1,1,1,3,65
"5021","Gujarati",2,1971,0,"No",100,0,0,1,1,2,1,1,1,4,1,1,1,1,2,5
"5022","Gujarati",1,1975,0,"Yes",100,0,0,1,1,2,1,1,1,1,2,3,2,2,2,12
"5023","Gujarati",1,1994,0,"No",100,0,0,1,1,2,1,1,1,1,2,1,1,1,2,50
"5024","Gujarati",1,2004,0,"Yes",100,0,0,1,1,2,1,1,2,1,2,1,2,3,2,12
"5025","Gujarati",1,1998,0,"Yes",100,0,0,1,1,2,1,1,1,1,2,1,1,1,2,15
"5026","Hindi",1,2000,0,"No",100,0,0,1,1,2,1,1,1,2,2,1,1,1,2,5
"5027","Gujarati",1,2010,0,"Yes",90,0,10,1,1,2,1,1,1,1,2,1,2,1,2,40
"5028","Gujarati",1,2004,0,"No",100,0,0,1,1,2,1,1,1,1,1,1,1,1,2,50
"5029","Gujarati",1,1993,0,"No",100,0,0,1,2,2,1,2,1,2,2,1,1,2,2,15
"5030","Gujarati",1,1998,0,"No",100,0,0,1,1,2,1,1,1,1,2,2,2,2,2,4
"5031","Hindi",1,1978,0,"No",100,0,0,1,1,3,1,1,1,2,3,1,2,4,2,20
"5032","Gujarati",1,1989,0,"No",100,0,0,1,1,2,1,1,1,1,1,1,1,1,2,6
"5033","Gujarati",1,1974,0,"No",100,0,0,1,1,4,1,2,2,1,1,1,1,1,2,45
"5034","Gujarati",1,2006,0,"No",100,0,0,1,1,2,1,1,1,2,2,1,4,2,3,15
"5035","Gujarati",1,1961,0,"Yes",100,0,0,2,1,1,1,1,1,1,2,2,4,2,2,32
"5036","Gujarati",1,1981,0,"No",100,0,0,1,1,2,1,1,1,1,3,2,4,2,2,6
"5037","Gujarati",1,1991,0,"No",100,0,0,1,1,2,1,1,1,2,3,2,3,2,2,10
"5038","Gujarati",1,1992,0,"No",100,0,0,1,1,2,1,1,1,1,2,1,3,4,2,85
"5039","Gujarati",1,2003,0,"No",100,0,0,1,1,1,1,1,1,3,2,1,1,2,3,7
"5040","Gujarati",1,1994,0,"No",90,0,10,1,1,2,2,1,1,2,3,1,1,1,2,28
"5041","Gujarati",1,1981,0,"No",100,0,0,1,1,2,1,1,1,1,2,1,4,2,4,10
"5042","Gujarati",1,2010,0,"Yes",100,0,0,1,1,2,1,1,1,1,1,1,1,1,2,35
"5043","Gujarati",2,1990,0,"Yes",100,0,0,1,1,4,1,1,1,1,1,1,1,1,2,35
"5044","Gujarati",1,1977,0,"No",100,0,0,1,1,2,1,1,1,1,2,2,1,2,2,5
"5045","Gujarati",1,2004,0,"No",100,0,0,1,1,2,1,1,1,1,1,3,2,3,2,30
"5046","Gujarati",22,1996,0,"Yes",100,0,0,1,1,2,1,1,1,1,1,1,1,1,4,180
"5047","Hindi",1,1981,0,"Yes",100,0,0,1,1,1,NA,3,2,3,4,2,3,2,2,24
"5048","Gujarati",1,2005,0,"No",100,0,0,1,1,2,1,1,1,1,1,1,1,1,2,10
"5049","Gujarati",1,1995,0,"Yes",100,0,0,1,1,1,1,1,1,1,1,2,3,3,2,15
"5050","Gujarati",1,1998,0,"No",100,0,0,1,1,2,1,1,1,1,2,2,2,1,2,30
"5051","Gujarati",1,1978,0,"No",100,0,0,1,1,1,2,2,1,1,1,1,1,2,3,10
"5052","Gujarati",1,2002,0,"No",100,0,0,1,1,2,1,1,1,1,3,2,2,2,2,8
"5053","Gujarati",1,1996,0,"Yes",100,0,0,1,1,4,1,1,1,2,3,2,3,2,2,5
"5054","Gujarati",1,1973,0,"Yes",100,0,0,1,1,1,1,1,1,1,1,NA,NA,2,1,70
"5055","Gujarati",1,1990,0,"No",100,0,0,1,1,2,1,1,1,1,1,1,1,1,2,5
"5056","Gujarati",1,1995,0,"No",100,0,0,1,1,2,1,1,1,1,2,1,1,3,2,10
"5057","Hindi",1,1990,0,"No",100,0,0,1,1,2,1,1,1,1,2,1,3,3,3,6
"5058","Gujarati",1,1991,0,"Yes",100,0,0,1,1,2,1,1,1,2,3,2,3,2,2,40
"5059","Gujarati",1,1986,0,"Yes",100,0,0,3,1,1,1,1,1,1,4,1,1,1,1,65
"5060","Gujarati",1,2012,0,"Yes",100,0,0,1,1,2,1,1,1,1,2,2,1,1,2,10
"5061","Gujarati",1,2004,0,"No",100,0,0,1,1,2,1,1,1,1,2,3,2,1,2,5
"5062","Gujarati",1,1997,0,"No",100,0,0,1,1,2,1,1,1,1,3,2,3,2,2,14
"5063","Gujarati",1,1998,0,"Yes",100,0,0,1,1,2,1,1,1,1,2,1,1,2,2,10
"5064","Gujarati",2,1998,0,"No",100,0,0,1,1,2,1,1,1,1,3,2,4,2,2,6
"5065","Gujarati",1,1980,0,"No",100,0,0,1,1,2,1,1,1,1,3,2,4,2,2,12
"5066","Gujarati",1,1994,0,"No",100,0,0,1,1,2,1,1,1,1,2,3,3,3,2,16
"5067","Gujarati",1,1989,0,"No",100,0,0,1,1,2,1,1,1,1,3,2,3,2,2,6
"5068","Hindi",1,2008,0,"No",100,0,0,1,1,1,1,1,1,1,2,2,3,4,1,15
"5069","Gujarati",1,1998,0,"No",100,0,0,1,1,2,1,1,1,1,1,1,1,1,2,45
"5070","Gujarati",1,1998,0,"No",100,0,0,1,1,2,1,1,1,1,1,1,1,1,2,20
"5071","Gujarati",1,1998,0,"Yes",100,0,0,1,1,2,1,1,1,1,3,2,3,2,2,15
"5072","Gujarati",1,1991,0,"No",100,0,0,1,1,2,1,1,1,1,2,2,4,3,2,10
"5073","Gujarati",1,1998,0,"No",100,0,0,1,1,2,1,1,1,1,4,2,3,2,2,14
"5074","Gujarati",1,2008,0,"No",100,0,0,1,1,2,1,1,1,1,2,1,3,3,2,6
"5075","Gujarati",2,1993,0,"Yes",0,0,100,1,1,2,2,1,1,1,1,1,1,1,2,20
"5076","Gujarati",1,1998,0,"No",100,0,0,1,1,2,1,1,1,1,1,1,1,1,2,30
"5077","Gujarati",1,1981,0,"No",100,0,0,1,1,1,1,1,1,1,1,4,1,3,1,10
"5078","Gujarati",1,1998,1,"Yes",100,0,0,1,1,2,1,1,1,1,2,2,3,3,2,40
"5079","Gujarati",1,1991,0,"Yes",100,0,0,1,1,1,2,1,1,2,2,2,4,2,3,20
"5080","Gujarati",1,2004,0,"No",100,0,0,1,1,2,1,1,1,1,2,1,2,1,2,30
"5081","Gujarati",1,1995,0,"Yes",100,0,0,1,1,2,1,1,1,1,2,2,2,2,2,40
"5082","Gujarati",1,1994,0,"Yes",100,0,0,1,1,2,1,1,1,1,3,2,3,2,2,10
"5083","Gujarati",1,1990,0,"Yes",100,0,0,1,1,2,1,1,1,1,3,1,4,1,2,10
"5084","Gujarati",1,1985,0,"Yes",100,0,0,1,1,2,1,1,1,1,1,1,3,3,2,13
"5085","Gujarati",1,1998,0,"No",100,0,0,2,1,2,1,1,2,2,2,2,2,3,3,68
"5086","Gujarati",1,2008,0,"Yes",100,0,0,1,1,2,1,1,1,1,4,2,3,2,2,40
"5087","Gujarati",1,1994,0,"No",100,0,0,1,1,2,1,1,1,1,1,3,3,2,2,15
"5088","Gujarati",1,2004,0,"No",100,0,0,1,1,2,1,1,1,1,3,2,4,2,2,20
"5089","Gujarati",1,1990,0,"No",100,0,0,1,1,2,1,1,1,1,1,1,1,1,2,10
"5090","Gujarati",1,1997,0,"Yes",100,0,0,1,1,2,1,1,1,2,2,1,3,2,2,22
"5091","Gujarati",1,2010,0,"No",100,0,0,1,1,2,1,1,1,1,1,1,1,1,2,6
"5092","Gujarati",1,1991,0,"Yes",100,0,0,1,1,2,1,1,1,1,3,2,3,2,2,55
"5093","Gujarati",1,1997,0,"No",100,0,0,1,1,2,1,1,1,1,2,1,2,1,2,5
"5094","Gujarati",1,2002,0,"No",100,0,0,1,1,2,1,1,1,1,1,1,1,1,2,60
"5095","Gujarati",1,2004,0,"No",100,0,0,1,1,2,1,1,1,1,1,1,1,1,2,5
"5096","Gujarati",1,1968,0,"No",100,0,0,1,1,2,1,1,1,1,2,1,4,1,2,15
"5097","Gujarati",1,1998,0,"Yes",75,0,25,1,1,2,1,1,1,1,1,1,1,1,2,200
"5098","Gujarati",1,2005,0,"No",100,0,0,1,1,3,2,2,2,1,1,1,1,1,3,60
"5099","Gujarati",2,1993,0,"Yes",0,0,100,1,1,2,2,1,1,1,1,1,1,1,4,200
"5100","Gujarati",1,2001,0,"No",100,0,0,1,1,2,1,1,1,1,1,3,4,2,2,5
"5101","Gujarati",1,2002,0,"Yes",100,0,0,1,1,2,1,1,2,2,2,2,2,3,4,28
"5102","Gujarati",1,2003,0,"No",100,0,0,1,1,2,1,1,1,1,3,3,4,3,2,12
"5103","Gujarati",1,1998,0,"No",100,0,0,1,1,2,1,1,1,1,2,1,2,1,2,15
"5104","Gujarati",1,2012,0,"No",100,0,0,1,2,2,1,1,1,1,2,1,2,3,2,20
"5105","Hindi",1,2002,0,"Yes",100,0,0,1,1,1,1,1,1,1,2,2,4,2,4,15
"5106","Gujarati",1,2002,0,"No",100,0,0,1,1,2,1,1,1,1,1,1,1,1,2,13
"5107","Gujarati",1,1999,1,"No",100,0,0,1,1,2,1,1,1,1,2,1,2,1,2,15
"5108","Hindi",1,1954,1,"No",100,0,0,1,1,2,1,1,1,2,2,1,1,1,2,52
"5109","Gujarati",2,1999,0,"Yes",100,0,0,1,1,2,1,1,1,1,1,1,1,1,2,20
"5110","Gujarati",2,1998,0,"No",100,0,0,1,1,2,1,1,1,1,4,1,1,2,2,30
"5111","Gujarati",1,2004,0,"No",100,0,0,2,1,1,1,1,1,1,1,2,2,2,4,107
"5112","Gujarati",1,2010,0,"No",100,0,0,1,1,2,1,1,1,1,3,2,3,2,2,8
"5113","Gujarati",1,1990,0,"Yes",100,0,0,1,1,2,1,1,1,1,1,1,1,1,3,9
"5114","Gujarati",1,2004,0,"No",100,0,0,1,1,1,1,1,1,1,1,1,1,2,1,30
"5115","Gujarati",1,1998,0,"Yes",100,0,0,1,1,4,1,1,1,1,3,1,3,1,2,50
"5116","Gujarati",1,1998,0,"No",100,0,0,1,1,2,1,1,1,2,4,3,3,2,2,12
"5117","Gujarati",1,1991,0,"Yes",100,0,0,1,1,2,1,1,1,2,1,1,1,1,2,5
"5118","Gujarati",1,2004,0,"Yes",100,0,0,1,1,2,1,1,1,1,4,2,3,2,2,9
"5119","Gujarati",1,2002,0,"No",100,0,0,1,1,2,1,1,1,2,2,2,4,3,3,56
"5120","Gujarati",1,2000,0,"No",100,0,0,1,1,2,1,1,1,2,3,1,1,1,2,41
"5121","Gujarati",1,2006,0,"Yes",100,0,0,1,1,2,1,1,1,1,3,2,3,2,2,14
"5122","Gujarati",1,1986,0,"No",100,0,0,1,1,1,1,1,1,1,1,1,4,3,1,10
"5123","Gujarati",1,1999,0,"Yes",100,0,0,1,1,2,1,1,1,1,2,2,4,2,2,40
"5124","Gujarati",1,1990,0,"Yes",100,0,0,1,1,2,1,1,1,1,3,1,3,1,2,12
"5125","Hindi",1,1997,0,"No",100,0,0,1,1,1,1,3,1,3,4,1,3,3,2,20
"5126","Gujarati",1,2010,0,"Yes",100,0,0,1,1,2,1,1,1,4,1,1,1,1,2,15
"5127","Gujarati",1,2008,0,"No",100,0,0,1,1,2,1,1,1,1,2,2,2,1,4,18
"5128","Gujarati",1,2011,0,"No",100,0,0,1,1,2,1,1,1,2,2,3,2,2,2,50
"5129","Gujarati",1,2004,0,"No",100,0,0,1,1,2,1,1,1,1,1,1,1,1,2,18
"5130","Gujarati",1,2005,0,"No",100,0,0,1,1,1,1,1,1,1,2,2,2,2,2,30
"5131","Gujarati",1,2011,0,"Yes",100,0,0,2,1,1,1,1,1,1,2,1,4,3,3,18
"5132","Gujarati",1,2004,0,"Yes",100,0,0,1,1,2,1,1,1,2,4,2,3,2,2,10
"5133","Gujarati",1,1996,0,"Yes",90,0,10,1,1,2,1,1,1,2,3,2,3,2,2,22
"5134","Gujarati",1,2006,0,"No",100,0,0,1,1,2,1,1,1,1,3,2,4,2,2,70
"5135","Gujarati",1,2006,0,"No",100,0,0,1,1,2,1,1,1,1,1,1,1,1,4,18
"5136","Gujarati",1,2003,0,"No",100,0,0,2,1,1,1,1,1,1,2,2,3,3,1,18
"5137","Gujarati",1,1995,0,"Yes",100,0,0,1,1,2,1,1,1,1,3,1,3,2,2,20
"5138","Gujarati",1,1998,0,"No",100,0,0,1,1,2,1,1,1,1,1,3,2,2,2,30
"5139","Gujarati",4,1999,0,"Yes",80,10,10,1,1,2,2,1,1,2,3,1,1,1,2,100
"5140","Gujarati",1,2002,0,"No",100,0,0,1,1,2,1,1,1,1,2,3,2,1,2,6
"5141","Gujarati",1,2004,0,"No",100,0,0,1,1,2,1,1,1,1,3,2,4,2,2,8
"5142","Gujarati",1,1998,0,"Yes",100,0,0,1,1,2,1,1,1,1,2,2,3,2,2,5
"5143","Gujarati",1,2001,0,"Yes",100,0,0,1,1,2,1,1,1,1,2,2,1,3,2,7
"5144","Gujarati",1,2002,0,"Yes",10,0,90,1,1,2,2,1,1,2,2,1,4,1,2,18
"5145","Gujarati",1,2004,0,"No",100,0,0,1,1,2,1,1,1,2,4,2,3,2,2,28
"5146","Gujarati",2,2011,0,"Yes",100,0,0,1,1,2,1,1,2,1,1,1,1,1,4,15
"5147","Gujarati",1,2006,0,"Yes",100,0,0,1,1,2,1,1,1,1,2,1,3,1,2,15
"5148","Gujarati",1,1998,0,"No",100,0,0,1,1,2,1,1,1,1,3,3,3,2,2,10
"5149","Gujarati",1,1999,0,"Yes",100,0,0,1,1,2,1,1,1,1,2,3,3,3,2,40
"5150","Gujarati",1,2011,0,"No",100,0,0,1,1,1,1,1,1,1,1,1,4,2,2,10
"5151","Gujarati",1,1998,0,"Yes",100,0,0,1,1,2,1,1,1,1,4,2,4,2,2,15
"5152","Gujarati",1,1998,0,"Yes",100,0,0,1,1,2,1,1,1,1,2,1,3,2,2,10
"5153","Hindi",1,2004,0,"Yes",100,0,0,1,1,2,1,1,1,1,2,1,2,2,4,50
"5154","Gujarati",1,2000,0,"Yes",100,0,0,1,1,1,1,1,1,1,1,1,2,2,3,30
"5155","Gujarati",1,1998,0,"No",100,0,0,1,1,2,1,1,1,1,3,1,3,1,2,10
"5156","Gujarati",1,2006,0,"No",100,0,0,1,1,2,1,1,1,1,1,2,3,3,2,10
"5157","Gujarati",2,2004,0,"No",100,0,0,1,1,2,1,1,1,1,1,1,1,1,4,6
"5158","Gujarati",1,2005,0,"No",100,0,0,1,1,2,1,1,1,1,2,1,1,1,2,5
"5159","Gujarati",1,2004,0,"No",100,0,0,2,1,2,1,2,2,2,2,3,3,3,2,18
"5160","Gujarati",1,1998,0,"No",100,0,0,1,1,2,1,1,1,1,1,1,3,1,2,6
"5161","Gujarati",1,2012,0,"No",100,0,0,1,1,2,1,1,1,2,2,2,3,2,3,25
"5162","Gujarati",1,2010,0,"No",100,0,0,1,1,2,1,1,1,1,4,1,3,1,2,6
"5163","Gujarati",1,2006,0,"No",100,0,0,1,1,2,1,1,1,2,2,1,1,1,2,60
"5164","Gujarati",1,2010,0,"No",100,0,0,1,1,2,1,1,1,1,2,3,3,3,2,10
"5165","Gujarati",1,2008,0,"Yes",100,0,0,1,1,2,1,1,1,1,1,1,1,1,2,14
"5166","Gujarati",1,1998,0,"No",100,0,0,1,1,2,1,1,1,1,2,3,2,2,2,5
"5167","Gujarati",2,2009,0,"Yes",100,0,0,1,1,2,1,1,1,1,3,2,3,2,2,12
"5168","Gujarati",1,1982,0,"No",100,0,0,1,1,2,1,1,1,1,3,2,3,1,2,16
"5169","Gujarati",1,1994,0,"No",100,0,0,2,1,1,1,2,2,2,2,1,3,3,3,15
"5170","Gujarati",2,2003,0,"No",100,0,0,1,1,2,1,1,1,1,3,2,3,2,2,30
"5171","Gujarati",2,1970,0,"No",100,0,0,1,1,2,1,1,1,1,1,1,1,1,4,8
"5172","Gujarati",1,2005,0,"No",100,0,0,1,1,2,1,1,1,2,3,2,2,2,2,15
"5173","Gujarati",1,1985,0,"Yes",100,0,0,2,1,2,2,1,1,2,1,2,2,3,4,5
"5174","Gujarati",2,1998,0,"Yes",100,0,0,1,1,2,1,1,1,1,1,1,1,1,2,18
"5175","Gujarati",2,1990,0,"Yes",100,0,0,1,1,2,1,1,1,4,1,1,1,1,2,25
"5176","Gujarati",1,2004,0,"Yes",100,0,0,1,1,4,1,2,1,2,1,1,1,1,2,50
"5177","Gujarati",2,1998,0,"Yes",100,0,0,1,1,2,1,1,1,1,1,1,1,1,2,18
"5178","Gujarati",2,1994,0,"No",100,0,0,1,1,2,1,1,1,1,4,1,1,2,2,10
"5179","Gujarati",2,1990,0,"No",100,0,0,1,1,2,1,1,1,1,1,1,1,1,4,15
"5180","Hindi",1,2005,0,"No",100,0,0,1,1,2,1,1,1,2,2,1,1,1,2,14
"5181","Gujarati",1,2001,0,"No",100,0,0,2,1,3,1,2,1,2,2,2,1,2,3,9
"5182","Gujarati",1,1978,0,"Yes",100,0,0,2,1,2,1,1,1,2,2,1,2,3,2,18
"5183","Gujarati",1,2004,0,"No",100,0,0,2,2,2,1,1,1,1,2,1,1,2,3,18
"5184","Gujarati",1,2001,0,"No",100,0,0,2,1,2,1,1,1,1,2,1,2,3,2,15
"5185","Gujarati",1,1998,0,"No",100,0,0,1,1,2,1,1,1,1,3,1,3,1,2,14
"5186","Gujarati",1,2004,0,"No",100,0,0,1,1,4,1,1,1,2,3,1,3,1,2,10
"5187","Gujarati",1,1973,0,"Yes",100,0,0,1,1,2,1,2,1,2,1,2,2,2,2,29
"5188","Gujarati",1,1990,0,"Yes",0,0,100,1,1,2,1,1,1,1,3,2,4,1,2,15
"5189","Gujarati",1,1998,0,"No",100,0,0,1,1,2,1,1,1,1,3,2,3,2,2,12
"5190","Gujarati",1,1984,0,"Yes",100,0,0,1,1,2,1,1,1,2,2,1,3,3,2,23
"5191","Hindi",1,1985,0,"Yes",100,0,0,1,1,1,1,1,1,1,2,1,1,1,2,8
"5192","Hindi",1,2002,0,"No",100,0,0,1,1,1,1,1,1,1,2,1,1,1,2,60
"5193","Gujarati",2,2004,0,"No",100,0,0,1,1,2,1,1,1,2,4,3,3,2,2,15
"5194","Gujarati",1,1992,0,"No",100,0,0,2,1,2,1,1,1,2,1,1,2,1,4,8
"5195","Gujarati",1,1998,0,"Yes",90,0,10,1,1,2,1,1,1,1,3,2,3,1,2,25
"5196","Gujarati",1,1998,0,"No",100,0,0,1,1,2,1,1,1,2,3,2,3,2,2,10
"5197","Gujarati",1,1990,0,"No",100,0,0,1,1,2,1,1,1,2,3,2,3,2,4,40
"5198","Gujarati",1,1996,0,"No",100,0,0,1,1,2,1,1,1,1,4,3,3,2,2,40
"5199","Gujarati",2,1997,0,"Yes",100,0,0,1,1,2,1,1,1,1,1,1,1,1,2,14
"5200","Gujarati",1,1990,0,"No",100,0,0,1,1,2,1,1,1,1,3,2,4,2,2,8
"5201","Hindi",1,1990,0,"No",100,0,0,1,1,2,1,1,1,1,2,2,3,1,2,6
"5202","Gujarati",1,1998,0,"Yes",100,0,0,2,1,4,1,1,1,1,2,1,2,1,3,40
"5203","Hindi",1,2002,0,"No",100,0,0,1,1,1,1,3,2,3,4,1,3,3,3,18
"5204","Gujarati",1,1998,0,"No",100,0,0,1,1,2,1,1,1,1,4,2,3,1,2,12
"5205","Gujarati",2,1998,0,"No",100,0,0,1,1,2,1,1,1,1,4,4,4,2,2,30
"5206","Gujarati",1,1998,0,"Yes",100,0,0,1,1,2,1,1,1,1,1,1,1,1,2,40
"5207","Gujarati",1,1994,0,"No",100,0,0,1,1,2,1,1,1,1,1,1,1,1,2,50
"5208","Gujarati",1,1998,0,"No",100,0,0,1,1,2,1,1,1,1,1,1,1,1,2,20
"5209","Gujarati",1,1998,0,"Yes",100,0,0,1,2,2,1,1,2,2,2,2,3,3,2,10
"5210","Gujarati",1,1998,0,"Yes",100,0,0,1,1,2,1,1,1,4,1,1,1,1,2,40
"5211","Gujarati",1,1997,0,"Yes",100,0,0,2,1,2,1,2,2,2,2,1,1,3,3,85
"5212","Gujarati",2,1990,NA,"No",100,0,0,1,1,2,1,1,1,1,4,1,1,4,2,10
"5213","Gujarati",1,1997,0,"Yes",100,0,0,2,1,3,1,2,2,2,2,2,2,3,3,76
"5214","Gujarati",1,1998,0,"No",100,0,0,1,1,2,1,1,1,1,3,1,3,1,2,8
"5215","Gujarati",2,1999,0,"Yes",100,0,0,1,1,2,1,1,1,1,4,1,1,3,2,15
"5216","Hindi",1,1995,0,"Yes",100,0,0,1,1,2,1,1,1,1,2,1,1,1,1,15
"5217","Gujarati",1,1990,0,"Yes",100,0,0,1,1,2,1,1,1,1,3,4,1,2,1,35
"5218","Gujarati",1,1995,0,"No",100,0,0,1,1,2,1,1,1,2,1,1,2,2,2,39
"5219","Gujarati",1,1998,0,"No",100,0,0,1,1,2,1,1,2,4,4,1,1,2,2,5
"5220","Gujarati",1,2010,0,"No",100,0,0,2,1,2,1,1,1,1,1,1,1,1,2,5
"5221","Gujarati",2,1998,0,"No",100,0,0,1,1,2,1,1,1,1,4,4,1,4,2,15
"5222","Gujarati",2,2004,0,"Yes",90,0,10,1,1,2,1,1,1,1,1,1,4,1,2,15
"5223","Gujarati",1,1998,0,"No",100,0,0,1,1,2,1,1,3,4,1,1,1,1,2,8
"5224","Gujarati",2,1994,0,"Yes",100,0,0,1,1,2,1,1,1,1,1,1,1,1,2,55
"5225","Gujarati",1,2004,0,"No",100,0,0,1,1,2,1,1,1,1,1,1,1,1,4,40
"5226","Gujarati",1,2004,0,"Yes",100,0,0,1,1,2,1,1,1,1,2,1,2,1,2,15
"5227","Gujarati",1,1990,0,"Yes",60,0,40,1,1,2,2,1,1,1,1,1,1,1,2,215
"5228","Gujarati",1,2010,0,"No",100,0,0,1,1,2,1,1,1,2,3,1,3,1,2,15
"5229","Hindi",1,2004,0,"No",100,0,0,1,1,2,1,1,1,2,2,1,1,1,2,10
"5230","Gujarati",1,2008,0,"No",100,0,0,1,1,2,1,1,1,1,2,1,4,1,2,5
"5231","Gujarati",2,1998,0,"No",100,0,0,1,1,2,1,1,1,1,3,2,3,1,2,20
"5232","Gujarati",1,2000,0,"Yes",100,0,0,3,1,1,1,1,1,1,4,1,1,1,1,10
"5233","Gujarati",2,1994,0,"Yes",100,0,0,1,1,2,1,1,1,1,1,1,1,1,4,10
"5234","Hindi",1,2002,0,"Yes",80,0,20,1,1,2,1,1,1,2,2,1,1,1,4,100
"5235","Gujarati",1,1999,0,"Yes",100,0,0,1,1,1,NA,1,1,3,4,1,1,1,3,41
"5236","Gujarati",2,1998,0,"Yes",70,0,30,1,1,2,1,1,1,1,1,1,1,1,2,50
"5237","Gujarati",1,1991,0,"No",100,0,0,2,1,2,1,1,2,2,2,1,2,3,2,22
"5238","Gujarati",1,1998,0,"Yes",100,0,0,2,1,2,1,1,1,1,2,1,2,3,2,27
"5239","Gujarati",2,2004,0,"Yes",100,0,0,1,1,2,1,1,1,4,3,4,4,3,2,17
"5240","Hindi",1,2005,0,"No",100,0,0,1,1,2,1,1,1,2,2,1,1,1,2,33
"5241","Gujarati",1,1955,0,"No",100,0,0,1,1,2,1,1,1,4,1,1,1,1,2,15
"5242","Gujarati",1,2004,0,"No",100,0,0,2,1,4,1,1,1,1,1,1,1,1,2,10
"5243","Gujarati",1,2004,0,"No",100,0,0,3,2,2,1,1,1,1,1,1,1,1,2,10
"5244","Hindi",1,2005,0,"Yes",100,0,0,1,1,2,1,1,1,1,2,1,1,1,2,44
"5245","Hindi",1,2004,0,"Yes",100,0,0,1,1,1,1,1,1,1,2,1,1,1,2,18
"5246","Gujarati",1,2012,0,"Yes",100,0,0,2,1,2,1,1,1,1,1,1,1,1,4,150
"5247","Gujarati",2,2004,0,"Yes",100,0,0,1,1,4,1,1,1,1,1,1,1,1,2,5
"5248","Gujarati",1,1992,0,"No",100,0,0,2,1,2,1,1,1,1,2,1,2,1,2,12
"5249","Gujarati",2,1998,0,"Yes",100,0,0,1,1,2,1,1,1,1,4,1,1,3,2,15
"5250","Hindi",1,2005,0,"No",100,0,0,1,1,2,1,1,1,1,2,1,1,1,2,16
"5251","Gujarati",1,1993,0,"Yes",100,0,0,1,1,3,1,2,2,2,2,1,1,2,2,32
"5252","Gujarati",1,2007,0,"No",100,0,0,2,1,2,1,1,1,1,2,1,1,2,2,20
"5253","Hindi",1,2004,0,"No",100,0,0,1,1,2,1,1,1,2,2,1,1,1,2,7
"5254","Gujarati",1,1995,0,"Yes",100,0,0,1,1,2,1,1,1,2,3,1,3,1,2,30
"5255","Gujarati",1,1998,0,"DON'T KNOW (SPONTANEOUS)",100,0,0,1,1,2,1,1,1,1,4,4,1,2,2,25
"5256","Gujarati",1,1998,0,"No",100,0,0,1,1,2,1,1,1,4,1,1,1,1,2,15
"5257","Gujarati",1,1994,0,"No",100,0,0,1,1,2,1,1,1,1,1,1,1,1,2,30
"5258","Gujarati",2,2005,0,"Yes",100,0,0,1,1,2,1,1,1,1,1,1,1,1,2,18
"5259","Gujarati",1,1994,0,"Yes",100,0,0,1,1,2,1,1,1,1,3,2,3,1,2,15
"5260","Hindi",1,2000,0,"Yes",100,0,0,1,1,2,1,1,1,2,2,1,1,1,1,14
"5261","Gujarati",1,2011,0,"Yes",100,0,0,1,1,2,1,1,1,1,1,1,1,1,2,40
"5262","Hindi",1,2000,0,"Yes",80,0,20,1,1,2,1,1,1,2,2,1,1,1,4,9
"5263","Gujarati",2,1994,0,"Yes",100,0,0,1,1,2,1,1,2,1,4,4,4,2,2,300
"5264","Gujarati",2,2011,0,"Yes",100,0,0,1,1,2,1,1,1,1,4,1,4,3,2,20
"5265","Gujarati",1,1985,0,"Yes",100,0,0,1,1,2,1,1,1,1,1,1,1,1,2,20
"5266","Gujarati",1,1998,0,"No",100,0,0,1,1,2,1,1,1,1,1,1,1,1,2,10
"5267","Gujarati",1,1998,0,"No",100,0,0,1,1,2,1,1,1,1,4,2,3,2,2,12
"5268","Gujarati",1,1998,0,"No",100,0,0,1,1,2,1,1,1,1,1,2,3,3,2,10
"5269","Gujarati",1,1980,0,"No",100,0,0,1,1,2,1,1,1,1,2,2,2,1,2,10
"5270","Gujarati",1,2010,0,"No",100,0,0,1,1,2,1,1,1,1,1,1,3,2,2,10
"5271","Gujarati",1,1984,0,"No",100,0,0,1,1,1,1,1,1,1,1,3,2,3,1,20
"5272","Gujarati",1,1997,0,"No",100,0,0,1,1,2,1,1,1,1,3,2,3,2,2,15
"5273","Gujarati",2,1994,0,"Yes",100,0,0,1,1,2,1,2,1,1,4,1,1,2,2,42
"5274","Gujarati",1,2005,0,"No",100,0,0,1,1,2,1,1,1,2,2,1,1,2,2,8
"5275","Hindi",2,1998,0,"No",100,0,0,1,1,2,1,1,1,2,2,1,1,1,2,9
"5276","Gujarati",1,2008,0,"No",100,0,0,1,1,2,1,1,1,1,2,1,2,1,2,10
"5277","Hindi",1,2000,0,"No",100,0,0,1,1,2,1,1,1,2,2,1,1,1,2,19
"5278","Gujarati",1,1999,0,"No",100,0,0,1,1,2,1,1,1,2,3,2,3,2,2,5
"5279","Gujarati",1,2005,0,"No",100,0,0,1,1,2,1,1,1,1,2,1,2,1,2,8
"5280","Gujarati",1,1984,0,"Yes",100,0,0,1,1,2,1,1,1,1,1,1,2,2,2,7
"5281","Gujarati",1,1995,0,"Yes",100,0,0,1,1,2,1,1,1,2,3,3,4,2,2,35
"5282","Hindi",1,1995,0,"No",100,0,0,2,2,1,1,2,2,2,2,1,2,3,3,150
"5283","Gujarati",1,2001,0,"Yes",100,0,0,1,1,2,1,1,1,1,1,1,1,1,2,50
"5284","Gujarati",1,2004,1,"Yes",100,0,0,1,1,2,1,1,1,1,2,2,3,2,2,80
"5285","Gujarati",1,1998,0,"Yes",100,0,0,1,1,2,1,1,1,1,3,2,3,2,2,18
"5286","Gujarati",1,1999,0,"No",100,0,0,1,1,2,1,1,1,2,1,3,2,2,2,30
"5287","Gujarati",1,1994,0,"Yes",100,0,0,1,1,2,1,1,1,1,1,1,1,1,2,30
"5288","Gujarati",1,1999,0,"Yes",100,0,0,1,1,2,1,1,1,1,2,2,3,4,2,14
"5289","Gujarati",1,1995,0,"Yes",100,0,0,1,1,2,1,1,1,2,2,1,4,3,2,35
"5290","Gujarati",1,1998,0,"Yes",100,0,0,1,1,2,1,1,1,1,2,1,1,1,2,30
"5291","Gujarati",1,1998,0,"Yes",100,0,0,2,1,4,1,1,1,1,1,1,2,1,2,40
"5292","Gujarati",1,2006,0,"No",100,0,0,1,1,2,1,1,1,2,3,3,4,3,2,13
"5293","Gujarati",1,1994,0,"No",100,0,0,1,1,2,1,1,1,2,2,2,2,2,2,46
"5294","Gujarati",1,2003,0,"Yes",100,0,0,2,2,2,1,1,2,2,2,2,2,3,3,35
"5295","Gujarati",1,1980,0,"Yes",100,0,0,1,1,2,1,1,1,1,3,1,3,1,2,11
"5296","Gujarati",1,2008,0,"No",20,0,80,1,1,2,1,1,1,2,2,1,1,1,2,25
"5297","Gujarati",1,2000,0,"No",100,0,0,1,1,2,1,1,1,1,2,3,1,2,3,13
"5298","Gujarati",1,1998,0,"Yes",100,0,0,1,1,2,1,1,1,1,4,3,3,2,2,40
"5299","Gujarati",2,1974,0,"No",100,0,0,1,1,2,1,1,1,1,2,4,1,3,2,32
"5300","Gujarati",1,1987,0,"Yes",100,0,0,3,1,1,1,1,1,1,4,1,1,1,1,7
"5301","Gujarati",1,2002,0,"No",100,0,0,1,1,2,1,1,1,1,1,1,1,1,2,20
"5302","Gujarati",1,1999,0,"No",100,0,0,1,2,2,1,1,1,2,2,2,2,3,2,18
"5303","Gujarati",1,1996,0,"Yes",80,0,20,1,1,2,1,1,1,1,3,1,2,1,2,40
"5304","Gujarati",1,1998,0,"No",100,0,0,1,1,2,1,1,1,1,3,1,3,1,2,5
"5305","Gujarati",1,1994,0,"Yes",90,0,10,1,1,2,1,1,1,2,3,1,3,1,2,32
"5306","Gujarati",1,1990,0,"Yes",100,0,0,1,1,4,1,1,1,1,2,1,2,1,2,40
"5307","Hindi",1,1984,0,"No",50,0,50,1,1,2,2,1,1,2,2,1,1,1,1,17
"5308","Hindi",2,2002,0,"No",100,0,0,1,1,2,1,1,1,1,2,1,1,1,2,8
"5309","Hindi",1,1984,0,"No",100,0,0,1,1,1,1,1,1,4,2,1,1,1,2,6
"5310","Gujarati",1,2009,0,"No",100,0,0,2,2,2,1,1,1,2,2,1,2,3,2,18
"5311","Gujarati",1,2005,0,"Yes",100,0,0,1,1,2,1,1,1,1,1,1,1,1,2,30
"5312","Gujarati",2,1998,0,"Yes",100,0,0,1,1,2,1,1,1,1,3,1,3,3,2,35
"5313","Hindi",1,2002,0,"No",100,0,0,1,1,2,1,1,1,2,2,1,1,1,2,18
"5314","Gujarati",2,1990,0,"Yes",100,0,0,1,1,2,1,1,2,1,1,1,1,1,4,25
"5315","Gujarati",1,2005,0,"No",100,0,0,1,1,1,1,1,1,2,2,3,2,2,1,19
"5316","Gujarati",2,1994,0,"No",100,0,0,1,1,2,1,1,1,1,1,1,1,1,4,18
"5317","Gujarati",1,2011,0,"No",100,0,0,1,1,2,1,1,1,1,2,2,4,3,2,300
"5318","Gujarati",1,1998,0,"Yes",100,0,0,1,1,2,1,1,1,1,1,1,1,1,2,50
"5319","Gujarati",2,2012,0,"No",100,0,0,1,1,2,1,1,1,1,1,1,1,1,2,15
"5320","Gujarati",1,2010,0,"No",100,0,0,1,1,2,1,1,1,1,1,1,1,1,2,60
"5321","Gujarati",1,2004,0,"No",100,0,0,2,1,2,1,1,1,2,4,2,3,1,2,18
"5322","Gujarati",1,1994,0,"No",100,0,0,2,1,2,1,1,1,1,3,2,4,2,2,16
"5323","Gujarati",1,2005,0,"Yes",100,0,0,1,1,2,1,2,2,2,2,1,2,3,2,52
"5324","Gujarati",2,2009,0,"Yes",95,0,5,1,1,2,1,1,1,1,4,4,4,4,2,80
"5325","Gujarati",1,2008,0,"Yes",100,0,0,1,1,2,2,2,1,1,1,1,3,2,2,30
"5326","Gujarati",1,2011,0,"No",100,0,0,1,1,2,1,1,1,1,1,2,2,3,2,80
"5327","Gujarati",1,1998,0,"No",100,0,0,1,1,2,1,1,1,1,1,3,3,3,2,40
"5328","Hindi",1,1994,0,"No",100,0,0,1,1,2,1,1,1,2,3,3,4,2,2,31
"5329","Gujarati",1,2004,0,"No",100,0,0,1,1,1,1,1,1,1,2,1,1,1,2,40
"5330","Gujarati",1,2005,0,"No",100,0,0,1,1,2,1,1,1,2,3,1,1,1,2,50
"5331","Gujarati",1,1998,0,"No",100,0,0,1,1,1,1,1,1,1,1,2,2,2,4,55
"5332","Gujarati",1,1987,0,"Yes",100,0,0,1,1,2,1,1,1,1,2,3,2,2,2,95
"5333","Gujarati",1,2011,0,"No",100,0,0,1,1,1,1,1,1,1,1,1,1,1,3,50
"5334","Gujarati",1,2005,0,"No",100,0,0,1,1,2,1,1,1,1,2,3,2,2,2,6
"5335","Gujarati",1,1999,1,"No",100,0,0,1,1,2,1,1,1,1,2,3,4,3,2,35
"5336","Gujarati",2,2010,1,"Yes",50,0,50,1,1,2,2,1,1,1,4,1,1,3,2,10
"5337","Gujarati",1,2010,0,"Yes",100,0,0,1,1,2,1,1,1,1,3,1,1,4,2,75
"5338","Hindi",1,2006,0,"No",100,0,0,1,1,1,1,1,1,1,2,1,1,1,2,30
"5339","Gujarati",1,1984,0,"Yes",100,0,0,2,2,2,1,1,2,2,2,1,1,3,3,105
"5340","Gujarati",1,2010,0,"No",100,0,0,2,1,2,1,1,1,2,1,2,2,3,2,43
"5341","Gujarati",1,1998,0,"No",100,0,0,1,1,2,1,1,1,1,2,1,2,1,2,10
"5342","Gujarati",1,1998,0,"Yes",100,0,0,1,1,2,1,1,1,1,4,2,3,2,2,15
"5343","Gujarati",1,2010,0,"No",100,0,0,1,1,2,1,1,1,2,3,3,4,2,1,10
"5344","Gujarati",2,1993,0,"Yes",0,0,100,1,1,2,2,1,1,1,1,1,1,1,2,50
"5345","Gujarati",1,1998,0,"No",100,0,0,1,1,2,1,1,1,2,3,2,3,2,2,6
"5346","Gujarati",1,1996,0,"Yes",100,0,0,2,1,2,2,1,2,1,2,1,2,3,3,52
"5347","Gujarati",1,1998,0,"Yes",100,0,0,1,1,2,1,1,1,2,3,1,2,1,2,25
"5348","Gujarati",2,1992,0,"No",100,0,0,1,1,2,1,1,1,3,3,2,4,1,2,18
"5349","Gujarati",1,1998,0,"Yes",100,0,0,1,1,2,1,1,1,1,2,1,3,2,2,6
"5350","Gujarati",1,1996,0,"Yes",100,0,0,1,1,2,1,1,1,1,1,1,1,1,2,12
"5351","Gujarati",1,2011,0,"Yes",100,0,0,1,1,1,1,1,1,1,1,3,2,2,2,40
"5352","Hindi",3,1982,0,"No",65,35,0,1,1,1,1,2,1,4,1,1,3,1,2,32
"5353","Hindi",4,1995,0,"No",100,0,0,1,1,1,1,2,1,4,2,1,4,1,2,114
"5354","Hindi",1,1999,0,"No",100,0,0,2,1,3,2,2,2,2,2,1,2,1,2,150
"5355","Hindi",1,1998,0,"No",100,0,0,1,2,1,3,1,2,2,4,1,3,1,2,50
"5356","Hindi",2,1969,0,"No",100,0,0,1,1,2,1,1,1,1,4,4,1,4,2,40
"5357","Hindi",2,1964,0,"No",100,0,0,1,1,2,1,1,1,1,3,2,4,2,2,300
"5358","Hindi",1,1980,0,"Yes",100,0,0,1,1,2,1,1,1,1,2,1,2,1,2,32
"5359","Hindi",1,1996,0,"No",100,0,0,4,1,3,2,2,2,1,2,1,2,1,1,28
"5360","Hindi",1,2001,0,"Yes",100,0,0,2,1,4,2,1,2,2,2,1,2,1,1,33
"5361","Hindi",2,1982,1,"Yes",100,0,0,1,1,2,2,1,1,1,4,1,1,3,2,50
"5362","Hindi",5,1999,0,"Yes",28,0,72,2,1,1,1,1,1,4,1,2,3,1,2,142
"5363","Hindi",1,1999,0,"No",100,0,0,2,1,1,2,1,1,2,2,2,1,2,2,40
"5364","Hindi",1,2002,0,"Yes",100,0,0,2,1,3,2,2,2,2,4,3,4,1,3,26
"5365","Hindi",1,2003,0,"No",100,0,0,2,1,2,2,1,2,2,2,1,3,2,3,40
"5366","Hindi",1,1980,0,"Yes",100,0,0,1,1,1,NA,1,1,1,2,2,3,1,3,1400
"5367","Hindi",1,1971,0,"Yes",100,0,0,2,1,3,2,2,2,2,3,2,4,2,2,28
"5368","Hindi",2,1979,0,"Yes",80,20,0,2,1,1,1,1,1,2,2,1,3,1,2,246
"5369","Hindi",1,2001,0,"No",100,0,0,2,1,2,1,2,2,2,2,1,4,1,2,45
"5370","Hindi",2,1988,0,"Yes",40,0,60,2,1,1,1,1,1,4,1,3,3,1,2,218
"5371","Hindi",1,2003,1,"Yes",20,0,80,1,1,1,2,1,1,1,4,2,4,1,2,300
"5372","Hindi",1,2005,0,"No",100,0,0,2,1,3,2,2,2,2,2,1,2,1,2,32
"5373","Hindi",2,1999,0,"No",100,0,0,2,1,4,2,2,2,2,2,1,2,1,2,24
"5374","Hindi",1,1998,0,"No",100,0,0,2,1,4,2,2,2,2,2,1,2,1,2,26
"5375","Hindi",1,1930,0,"Yes",100,0,0,1,1,2,1,1,1,1,3,2,3,2,2,250
"5376","Hindi",1,1977,0,"No",100,0,0,1,1,1,1,1,1,1,1,1,1,1,4,50
"5377","Hindi",1,2001,0,"No",100,0,0,4,1,3,2,2,2,2,2,1,2,1,2,30
"5378","Hindi",2,1998,0,"No",100,0,0,2,1,3,2,4,2,2,2,1,2,1,2,28
"5379","Hindi",1,2003,0,"No",100,0,0,2,1,4,2,2,2,2,2,1,2,1,2,29
"5380","Hindi",1,1989,0,"No",100,0,0,2,1,3,2,2,2,2,4,1,4,1,2,32
"5381","Hindi",1,1941,0,"No",20,0,80,1,2,2,2,1,1,1,4,2,3,1,2,14
"5382","Hindi",1,2000,0,"No",100,0,0,1,1,3,2,2,2,2,4,2,4,2,2,26
"5383","Hindi",1,1983,0,"Yes",90,5,5,3,2,1,1,1,1,2,1,2,3,2,2,80
"5384","Hindi",1,1978,0,"Yes",100,0,0,4,2,4,2,1,2,1,2,1,2,1,2,25
"5385","Hindi",1,1941,0,"No",100,0,0,2,1,2,1,2,2,3,2,2,3,1,2,68
"5386","Hindi",1,2003,0,"No",100,0,0,4,1,3,2,2,2,2,2,1,2,1,2,30
"5387","Hindi",2,2001,0,"No",100,0,0,2,1,3,2,2,2,2,2,1,2,1,2,29
"5388","Hindi",1,1989,0,"No",100,0,0,2,1,3,2,2,1,1,2,1,3,1,2,15
"5389","Hindi",1,1978,0,"Yes",100,0,0,1,1,1,1,1,1,1,4,4,1,1,1,10
"5390","Hindi",1,1967,0,"No",100,0,0,1,1,2,1,1,1,1,3,3,3,2,2,100
"5391","Hindi",1,2007,0,"No",100,0,0,1,1,2,1,1,1,1,2,2,2,2,4,30
"5392","Hindi",2,2000,0,"No",100,0,0,1,1,1,1,2,1,3,1,2,4,1,2,14
"5393","Hindi",1,1978,0,"No",100,0,0,1,1,1,1,2,1,4,1,2,4,1,2,7
"5394","Hindi",3,1984,0,"Yes",0,100,0,1,1,1,1,1,1,1,1,2,3,1,2,80
"5395","Hindi",2,1979,0,"Yes",100,0,0,1,1,1,1,1,1,3,2,1,3,1,2,93
"5396","Hindi",2,1984,0,"No",35,65,0,1,1,1,2,1,1,2,3,1,4,1,3,44
"5397","Hindi",1,1972,0,"No",100,0,0,2,1,1,1,1,1,2,1,1,3,1,2,90
"5398","Hindi",1,1935,0,"Yes",100,0,0,2,1,2,3,2,2,2,2,1,2,1,4,130
"5399","Hindi",1,1960,0,"Yes",100,0,0,1,1,2,1,1,1,1,3,4,1,2,1,25
"5400","Hindi",1,2000,0,"No",100,0,0,2,1,2,1,2,2,2,2,1,4,1,2,39
"5401","Hindi",1,1993,0,"No",100,0,0,2,2,1,1,1,1,1,2,1,3,1,2,7
"5402","Hindi",1,1967,0,"No",100,0,0,1,1,2,1,1,1,1,1,1,1,1,4,30
"5403","Hindi",1,1977,0,"No",100,0,0,1,1,1,1,1,1,4,2,1,4,1,2,7
"5404","Hindi",3,1980,0,"Yes",90,10,0,2,1,1,1,1,1,2,2,1,3,1,2,168
"5405","Hindi",2,1983,0,"No",100,0,0,1,1,3,1,3,1,3,4,4,4,1,4,10
"5406","Hindi",1,2000,0,"Yes",100,0,0,3,1,3,1,1,2,2,2,1,2,1,1,30
"5407","Hindi",1,2000,0,"Yes",100,0,0,2,1,3,2,2,2,2,2,1,4,1,2,34
"5408","Hindi",2,1982,0,"No",60,0,40,1,1,1,3,2,1,1,1,1,2,2,1,50
"5409","Hindi",1,1995,0,"No",55,0,45,2,2,2,2,1,1,1,1,2,2,1,1,50
"5410","Hindi",1,1972,0,"Yes",100,0,0,1,1,2,1,1,1,1,3,1,3,2,2,50
"5411","Hindi",1,2006,0,"No",100,0,0,1,2,2,1,2,2,1,4,1,3,2,2,28
"5412","Hindi",1,2005,0,"No",100,0,0,3,1,2,1,2,2,1,1,2,2,1,2,28
"5413","Hindi",1,2007,0,"Yes",100,0,0,2,1,1,1,1,2,1,2,1,1,2,1,24
"5414","Hindi",1,1997,0,"No",100,0,0,4,1,3,2,2,1,2,2,1,2,1,2,40
"5415","Hindi",1,2010,0,"No",100,0,0,1,1,1,NA,NA,2,4,2,NA,NA,NA,1,5
"5416","Hindi",1,1969,0,"Yes",100,0,0,2,1,1,2,1,1,3,1,1,3,1,2,14
"5417","Hindi",1,2005,0,"No",100,0,0,1,1,1,1,1,1,1,1,1,2,1,4,50
"5418","Hindi",1,2001,0,"No",100,0,0,2,1,3,2,2,2,2,2,1,2,1,2,30
"5419","Hindi",1,2003,0,"Yes",100,0,0,2,1,4,2,2,2,1,2,1,2,1,1,40
"5420","Hindi",1,2008,0,"No",100,0,0,2,1,1,1,1,1,3,1,1,3,1,3,11
"5421","Hindi",1,2003,0,"No",100,0,0,2,1,1,2,1,1,2,4,1,4,1,2,38
"5422","Hindi",1,1947,0,"No",100,0,0,1,2,1,2,2,1,3,4,2,4,2,2,50
"5423","Hindi",1,2006,0,"No",100,0,0,2,1,2,1,2,1,2,2,2,2,2,2,38
"5424","Hindi",1,1973,0,"No",100,0,0,1,1,1,1,3,1,4,1,1,3,1,2,10
"5425","Hindi",1,1973,0,"Yes",100,0,0,1,1,2,1,1,1,1,4,2,3,2,2,25
"5426","Hindi",5,1960,0,"No",100,0,0,3,3,NA,NA,3,3,3,2,3,2,3,NA,20
"5427","Hindi",1,1983,0,"No",100,0,0,1,1,1,2,3,1,2,3,2,1,1,2,30
"5428","Hindi",4,1986,0,"Yes",90,0,10,2,1,1,1,1,1,2,2,1,3,1,2,76
"5429","Hindi",1,2005,0,"No",100,0,0,2,1,1,2,1,1,2,1,1,3,1,2,23
"5430","Hindi",1,1978,0,"No",100,0,0,1,1,2,1,1,1,2,2,1,1,2,2,70
"5431","Hindi",1,1993,0,"No",100,0,0,2,1,2,1,2,1,2,2,2,2,1,2,35
"5432","Hindi",1,1989,0,"Yes",100,0,0,1,1,3,3,1,1,1,4,3,3,3,3,16
"5433","Hindi",1,1998,0,"No",100,0,0,2,1,2,1,2,2,2,2,1,3,1,2,40
"5434","Hindi",1,2001,0,"Yes",100,0,0,2,1,3,2,2,2,1,2,1,2,1,1,30
"5435","Hindi",1,1975,0,"Yes",0,0,100,2,2,3,4,1,2,3,3,4,1,3,1,15
"5436","Hindi",1,2003,0,"No",100,0,0,1,1,3,1,2,1,1,2,1,4,2,2,40
"5437","Hindi",1,1990,0,"Yes",90,0,10,2,1,1,1,1,1,1,1,1,3,1,2,36
"5438","Hindi",1,1990,0,"No",100,0,0,1,1,2,3,2,1,1,3,4,1,1,1,20
"5439","Hindi",1,2001,0,"No",100,0,0,4,1,3,2,2,2,2,2,1,2,1,2,26
"5440","Hindi",2,1977,1,"No",100,0,0,1,1,1,1,1,1,4,1,3,3,1,2,14
"5441","Hindi",1,1998,0,"No",100,0,0,1,1,1,1,1,1,1,3,1,4,2,1,28
"5442","Hindi",1,2001,0,"No",100,0,0,2,1,3,2,2,2,2,2,1,2,1,2,25
"5443","Hindi",1,2004,0,"Yes",100,0,0,1,1,1,1,1,NA,1,NA,1,2,2,1,24
"5444","Hindi",1,1988,0,"No",100,0,0,1,1,1,1,1,1,4,2,1,3,1,2,22
"5445","Hindi",1,2001,0,"No",100,0,0,2,1,3,2,2,1,2,2,1,4,1,2,15
"5446","Hindi",1,1994,0,"No",100,0,0,1,1,1,1,3,1,4,2,2,3,1,2,13
"5447","Hindi",1,2004,0,"No",100,0,0,2,1,3,2,2,2,2,2,1,2,1,4,36
"5448","Hindi",2,1999,0,"No",100,0,0,1,1,1,2,1,1,3,2,1,3,1,2,24
"5449","Hindi",1,1995,0,"No",100,0,0,2,1,3,2,2,1,2,2,1,4,1,3,55
"5450","Hindi",1,2004,0,"Yes",100,0,0,1,1,1,1,1,1,1,2,1,1,2,1,24
"5451","Hindi",1,1993,0,"Yes",100,0,0,1,1,1,3,1,1,1,2,2,4,3,2,25
"5452","Hindi",1,1991,0,"No",100,0,0,1,1,2,1,1,1,1,3,2,2,2,2,100
"5453","Hindi",1,1959,0,"No",100,0,0,1,1,2,1,1,1,1,4,2,3,2,2,600
"5454","Hindi",1,1982,0,"Yes",20,80,0,1,1,1,2,2,1,4,3,1,3,1,4,11
"5455","Hindi",1,1992,0,"Yes",90,0,10,2,2,1,1,3,1,1,1,1,1,1,1,18
"5456","Hindi",1,1998,0,"No",100,0,0,2,1,2,1,2,2,2,2,1,2,1,2,30
"5457","Hindi",1,1998,1,"No",100,0,0,1,1,1,1,1,1,1,1,1,3,1,2,12
"5458","Hindi",1,1972,0,"No",100,0,0,2,1,1,2,1,1,3,2,1,4,1,2,6
"5459","Hindi",1,1992,1,"No",100,0,0,1,1,1,1,1,1,4,1,3,3,1,2,20
"5460","Hindi",2,2000,0,"No",100,0,0,2,1,3,2,2,2,2,2,2,4,1,2,40
"5461","Hindi",2,1989,0,"Yes",100,0,0,2,1,1,1,2,1,2,2,1,4,1,2,19
"5462","Hindi",1,1992,0,"Yes",100,0,0,1,1,1,1,1,1,2,1,1,3,1,2,46
"5463","Hindi",1,2002,0,"No",100,0,0,2,1,3,2,2,2,2,2,1,2,1,2,35
"5464","Hindi",1,1995,0,"Yes",100,0,0,1,1,1,1,1,1,4,1,3,3,1,2,42
"5465","Hindi",1,1985,0,"Yes",100,0,0,2,1,2,NA,1,1,1,2,2,2,2,1,50
"5466","Hindi",1,1985,0,"No",100,0,0,1,1,1,1,1,1,1,1,1,4,1,1,30
"5467","Hindi",1,1970,0,"Yes",100,0,0,2,1,4,2,2,2,1,2,1,2,1,1,300
"5468","Hindi",1,2001,0,"Yes",100,0,0,2,1,2,1,2,2,2,4,1,4,1,2,25
"5469","Hindi",1,2003,0,"No",100,0,0,2,1,3,2,2,1,2,2,1,1,1,2,25
"5470","Hindi",2,1996,0,"No",20,80,0,1,1,1,2,1,1,2,1,1,4,1,3,108
"5471","Hindi",1,2001,0,"No",100,0,0,2,1,3,2,2,1,2,2,1,1,1,2,40
"5472","Hindi",1,1991,0,"No",100,0,0,1,1,1,1,1,1,1,1,1,1,1,1,30
"5473","Hindi",1,1984,0,"No",100,0,0,1,1,2,1,1,1,1,1,1,1,1,2,42
"5474","Hindi",1,1967,0,"No",100,0,0,2,1,3,2,2,1,2,2,1,4,1,2,80
"5475","Hindi",1,1993,0,"No",100,0,0,1,1,1,1,1,1,4,2,1,4,1,2,24
"5476","Hindi",1,2001,0,"No",100,0,0,4,1,3,2,2,2,2,2,1,2,1,2,35
"5477","Hindi",1,1990,1,"No",100,0,0,1,1,1,1,1,1,4,1,3,3,1,2,8
"5478","Hindi",2,1988,0,"Yes",90,10,0,1,1,1,1,1,1,2,1,1,1,1,3,52
"5479","Hindi",2,1982,0,"No",100,0,0,1,1,1,1,1,1,4,2,1,3,1,3,20
"5480","Hindi",1,1981,0,"No",100,0,0,3,2,1,1,1,1,1,4,3,4,3,1,12
"5481","Hindi",1,1982,1,"No",100,0,0,2,1,1,1,1,1,1,2,1,3,1,2,7
"5482","Hindi",10,1999,0,"No",100,0,0,3,3,3,3,3,3,3,2,3,2,2,NA,20
"5483","Hindi",2,1964,0,"Yes",100,0,0,1,1,2,1,1,1,4,3,4,4,3,2,1200
"5484","Hindi",1,1994,0,"No",100,0,0,2,1,1,1,1,1,3,2,1,3,1,2,15
"5485","Hindi",1,1999,0,"No",100,0,0,2,1,2,1,2,2,2,2,1,3,2,2,45
"5486","Hindi",1,1997,0,"Yes",100,0,0,1,1,1,NA,1,2,1,1,1,2,NA,NA,20
"5487","Hindi",1,2000,0,"No",100,0,0,1,1,1,NA,1,1,4,1,4,4,1,NA,25
"5488","Hindi",1,1972,0,"Yes",100,0,0,1,1,2,1,1,1,1,4,2,4,2,2,100
"5489","Hindi",1,1994,0,"No",100,0,0,1,1,3,2,1,2,1,3,1,4,1,1,44
"5490","Hindi",1,1990,0,"Yes",90,0,10,1,1,1,1,1,1,4,1,1,3,1,2,49
"5491","Hindi",3,2004,0,"Yes",90,10,0,1,1,1,1,1,1,4,1,3,3,1,2,58
"5492","Hindi",1,2001,0,"No",100,0,0,2,1,2,1,2,2,2,2,1,2,2,2,45
"5493","Hindi",1,1995,0,"No",100,0,0,2,1,2,1,2,1,2,2,2,2,1,2,50
"5494","Hindi",1,1979,0,"No",100,0,0,1,1,1,1,1,1,1,1,1,1,1,1,30
"5495","Hindi",1,1980,0,"Yes",80,0,20,1,1,1,2,1,1,1,1,1,1,1,1,80
"5496","Hindi",1,2002,0,"No",100,0,0,3,1,3,3,2,2,1,2,1,3,1,3,29
"5497","Hindi",2,1996,0,"Yes",100,0,0,1,1,1,1,3,1,3,2,3,4,1,2,26
"5498","Hindi",1,2002,1,"No",100,0,0,1,2,2,1,NA,2,2,4,NA,3,1,4,30
"5499","Hindi",1,1993,0,"No",100,0,0,1,2,1,2,2,1,3,3,1,3,1,2,88
"5500","Hindi",1,2005,0,"Yes",100,0,0,2,1,3,2,2,2,2,2,1,2,1,2,49
"5501","Hindi",1,2002,0,"Yes",100,0,0,1,1,1,3,2,1,3,1,1,1,1,2,40
"5502","Hindi",1,2001,0,"No",50,50,0,1,1,1,1,1,1,4,1,3,3,1,2,36
"5503","Hindi",2,1999,1,"Yes",0,100,0,1,1,1,1,1,1,3,1,4,3,1,2,22
"5504","Hindi",2,1998,0,"No",100,0,0,2,1,1,1,1,1,2,1,1,3,1,2,48
"5505","Hindi",1,1996,0,"No",100,0,0,1,2,1,2,2,2,3,4,2,1,2,2,155
"5506","Hindi",1,2000,0,"No",100,0,0,1,1,1,1,1,1,3,2,1,4,1,3,16
"5507","Hindi",2,1998,0,"No",100,0,0,1,1,1,1,2,1,2,2,1,4,1,3,208
"5508","Hindi",1,1974,0,"Yes",100,0,0,1,2,4,2,4,1,4,3,3,1,3,2,12
"5509","Hindi",1,1994,0,"Yes",50,0,50,1,1,1,1,3,1,4,2,4,4,1,2,91
"5510","Hindi",1,1987,0,"No",100,0,0,2,1,2,1,2,1,2,2,2,2,1,2,10
"5511","Hindi",1,1989,0,"No",100,0,0,2,1,2,1,2,2,2,4,1,3,1,2,75
"5512","Hindi",1,2001,0,"Yes",100,0,0,1,1,3,2,2,1,1,4,2,4,1,2,25
"5513","Hindi",1,1998,0,"Yes",100,0,0,3,1,2,NA,2,1,1,3,1,1,1,1,40
"5514","Hindi",1,2002,0,"No",100,0,0,2,1,2,1,2,2,2,2,1,NA,2,2,38
"5515","Hindi",1,2002,0,"No",100,0,0,1,1,2,NA,2,1,1,2,3,1,4,1,10
"5516","Hindi",1,1935,0,"No",100,0,0,1,1,2,1,1,1,1,4,2,3,2,2,200
"5517","Hindi",1,1995,0,"No",100,0,0,2,1,2,1,2,2,2,4,1,3,1,2,48
"5518","Hindi",1,1999,0,"No",100,0,0,2,1,2,2,1,2,2,2,1,3,2,3,35
"5519","Hindi",2,1973,0,"Yes",100,0,0,1,1,2,NA,1,1,2,2,3,4,3,2,24
"5520","Hindi",1,2001,0,"Yes",100,0,0,2,1,3,2,1,1,1,2,1,4,1,1,30
"5521","Hindi",2,2003,0,"Yes",50,0,50,1,1,1,1,2,1,3,2,3,3,1,2,42
"5522","Hindi",1,1977,0,"Yes",100,0,0,1,1,2,1,1,1,1,3,1,3,1,2,35
"5523","Hindi",2,1992,0,"No",100,0,0,2,1,3,3,2,2,2,2,1,2,1,2,42
"5524","Hindi",1,2003,0,"No",100,0,0,1,1,1,3,1,1,1,2,2,1,1,3,16
"5525","Hindi",1,1995,0,"No",100,0,0,1,1,1,2,1,1,3,1,1,1,1,3,18
"5526","Hindi",1,1994,0,"No",100,0,0,1,2,4,1,2,1,2,2,2,2,2,2,70
"5527","Hindi",1,1991,0,"No",100,0,0,2,1,4,2,2,2,2,2,1,3,1,2,50
"5528","Hindi",2,2004,0,"No",100,0,0,1,1,3,2,2,1,1,2,1,2,1,3,40
"5529","Hindi",1,1995,0,"Yes",100,0,0,2,1,2,NA,4,2,1,2,1,4,3,1,15
"5530","Hindi",1,1990,0,"Yes",70,0,30,1,1,1,1,2,1,1,2,2,2,2,1,25
"5531","Hindi",1,2001,0,"No",100,0,0,2,1,2,2,1,2,2,2,1,3,2,3,40
"5532","Hindi",1,2006,0,"Yes",100,0,0,1,1,1,1,3,1,3,2,3,4,1,2,88
"5533","Hindi",1,1972,0,"Yes",80,0,20,1,1,1,2,1,1,1,3,1,3,2,1,17
"5534","Hindi",1,1980,0,"Yes",100,0,0,1,1,2,1,1,1,1,3,2,3,2,2,80
"5535","Hindi",1,1964,0,"No",100,0,0,1,1,4,1,2,2,1,1,1,1,1,2,400
"5536","Hindi",1,2001,0,"No",100,0,0,1,2,4,1,1,1,1,1,1,1,1,1,48
"5537","Hindi",1,2003,0,"No",100,0,0,2,1,3,2,2,1,2,2,1,4,1,2,13
"5538","Hindi",1,2002,0,"No",100,0,0,1,1,1,1,1,1,1,1,3,3,3,1,100
"5539","Hindi",1,1998,0,"No",100,0,0,1,1,1,1,1,1,2,4,2,4,1,1,35
"5540","Hindi",1,1998,0,"No",100,0,0,2,1,3,2,1,2,2,4,1,4,1,1,136
"5541","Hindi",1,2009,0,"No",100,0,0,2,1,4,2,2,2,2,2,1,2,1,2,28
"5542","Hindi",2,1995,0,"No",100,0,0,1,2,1,1,2,2,2,1,2,1,2,2,30
"5543","Hindi",2,1999,0,"No",100,0,0,1,1,NA,NA,1,1,4,4,4,1,1,4,22
"5544","Hindi",1,1998,0,"Yes",100,0,0,1,1,1,1,1,1,2,1,2,3,2,1,7
"5545","Hindi",1,1985,0,"No",100,0,0,1,1,1,NA,1,1,1,1,3,4,2,3,100
"5546","Hindi",1,1985,1,"Yes",100,0,0,1,1,1,1,1,1,1,1,2,1,2,1,27
"5547","Hindi",1,2005,0,"Yes",90,0,10,1,1,2,1,1,1,2,3,2,3,2,2,50
"5548","Hindi",1,1999,0,"No",100,0,0,3,1,3,3,2,2,1,2,1,3,1,3,28
"5549","Hindi",1,1990,0,"No",100,0,0,2,1,2,1,2,2,2,2,1,4,1,2,35
"5550","Hindi",1,1998,0,"Yes",100,0,0,2,2,3,2,2,2,1,4,1,2,1,1,26
"5551","Hindi",2,2006,0,"No",100,0,0,2,1,1,2,1,1,3,1,1,3,1,2,15
"5552","Hindi",1,2004,0,"No",100,0,0,2,1,2,1,2,1,2,2,2,2,2,2,25
"5553","Hindi",2,1989,0,"No",100,0,0,3,3,NA,NA,3,3,3,2,2,2,3,3,500
"5554","Hindi",1,1994,0,"No",100,0,0,2,1,2,1,2,1,2,2,2,2,1,2,48
"5555","Hindi",1,2003,0,"No",100,0,0,2,1,2,1,2,1,3,2,2,1,2,2,35
"5556","Hindi",1,2001,0,"No",100,0,0,1,1,1,2,3,1,3,2,1,4,1,2,40
"5557","Hindi",1,1998,0,"No",100,0,0,1,1,1,1,1,1,1,2,1,4,1,3,19
"5558","Hindi",1,2000,0,"No",100,0,0,4,2,1,1,1,1,1,2,2,3,1,1,150
"5559","Hindi",1,1999,0,"No",100,0,0,1,1,2,1,1,1,1,2,2,2,1,4,60
"5560","Hindi",1,2000,0,"No",100,0,0,3,1,3,3,2,2,NA,2,1,1,1,3,30
"5561","Hindi",1,2000,0,"No",100,0,0,4,1,3,2,2,2,2,2,1,2,1,2,32
"5562","Hindi",2,1999,0,"No",100,0,0,1,1,1,1,3,1,3,1,4,3,1,1,40
"5563","Hindi",1,2001,0,"No",100,0,0,2,1,1,2,2,2,1,2,2,2,2,2,30
"5564","Hindi",1,1992,0,"Yes",100,0,0,1,1,1,1,1,1,1,4,2,3,2,2,80
"5565","Hindi",1,2001,0,"No",100,0,0,2,1,3,2,2,2,2,2,1,2,1,4,26
"5566","Hindi",1,2002,0,"Yes",100,0,0,2,1,3,1,1,1,1,2,1,2,1,1,41
"5567","Hindi",1,2001,0,"No",100,0,0,2,1,3,2,2,1,1,2,1,3,NA,2,15
"5568","Hindi",1,2000,0,"No",100,0,0,2,1,3,2,2,1,1,2,1,3,1,2,15
"5569","Hindi",1,1962,0,"No",100,0,0,1,1,1,1,3,1,3,2,3,4,1,2,208
"5570","Hindi",1,2004,0,"Yes",100,0,0,2,1,4,2,3,1,1,2,1,2,1,1,30
"5571","Hindi",2,1998,0,"No",100,0,0,2,1,1,2,1,1,1,1,1,3,1,2,40
"5572","Hindi",1,1991,0,"Yes",100,0,0,1,1,2,NA,2,1,1,3,2,2,2,1,10
"5573","Hindi",1,2004,0,"Yes",100,0,0,1,1,1,1,1,1,1,1,2,1,NA,1,28
"5574","Hindi",1,2004,0,"Yes",100,0,0,1,1,3,2,2,1,1,4,2,4,1,1,30
"5575","Hindi",4,1998,0,"Yes",100,0,0,1,1,1,1,1,1,2,2,1,4,1,2,14
"5576","Hindi",1,2003,0,"No",100,0,0,2,1,2,1,2,1,2,1,1,2,1,2,30
"5577","Hindi",1,1990,0,"Yes",100,0,0,2,1,1,2,1,1,2,1,1,3,1,2,86
"5578","Hindi",2,1989,0,"Yes",100,0,0,4,1,1,1,3,1,3,2,3,3,1,2,44
"5579","Hindi",1,1989,0,"No",100,0,0,1,1,1,1,2,1,4,2,1,3,1,2,12
"5580","Hindi",1,2004,0,"No",100,0,0,2,1,3,NA,1,2,2,2,1,2,1,2,25
"5581","Hindi",1,2003,0,"No",100,0,0,1,1,2,1,1,1,1,3,2,4,2,1,28
"5582","Hindi",1,2001,0,"No",100,0,0,3,1,3,3,2,2,NA,2,1,1,1,3,25
"5583","Hindi",2,2011,0,"Yes",100,0,0,1,1,2,1,1,1,1,4,1,1,4,2,350
"5584","Hindi",1,2002,0,"No",100,0,0,2,1,2,1,2,1,3,4,2,4,1,2,20
"5585","Hindi",1,1991,0,"No",100,0,0,2,1,3,2,2,2,2,2,1,2,1,4,45
"5586","Hindi",1,1989,0,"Yes",100,0,0,1,1,1,2,1,1,4,3,4,4,2,4,22
"5587","Hindi",1,2005,0,"Yes",100,0,0,2,1,3,2,2,2,1,2,1,4,1,2,30
"5588","Hindi",1,1990,0,"No",100,0,0,1,1,1,NA,2,1,1,1,1,2,1,1,10
"5589","Hindi",1,2001,0,"No",100,0,0,1,2,1,2,2,2,1,3,2,3,2,1,28
"5590","Hindi",2,1995,0,"Yes",100,0,0,1,1,2,1,1,1,1,3,2,3,2,2,35
"5591","Hindi",1,2002,0,"No",100,0,0,2,1,3,2,2,1,1,2,1,3,1,2,15
"5592","Hindi",2,2001,1,"Yes",100,0,0,1,1,1,1,1,1,1,1,2,3,2,1,21
"5593","Hindi",1,2000,0,"No",100,0,0,2,1,2,1,1,1,1,1,1,1,1,3,70
"5594","Hindi",1,2003,0,"Yes",100,0,0,3,2,2,NA,1,NA,1,2,3,4,NA,4,15
"5595","Hindi",1,1972,0,"No",100,0,0,4,1,3,2,2,2,2,2,1,2,1,2,35
"5596","Hindi",1,2011,0,"No",100,0,0,2,1,1,1,1,1,2,1,1,4,1,2,12
"5597","Hindi",1,1995,0,"Yes",100,0,0,1,1,1,4,1,1,2,1,1,3,1,2,26
"5598","Hindi",1,1998,0,"No",100,0,0,1,1,2,1,1,1,1,1,1,1,1,2,21
"5599","Hindi",1,2001,0,"No",100,0,0,2,1,2,1,2,1,2,3,2,4,2,2,38
"5600","Hindi",3,1978,0,"No",20,80,0,2,1,1,1,2,1,4,1,3,3,1,2,52
"5601","Hindi",1,1993,0,"Yes",85,0,15,1,1,2,2,2,4,3,4,3,3,2,3,25
"5602","Hindi",2,2001,0,"No",100,0,0,2,1,4,3,2,2,2,2,1,2,1,2,28
"5603","Hindi",1,1988,0,"Yes",100,0,0,2,1,1,1,1,1,1,2,2,3,1,3,21
"5604","Hindi",1,1931,0,"Yes",50,0,50,1,1,1,3,1,1,1,3,3,4,4,1,100
"5605","Hindi",1,1997,0,"No",30,70,0,1,1,1,2,1,1,2,1,1,4,1,2,30
"5606","Hindi",5,2006,0,"Yes",100,0,0,1,1,1,1,1,1,1,1,1,3,1,2,35
"5607","Hindi",2,1984,0,"Yes",75,10,15,2,1,1,1,1,1,1,2,1,3,1,2,62
"5608","Hindi",1,2008,0,"No",100,0,0,1,1,1,1,1,1,4,1,3,3,1,2,22
"5609","Hindi",1,2007,0,"No",100,0,0,2,1,1,1,1,1,1,1,1,3,1,2,42
"5610","Hindi",2,1995,0,"No",100,0,0,1,1,1,1,1,1,1,2,1,3,1,2,21
"5611","Hindi",1,1996,0,"Yes",100,0,0,1,1,3,2,1,1,1,4,3,3,1,1,52
"5612","Hindi",1,1955,0,"No",100,0,0,1,1,1,2,2,1,4,2,1,4,1,3,43
"5613","Hindi",1,1988,0,"No",100,0,0,1,1,1,1,1,1,4,1,3,3,1,2,8
"5614","Hindi",2,2002,0,"No",100,0,0,1,2,2,1,1,2,2,1,1,2,2,1,30
"5615","Hindi",1,1992,0,"No",100,0,0,4,1,3,2,2,1,2,2,1,3,1,2,30
"5616","Hindi",1,1990,0,"No",100,0,0,1,1,1,1,1,1,4,2,3,4,1,2,10
"5617","Hindi",1,1989,0,"No",100,0,0,1,1,1,1,1,1,4,2,3,3,1,3,8
"5618","Hindi",2,1993,0,"No",100,0,0,1,1,1,1,1,1,3,2,1,3,1,2,18
"5619","Hindi",1,2001,0,"No",100,0,0,1,2,1,2,2,2,1,4,2,1,2,1,48
"5620","Hindi",1,1999,0,"Yes",100,0,0,3,1,3,2,1,1,1,3,2,4,1,1,36
"5621","Hindi",2,1992,0,"No",100,0,0,1,1,1,1,1,1,4,2,3,3,1,2,19
"5622","Hindi",1,1957,0,"No",100,0,0,1,1,1,1,2,1,4,1,3,3,1,2,10
"5623","Hindi",4,1991,0,"No",100,0,0,1,1,1,1,2,1,4,2,3,3,1,2,12
"5624","Hindi",1,1998,0,"No",100,0,0,1,1,1,1,1,1,4,2,2,3,1,1,12
"5625","Hindi",1,1987,0,"No",100,0,0,1,1,1,2,1,1,4,2,1,4,1,3,8
"5626","Hindi",1,1996,0,"No",100,0,0,1,1,1,1,1,1,4,2,1,3,1,2,10
"5627","Hindi",1,1993,0,"No",100,0,0,1,1,1,1,1,1,4,2,4,4,1,2,8
"5628","Kannada",1,1981,0,"Yes",100,0,0,2,1,2,1,2,2,3,2,1,3,1,2,39
"5629","Hindi",4,2003,0,"No",100,0,0,2,1,1,1,2,1,4,1,3,3,1,2,9
"5630","Hindi",4,2003,0,"No",100,0,0,2,1,1,1,1,1,4,1,3,3,1,2,9
"5631","Hindi",1,1999,0,"No",100,0,0,1,1,1,1,1,1,4,2,3,3,1,2,21
"5632","Hindi",1,2003,0,"No",100,0,0,1,1,1,2,1,1,4,1,1,4,1,2,12
"5633","Hindi",2,2004,0,"Yes",100,0,0,1,1,1,1,1,1,4,1,3,3,1,2,12
"5634","Hindi",1,2006,0,"No",100,0,0,2,1,3,2,2,2,2,4,1,4,1,2,40
"5635","Hindi",2,2002,0,"No",100,0,0,2,1,3,2,2,2,2,2,1,2,1,2,35
"5636","Hindi",1,2003,0,"No",100,0,0,1,1,1,1,1,1,1,1,1,1,1,1,30
"5637","Hindi",2,1984,0,"No",100,0,0,1,1,1,1,1,1,4,1,2,3,1,3,14
"5638","Hindi",1,2003,0,"No",100,0,0,2,1,1,2,2,1,2,2,1,3,1,2,22
"5639","Hindi",1,1995,0,"No",100,0,0,2,1,4,1,2,2,2,2,1,3,1,2,45
"5640","Hindi",1,1982,0,"Yes",15,0,85,1,1,1,1,1,1,1,1,3,4,2,1,200
"5641","Hindi",1,1998,0,"Yes",100,0,0,2,1,2,1,2,1,3,2,2,2,1,2,40
"5642","Hindi",1,1992,0,"No",100,0,0,1,1,1,1,3,1,3,2,1,4,1,2,12
"5643","Hindi",1,2010,0,"No",100,0,0,1,1,1,1,1,1,4,2,1,3,1,2,52
"5644","Hindi",2,1992,0,"Yes",100,0,0,2,1,1,1,1,1,2,1,1,1,1,2,42
"5645","Hindi",1,1979,0,"No",100,0,0,1,1,1,1,1,1,2,2,1,4,1,3,12
"5646","Hindi",2,1980,0,"No",100,0,0,1,1,2,1,1,1,1,1,1,1,1,4,500
"5647","Hindi",1,1969,0,"No",100,0,0,4,1,2,1,2,2,2,2,1,3,1,2,30
"5648","Hindi",1,1993,0,"Yes",100,0,0,1,1,1,1,1,1,4,2,1,3,1,2,21
"5649","Hindi",1,1967,0,"Yes",100,0,0,1,1,2,1,1,1,2,1,1,1,1,2,40
"5650","Hindi",3,1998,0,"No",80,20,0,2,1,1,1,1,1,2,2,1,4,1,2,62
"5651","Hindi",1,2003,0,"No",100,0,0,2,1,2,1,2,2,2,2,1,2,2,2,28
"5652","Hindi",1,1978,0,"Yes",95,0,5,1,1,1,1,1,1,1,3,1,1,2,3,8
"5653","Hindi",1,2001,0,"Yes",100,0,0,2,1,4,2,2,2,1,3,2,3,2,1,25
"5654","Hindi",1,1976,0,"No",100,0,0,1,1,2,1,1,1,1,1,1,1,1,4,200
"5655","Hindi",1,2000,0,"No",100,0,0,1,1,1,1,1,1,1,2,1,4,1,2,14
"5656","Hindi",1,1987,0,"No",100,0,0,2,1,2,1,2,2,2,2,1,4,1,2,50
"5657","Hindi",1,1984,0,"No",100,0,0,1,1,1,1,1,1,1,1,1,2,1,1,30
"5658","Hindi",1,1995,0,"No",100,0,0,1,1,1,2,2,1,3,2,1,4,1,3,12
"5659","Hindi",1,1999,0,"No",100,0,0,1,1,2,1,1,1,1,3,2,3,2,2,44
"5660","Hindi",3,2001,0,"No",100,0,0,2,1,3,3,2,2,2,2,1,2,1,2,30
"5661","Hindi",1,1998,0,"Yes",70,30,0,1,1,1,1,1,1,3,2,1,1,1,2,18
"5662","Hindi",2,1988,0,"No",100,0,0,2,1,3,2,2,2,2,2,1,2,1,2,28
"5663","Hindi",1,2006,0,"No",100,0,0,1,1,2,1,1,1,1,3,2,4,2,2,150
"5664","Hindi",1,1998,0,"Yes",100,0,0,1,1,4,1,1,1,1,3,1,3,1,2,121
"5665","Hindi",2,2000,0,"No",100,0,0,1,1,2,3,2,1,2,3,1,1,1,4,10
"5666","Hindi",2,1999,0,"No",90,10,0,1,1,1,1,2,1,3,1,3,3,1,4,12
"5667","Hindi",1,1968,0,"No",100,0,0,2,1,2,1,2,2,2,2,1,3,1,2,48
"5668","Hindi",1,1988,0,"No",100,0,0,3,2,4,3,3,1,3,4,1,1,3,4,60
"5669","Hindi",1,1989,0,"No",100,0,0,1,1,1,1,1,1,4,1,3,3,1,2,29
"5670","Hindi",4,2003,0,"No",100,0,0,2,1,1,1,2,1,4,1,3,4,1,2,9
"5671","Hindi",1,2003,0,"No",100,0,0,1,1,1,2,1,1,1,2,1,4,1,2,11
"5672","Hindi",1,2002,0,"No",100,0,0,1,1,1,1,1,1,3,1,1,4,1,2,18
"5673","Hindi",1,1998,0,"No",100,0,0,2,1,2,1,2,2,2,2,1,3,2,2,38
"5674","Hindi",1,1999,0,"No",100,0,0,2,1,3,2,2,2,2,2,1,2,1,2,35
"5675","Hindi",1,1989,0,"No",100,0,0,1,1,1,NA,1,1,2,3,3,1,4,1,81
"5676","Hindi",1,1998,0,"No",80,0,20,3,1,3,2,2,2,1,3,2,4,1,1,42
"5677","Hindi",1,2002,0,"No",100,0,0,2,1,2,1,2,1,3,2,2,2,1,2,20
"5678","Hindi",1,2003,0,"No",100,0,0,1,1,1,2,1,1,2,2,2,1,1,1,20
"5679","Hindi",1,2001,0,"Yes",100,0,0,2,1,4,2,2,2,2,2,1,2,1,2,25
"5680","Hindi",1,1970,0,"Yes",100,0,0,1,1,2,1,1,1,1,4,3,3,2,2,100
"5681","Hindi",1,1995,0,"No",100,0,0,1,1,1,1,1,1,2,2,1,4,1,2,25
"5682","Hindi",1,1995,0,"Yes",100,0,0,2,1,1,1,1,1,3,2,1,3,1,2,22
"5683","Hindi",1,2001,0,"No",100,0,0,1,1,1,1,1,1,1,2,1,3,1,1,30
"5684","Hindi",1,1998,0,"Yes",60,0,40,1,1,1,1,1,1,1,1,3,1,1,1,70
"5685","Hindi",1,1992,0,"No",100,0,0,2,1,2,1,2,1,2,2,2,2,1,2,40
"5686","Hindi",3,2001,0,"No",100,0,0,2,1,3,2,2,2,2,4,2,2,2,2,40
"5687","Hindi",1,2000,0,"No",100,0,0,2,1,4,2,2,2,1,2,1,2,1,2,38
"5688","Hindi",1,1980,0,"No",100,0,0,2,1,3,2,2,2,2,2,1,4,1,2,44
"5689","Hindi",1,1986,0,"No",100,0,0,1,1,1,1,1,3,1,1,4,4,1,1,20
"5690","Hindi",2,2004,0,"No",100,0,0,1,1,2,1,1,1,1,1,1,1,1,4,450
"5691","Hindi",2,1999,0,"No",100,0,0,2,1,1,1,1,1,4,1,1,3,1,2,12
"5692","Hindi",1,1969,0,"No",100,0,0,1,1,4,1,1,1,1,2,1,1,1,1,13
"5693","Hindi",1,1983,0,"No",100,0,0,2,1,1,1,3,1,4,1,3,3,1,2,8
"5694","Hindi",1,1993,0,"No",100,0,0,1,1,1,1,2,1,3,1,3,4,1,2,14
"5695","Hindi",1,1997,0,"No",100,0,0,2,1,2,2,1,2,2,2,1,3,2,3,30
"5696","Hindi",1,2007,0,"No",100,0,0,1,1,1,1,1,1,4,1,2,4,1,3,16
"5697","Hindi",1,2012,0,"No",100,0,0,1,1,1,1,3,1,4,1,3,3,1,2,12
"5698","Hindi",2,2010,0,"No",100,0,0,2,1,1,1,1,1,4,3,2,4,1,3,42
"5699","Hindi",1,2001,0,"No",100,0,0,2,1,3,2,2,2,2,2,1,2,1,4,41
"5700","Hindi",1,2006,0,"No",100,0,0,2,1,3,2,2,2,2,3,1,4,1,2,24
"5701","Hindi",1,2004,0,"No",100,0,0,2,1,3,2,2,2,2,3,1,4,1,2,39
"5702","Hindi",1,1988,0,"Yes",80,0,20,1,1,3,2,1,1,1,2,2,3,2,2,110
"5703","Hindi",1,2008,0,"No",100,0,0,1,1,1,1,1,1,1,1,1,1,1,1,80
"5704","Hindi",1,2006,0,"Yes",100,0,0,2,1,3,2,2,2,2,2,1,2,1,3,28
"5705","Hindi",1,2001,0,"No",100,0,0,2,1,3,2,2,2,2,4,2,4,2,2,25
"5706","Hindi",1,2008,0,"Yes",100,0,0,1,1,2,NA,1,2,NA,3,NA,1,1,1,40
"5707","Hindi",1,2001,0,"No",90,0,10,1,1,1,1,4,1,1,3,1,1,1,1,35
"5708","Hindi",1,1992,0,"No",100,0,0,2,1,2,1,2,1,2,2,2,2,1,2,38
"5709","Hindi",1,1999,0,"No",100,0,0,1,2,1,2,1,2,2,1,2,1,2,1,45
"5710","Hindi",1,2005,0,"No",100,0,0,1,1,1,1,3,1,3,4,3,3,1,2,9
"5711","Hindi",1,2005,0,"No",100,0,0,3,1,3,2,2,2,2,4,1,4,1,2,40
"5712","Hindi",1,2002,0,"Yes",100,0,0,2,1,3,2,2,2,1,4,2,4,2,1,28
"5713","Hindi",1,2003,0,"Yes",100,0,0,1,1,1,1,2,1,3,1,3,4,1,2,42
"5714","Hindi",1,1991,0,"Yes",100,0,0,1,1,1,3,2,1,1,2,1,1,1,1,24
"5715","Hindi",1,2000,0,"No",100,0,0,2,1,2,1,2,1,2,2,2,2,1,2,30
"5716","Hindi",1,2000,0,"No",100,0,0,2,1,2,1,2,1,2,2,2,2,1,4,35
"5717","Hindi",1,1999,0,"No",100,0,0,1,1,2,1,1,1,1,4,3,3,2,2,220
"5718","Hindi",1,1968,0,"Yes",100,0,0,1,1,2,1,1,1,1,2,3,4,2,1,8
"5719","Hindi",1,1998,0,"No",100,0,0,2,1,1,1,1,1,4,2,1,3,1,2,11
"5720","Hindi",1,1997,0,"No",100,0,0,2,1,2,2,1,2,2,2,1,3,2,3,30
"5721","Hindi",1,2010,0,"No",100,0,0,1,1,1,2,2,1,3,2,2,4,1,2,9
"5722","Hindi",1,2001,0,"No",100,0,0,1,1,2,1,1,1,1,3,2,3,2,2,20
"5723","Hindi",1,2001,0,"No",100,0,0,2,1,1,2,1,1,4,1,1,3,1,2,16
"5724","Hindi",1,2005,1,"No",100,0,0,1,1,2,1,1,1,1,2,1,2,1,2,20
"5725","Hindi",1,2005,0,"No",100,0,0,4,1,3,2,2,2,2,2,1,2,1,2,100
"5726","Hindi",1,2006,0,"No",90,10,0,2,1,1,2,1,1,2,1,1,3,1,2,23
"5727","Hindi",2,2008,0,"No",100,0,0,1,1,1,2,2,1,3,2,1,4,1,2,24
"5728","Hindi",1,2001,0,"Yes",80,0,20,1,1,1,1,1,1,1,3,1,1,1,1,50
"5729","Hindi",1,1978,0,"No",100,0,0,4,2,2,2,1,1,1,4,4,4,1,1,8
"5730","Hindi",1,1978,0,"No",100,0,0,4,3,1,2,1,1,1,3,4,3,3,1,190
"5731","Hindi",1,1999,1,"Yes",100,0,0,4,2,4,2,1,1,1,3,1,4,1,1,195
"5732","Hindi",2,1964,1,"Yes",65,0,35,2,2,4,4,1,1,1,2,2,2,1,1,8000
"5733","Hindi",1,1985,0,"No",100,0,0,4,4,2,2,4,1,1,3,1,1,1,1,195
"5734","Hindi",1,1965,0,"Yes",100,0,0,1,1,2,2,1,1,1,1,1,2,1,1,207
"5735","Hindi",4,2002,0,"Yes",100,0,0,3,1,3,1,2,2,2,3,1,4,1,3,12
"5736","Hindi",1,1996,1,"Yes",100,0,0,2,1,3,1,2,2,2,3,2,1,1,4,143
"5737","Hindi",1,2012,1,"Yes",100,0,0,4,4,2,2,1,2,3,4,4,4,2,1,60
"5738","Hindi",1,1989,0,"Yes",100,0,0,4,4,1,1,4,1,1,3,1,1,1,1,60
"5739","Hindi",1,1994,0,"Yes",100,0,0,4,4,3,2,2,2,2,2,1,1,1,2,225
"5740","Hindi",3,1997,0,"Yes",100,0,0,4,4,1,1,1,1,1,4,1,1,1,1,100
"5741","Hindi",1,2000,0,"No",100,0,0,3,3,1,1,1,1,1,1,1,4,1,1,150
"5742","Hindi",2,1999,0,"No",100,0,0,2,1,4,4,1,1,2,3,4,3,2,1,100
"5743","Hindi",1,1996,0,"No",100,0,0,1,2,1,1,1,1,1,1,1,3,1,1,60
"5744","Hindi",1,2001,0,"No",100,0,0,2,1,4,4,1,1,3,2,1,1,1,1,70
"5745","Hindi",2,2003,0,"Yes",100,0,0,4,2,1,1,1,1,1,4,4,4,4,1,150
"5746","Hindi",1,2004,0,"Yes",100,0,0,2,2,1,1,1,1,1,1,1,1,1,1,65
"5747","Hindi",2,2007,0,"Yes",100,0,0,4,2,4,3,1,1,1,1,1,4,3,3,130
"5748","Hindi",1,2004,0,"Yes",100,0,0,2,2,4,2,1,4,1,1,2,1,3,2,270
"5749","Hindi",1,2003,0,"Yes",100,0,0,2,2,2,2,1,1,2,4,3,1,1,2,350
"5750","Hindi",1,2003,0,"No",100,0,0,3,4,1,1,1,1,1,2,3,4,1,1,60
"5751","Hindi",1,2003,0,"Yes",100,0,0,2,4,2,1,1,1,1,2,2,4,4,1,90
"5752","Hindi",1,2002,0,"Yes",100,0,0,3,3,3,3,1,1,2,1,1,4,1,1,35
"5753","Hindi",2,2004,0,"Yes",100,0,0,1,2,1,1,1,1,1,3,1,1,1,3,350
"5754","Hindi",1,1996,0,"Yes",100,0,0,3,1,3,1,2,3,2,3,2,1,3,3,31
"5755","Hindi",1,2004,1,"Yes",100,0,0,3,1,2,1,2,2,2,3,1,2,1,4,21
"5756","Hindi",1,2004,0,"Yes",100,0,0,2,1,3,4,1,1,1,3,3,1,4,1,23
"5757","Hindi",2,1986,1,"Yes",100,0,0,2,1,3,4,1,1,4,1,4,1,1,1,250
"5758","Hindi",2,1986,1,"Yes",100,0,0,2,1,3,4,1,4,1,3,3,1,1,1,250
"5759","Hindi",1,2005,0,"Yes",100,0,0,2,2,1,1,1,1,4,1,3,4,1,1,300
"5760","Hindi",1,2005,0,"Yes",100,0,0,3,3,1,1,1,3,4,3,4,4,1,2,550
"5761","Hindi",1,2004,0,"Yes",95,0,5,3,2,3,3,1,2,1,2,3,4,1,1,150
"5762","Hindi",1,2004,0,"Yes",100,0,0,2,3,3,4,1,1,1,3,4,1,4,1,52
"5763","Hindi",1,2005,0,"Yes",100,0,0,3,1,2,2,1,2,1,1,2,1,1,1,97
"5764","Hindi",2,2010,0,"No",100,0,0,2,2,1,1,1,1,1,1,2,1,1,1,32
"5765","Hindi",1,2007,1,"Yes",80,0,20,4,3,2,1,1,2,2,2,3,4,1,1,500
"5766","Hindi",1,2007,0,"Yes",100,0,0,4,4,2,4,1,2,1,2,1,4,1,1,800
"5767","Hindi",1,2006,0,"Yes",100,0,0,3,2,1,1,3,2,3,3,2,1,1,4,200
"5768","Hindi",1,2005,0,"Yes",100,0,0,2,2,2,1,1,1,2,2,2,1,2,1,150
"5769","Hindi",1,2007,0,"Yes",100,0,0,1,2,1,1,1,1,1,1,3,4,1,1,200
"5770","Hindi",1,2011,0,"Yes",30,0,70,4,4,1,1,1,1,1,1,3,4,1,1,450
"5771","Hindi",1,2003,0,"Yes",100,0,0,2,2,4,4,2,1,1,1,4,4,1,1,258
"5772","Hindi",3,2004,0,"Yes",100,0,0,4,1,4,1,1,1,1,3,3,4,1,1,115
"5773","Hindi",1,2006,0,"No",100,0,0,2,4,4,4,1,1,1,3,1,1,1,1,50
"5774","Hindi",1,1984,0,"Yes",100,0,0,4,4,4,1,1,1,1,1,1,3,1,1,25
"5775","Hindi",1,1998,0,"No",100,0,0,2,1,1,2,1,1,1,1,1,1,1,1,50
"5776","Hindi",1,2002,0,"Yes",100,0,0,1,1,1,1,1,2,1,3,1,1,1,1,65
"5777","Hindi",1,1983,0,"No",100,0,0,1,2,1,1,1,1,1,2,1,4,1,1,60
"5778","Hindi",1,1971,0,"No",100,0,0,1,4,4,4,1,2,1,1,4,4,1,1,100
"5779","Hindi",1,1989,0,"No",100,0,0,2,2,1,1,1,1,1,3,1,4,1,1,7
"5780","Hindi",1,1996,0,"No",100,0,0,2,1,2,2,2,1,3,3,3,1,3,4,6
"5781","Hindi",1,1998,0,"Yes",100,0,0,2,1,4,2,1,2,2,3,1,2,1,3,11
"5782","Hindi",1,1995,0,"No",100,0,0,4,2,1,1,1,1,1,NA,NA,NA,NA,1,6
"5783","Hindi",1,2003,0,"Yes",100,0,0,4,1,2,1,2,2,2,2,1,1,1,1,140
"5784","Hindi",1,2005,0,"No",100,0,0,3,1,2,2,3,3,2,3,1,3,1,2,45
"5785","Hindi",1,1986,0,"No",100,0,0,3,1,1,NA,1,1,1,1,1,3,1,1,49
"5786","Hindi",1,1990,0,"Yes",100,0,0,2,1,2,2,2,2,2,2,1,3,1,2,55
"5787","Hindi",1,1983,0,"No",100,0,0,4,2,1,1,1,1,1,2,2,4,1,3,8
"5788","Hindi",1,1985,0,"No",100,0,0,2,2,1,2,1,1,1,1,1,1,1,1,5
"5789","Hindi",1,2003,0,"No",0,0,100,1,4,NA,1,1,1,1,1,2,4,1,2,165
"5790","Hindi",1,2007,0,"Yes",30,0,70,2,1,2,2,2,2,2,2,1,3,1,2,25
"5791","Hindi",1,2010,0,"No",100,0,0,3,2,1,1,1,1,1,1,1,1,1,1,6
"5792","Hindi",1,2000,0,"No",100,0,0,4,1,1,1,1,1,1,3,3,4,4,1,80
"5793","Hindi",1,2004,0,"No",100,0,0,1,2,1,2,1,1,1,1,1,3,1,1,8
"5794","Hindi",1,1956,0,"No",100,0,0,2,2,1,1,1,1,1,2,1,4,1,1,40
"5795","Hindi",1,1989,0,"No",100,0,0,4,2,2,1,1,1,1,4,4,1,3,1,10
"5796","Hindi",1,2005,0,"Yes",100,0,0,2,1,2,3,3,2,1,2,1,4,2,1,90
"5797","Hindi",1,1994,0,"No",100,0,0,1,1,2,1,1,1,1,2,3,1,1,1,50
"5798","Hindi",1,1998,0,"Yes",100,0,0,3,1,1,1,1,1,1,1,4,4,1,1,10
"5799","Hindi",1,1999,1,"No",100,0,0,2,2,2,1,2,2,2,4,2,1,2,2,55
"5800","Hindi",1,1995,0,"No",100,0,0,2,3,2,2,1,1,1,2,3,2,1,1,13
"5801","Hindi",7,1996,0,"Yes",100,0,0,1,1,4,4,4,1,1,4,1,1,1,1,150
"5802","Hindi",1,1999,0,"Yes",100,0,0,3,1,3,2,1,1,1,1,4,4,1,1,60
"5803","Hindi",1,2000,1,"Yes",100,0,0,3,3,1,1,1,1,1,1,1,1,1,1,105
"5804","Hindi",1,2003,0,"No",100,0,0,3,2,3,2,1,1,1,1,1,4,1,1,40
"5805","Hindi",3,2004,0,"Yes",100,0,0,3,3,2,1,2,1,1,1,4,3,1,1,95
"5806","Hindi",1,1988,0,"Yes",100,0,0,1,1,1,1,1,1,1,2,1,4,1,1,10
"5807","Hindi",1,1994,1,"Yes",60,0,40,2,1,1,1,1,1,1,4,2,4,3,1,50
"5808","Hindi",4,2000,0,"No",100,0,0,4,1,1,1,1,1,1,1,1,1,1,1,17
"5809","Hindi",1,2000,0,"No",100,0,0,2,3,2,1,2,2,2,3,3,2,2,4,10
"5810","Hindi",1,2012,0,"No",100,0,0,4,2,1,1,1,2,1,1,2,2,1,1,100
"5811","Hindi",1,2008,0,"Yes",100,0,0,3,2,1,1,1,1,1,1,1,2,1,1,15
"5812","Hindi",1,2007,0,"Yes",100,0,0,2,2,1,4,1,1,1,1,1,2,1,1,17
"5813","Hindi",1,2006,0,"Yes",100,0,0,1,3,1,4,1,1,1,4,1,1,1,1,20
"5814","Hindi",1,1960,0,"No",100,0,0,1,2,1,1,1,1,2,2,2,3,2,1,29
"5815","Hindi",4,2000,0,"Yes",100,0,0,1,2,2,2,1,2,1,1,1,4,1,1,8
"5816","Hindi",1,2007,1,"No",100,0,0,3,2,1,1,1,1,1,1,1,1,1,1,35
"5817","Hindi",1,1994,0,"Yes",100,0,0,2,1,2,2,2,2,4,3,1,3,1,2,48
"5818","Hindi",1,1970,1,"No",100,0,0,4,2,4,2,1,1,1,3,1,4,3,4,15
"5819","Hindi",1,1996,0,"No",100,0,0,4,1,3,2,1,1,1,1,1,1,1,1,8
"5820","Hindi",1,1960,0,"No",100,0,0,4,2,1,1,1,1,1,1,4,1,4,1,40
"5821","Hindi",1,1947,0,"No",100,0,0,3,1,2,3,1,1,1,1,1,1,1,4,10
"5822","Hindi",1,1962,0,"Yes",100,0,0,4,1,3,2,3,1,4,2,2,4,1,2,25
"5823","Hindi",1,1990,0,"Yes",100,0,0,2,1,2,1,3,2,4,3,1,3,1,2,82
"5824","Hindi",1,2003,1,"Yes",100,0,0,1,1,1,2,1,1,1,3,4,3,1,1,16
"5825","Hindi",1,1985,0,"No",100,0,0,1,1,2,2,1,1,1,1,2,3,1,1,12
"5826","Hindi",2,1988,0,"No",100,0,0,4,1,1,1,1,1,1,2,3,4,3,1,19
"5827","Hindi",1,1979,0,"No",100,0,0,4,3,1,1,1,1,1,1,3,3,1,1,13
"5828","Hindi",1,1988,1,"Yes",100,0,0,1,1,1,1,3,2,2,4,4,4,1,1,33
"5829","Hindi",1,1989,0,"No",100,0,0,1,1,1,1,1,1,1,2,4,1,3,1,10
"5830","Hindi",1,1976,0,"No",100,0,0,1,3,2,1,1,1,2,1,1,3,1,1,35
"5831","Hindi",1,1996,0,"No",100,0,0,1,1,1,1,1,1,1,1,1,1,1,1,7
"5832","Hindi",1,1986,1,"No",100,0,0,2,1,1,1,1,1,1,1,1,4,1,1,11
"5833","Hindi",1,1994,0,"No",100,0,0,4,4,1,1,2,1,1,2,2,4,1,1,100
"5834","Hindi",1,2004,0,"Yes",100,0,0,4,1,2,1,3,3,2,1,1,4,1,3,100
"5835","Hindi",1,2004,0,"Yes",100,0,0,2,2,1,1,1,2,2,1,1,2,1,1,13
"5836","Hindi",1,2004,0,"No",100,0,0,4,2,4,1,1,1,1,1,3,3,1,1,65
"5837","Hindi",1,1999,0,"Yes",100,0,0,4,2,2,4,1,1,1,2,1,1,1,1,50
"5838","Hindi",1,1997,0,"Yes",100,0,0,2,1,3,3,1,2,1,2,2,4,2,1,10
"5839","Hindi",1,1995,0,"No",100,0,0,3,4,1,4,1,1,1,1,4,1,1,1,16
"5840","Hindi",1,2005,0,"No",100,0,0,4,1,1,1,1,1,1,4,4,4,1,1,20
"5841","Hindi",1,2004,0,"Yes",100,0,0,2,3,4,4,1,1,1,2,2,1,1,1,30
"5842","Hindi",2,2005,0,"Yes",100,0,0,2,2,3,4,1,1,1,1,2,1,1,1,100
"5843","Hindi",1,2004,0,"Yes",100,0,0,1,1,1,1,1,1,1,1,1,4,1,1,45
"5844","Hindi",1,1990,0,"No",100,0,0,1,1,1,1,1,1,1,1,1,1,1,1,30
"5845","Hindi",1,2005,0,"No",100,0,0,2,1,1,1,1,1,1,2,1,1,1,1,200
"5846","Hindi",1,1992,0,"Yes",100,0,0,2,1,2,1,3,3,3,3,1,4,1,2,65
"5847","Hindi",1,1997,0,"No",100,0,0,1,2,1,1,1,1,1,2,2,3,1,1,7
"5848","Hindi",1,2000,0,"No",100,0,0,3,2,3,2,1,1,1,1,1,1,1,2,6
"5849","Hindi",1,2006,0,"No",100,0,0,2,3,2,4,1,2,1,2,2,4,1,2,15
"5850","Hindi",1,2006,0,"Yes",100,0,0,3,3,1,1,1,1,1,1,1,3,1,1,130
"5851","Hindi",1,2005,0,"No",100,0,0,2,3,2,4,2,2,2,2,2,4,1,2,135
"5852","Hindi",1,1990,0,"Yes",100,0,0,2,1,2,2,3,3,2,3,1,3,1,2,145
"5853","Hindi",1,2006,0,"No",100,0,0,2,2,1,2,1,1,1,2,2,1,1,1,15
"5854","Hindi",4,2007,0,"No",100,0,0,1,1,1,1,1,1,1,1,1,1,1,1,15
"5855","Hindi",1,2006,0,"No",100,0,0,4,2,3,1,1,1,2,2,1,4,1,3,25
"5856","Hindi",1,1951,0,"No",100,0,0,1,3,1,1,1,1,1,1,3,1,3,1,6
"5857","Hindi",1,2007,0,"Yes",100,0,0,4,4,4,4,2,1,2,4,4,1,1,1,41
"5858","Hindi",2,2007,0,"No",100,0,0,4,2,2,2,1,1,1,1,3,1,4,1,20
"5859","Hindi",1,2008,0,"No",100,0,0,2,1,1,1,4,1,1,4,3,1,1,1,15
"5860","Hindi",1,2005,0,"Yes",80,0,20,2,2,4,4,1,1,2,1,1,2,1,1,140
"5861","Hindi",1,2005,0,"No",100,0,0,1,4,4,1,1,1,1,2,3,2,1,1,130
"5862","Hindi",1,2005,1,"No",100,0,0,1,1,4,2,1,1,3,4,1,3,2,1,14
"5863","Hindi",3,2008,0,"No",100,0,0,4,2,1,1,3,1,1,1,1,4,1,1,25
"5864","Hindi",1,2007,0,"Yes",100,0,0,4,4,1,1,1,1,1,1,1,2,1,1,15
"5865","Hindi",1,2007,0,"No",100,0,0,1,4,1,4,1,1,1,1,1,2,1,1,8
"5866","Hindi",1,1997,0,"Yes",100,0,0,2,4,1,1,4,2,1,4,1,4,1,1,19
"5867","Hindi",1,1980,1,"No",90,0,10,3,2,3,2,2,2,4,2,1,2,1,2,30
"5868","Hindi",1,1983,1,"No",100,0,0,3,4,3,2,1,2,1,1,1,4,1,1,21
"5869","Hindi",1,1979,0,"No",100,0,0,4,2,1,1,1,1,1,2,3,1,1,1,14
"5870","Hindi",1,2002,1,"No",100,0,0,3,2,3,2,1,1,1,3,1,1,4,3,7
"5871","Hindi",1,1997,0,"No",100,0,0,4,1,2,4,1,2,1,2,1,1,1,1,50
"5872","Hindi",1,2003,0,"No",100,0,0,4,2,4,2,1,1,1,1,2,4,1,1,40
"5873","Hindi",1,2003,0,"No",100,0,0,4,2,1,1,1,1,1,2,1,1,1,1,85
"5874","Hindi",1,2006,0,"No",100,0,0,1,2,3,2,1,1,1,1,1,1,1,1,7
"5875","Hindi",1,1971,0,"No",0,0,100,2,2,1,1,1,1,1,1,4,4,1,1,40
"5876","Hindi",1,1995,0,"No",100,0,0,2,1,2,2,2,2,4,2,2,4,2,2,50
"5877","Hindi",1,1979,0,"No",100,0,0,4,3,1,1,1,1,1,1,3,3,1,1,13
"5878","Hindi",1,1957,1,"No",100,0,0,4,2,1,1,1,1,1,3,2,4,3,1,15
"5879","Hindi",1,1945,0,"No",100,0,0,4,2,2,2,3,1,1,2,3,4,2,1,50
"5880","Hindi",1,1961,0,"No",100,0,0,2,2,2,2,1,1,1,1,1,4,1,1,25
"5881","Hindi",1,2002,0,"No",100,0,0,3,1,2,2,1,1,2,2,1,1,2,1,8
"5882","Hindi",1,2003,0,"No",100,0,0,4,2,3,2,1,2,3,3,4,1,4,1,8
"5883","Hindi",1,2005,0,"Yes",100,0,0,4,2,3,1,2,1,2,3,3,4,1,1,30
"5884","Hindi",1,2005,0,"Yes",100,0,0,2,2,2,1,1,2,1,1,1,4,1,1,30
"5885","Hindi",1,1985,0,"Yes",100,0,0,2,2,2,2,2,3,2,3,1,4,1,2,180
"5886","Hindi",1,2009,0,"No",100,0,0,1,1,1,1,1,1,3,1,3,3,1,1,15
"5887","Hindi",1,2000,0,"No",100,0,0,4,1,4,1,3,2,2,4,4,1,1,3,22
"5888","Hindi",1,2002,0,"No",100,0,0,2,1,2,4,1,1,1,2,2,1,1,3,10
"5889","Hindi",2,2007,0,"Yes",100,0,0,1,2,3,4,1,1,1,1,2,2,1,1,250
"5890","Hindi",1,2011,0,"Yes",100,0,0,1,1,2,2,2,2,1,1,4,2,3,1,25
"5891","Hindi",1,2009,0,"Yes",100,0,0,2,1,1,1,1,1,3,4,2,4,2,2,7
"5892","Hindi",1,2007,0,"Yes",100,0,0,3,2,4,4,1,1,1,2,3,4,2,1,25
"5893","Hindi",1,2007,0,"No",100,0,0,3,2,4,3,1,1,1,1,3,1,1,3,60
"5894","Hindi",1,2001,0,"No",100,0,0,3,2,3,2,1,1,4,1,1,1,3,1,8
"5895","Hindi",1,2004,0,"No",100,0,0,4,1,2,4,1,1,1,1,2,4,1,1,10
"5896","Hindi",1,2000,0,"No",100,0,0,3,3,2,1,1,1,1,1,1,3,1,2,12
"5897","Hindi",1,2008,1,"Yes",100,0,0,2,2,4,2,2,2,2,1,2,4,1,3,48
"5898","Hindi",1,2007,0,"Yes",100,0,0,3,1,1,1,1,1,1,1,3,4,1,1,100
"5899","Hindi",1,2008,0,"Yes",100,0,0,2,2,1,4,1,1,3,1,1,4,1,1,6
"5900","Hindi",1,2009,0,"Yes",100,0,0,2,1,1,1,1,1,1,1,1,4,1,1,50
"5901","Hindi",1,2011,0,"Yes",100,0,0,2,2,4,1,1,1,1,3,2,3,4,1,30
"5902","Hindi",1,2006,0,"No",100,0,0,1,1,1,1,1,1,1,4,3,1,3,1,10
"5903","Hindi",1,2008,0,"No",100,0,0,1,1,1,1,1,1,1,2,1,1,2,1,80
"5904","Hindi",1,2009,0,"Yes",100,0,0,2,2,2,2,1,1,1,4,3,1,1,1,25
"5905","Hindi",1,1995,0,"No",100,0,0,2,1,2,2,1,1,1,2,2,1,1,1,8
"5906","Hindi",1,1987,0,"Yes",100,0,0,2,2,2,2,1,1,1,2,2,4,2,2,7
"5907","Hindi",1,1930,0,"Yes",0,0,100,2,1,2,2,2,2,2,3,1,4,1,2,120
"5908","Hindi",2,1990,0,"No",100,0,0,2,2,3,3,2,2,1,4,1,4,1,1,60
"5909","Hindi",1,2011,0,"No",100,0,0,2,4,4,2,1,1,4,4,1,1,1,2,38
"5910","Hindi",1,2007,0,"Yes",100,0,0,4,1,2,1,1,1,1,1,1,1,1,1,100
"5911","Hindi",2,2013,1,"No",100,0,0,4,4,1,1,1,1,1,1,1,4,1,1,25
"5912","Hindi",1,2011,0,"Yes",100,0,0,4,4,2,4,2,1,1,2,1,1,1,1,500
"5913","Hindi",1,2011,0,"No",100,0,0,1,1,4,4,1,1,2,2,3,2,1,2,35
"5914","Hindi",1,2011,0,"Yes",100,0,0,4,2,4,2,2,2,2,4,1,2,1,4,25
"5915","Hindi",2,2011,0,"No",100,0,0,4,2,2,2,1,1,2,2,2,1,1,1,28
"5916","Hindi",1,2010,0,"No",100,0,0,4,2,4,4,1,1,1,1,1,1,1,1,10
"5917","Hindi",1,2009,0,"Yes",100,0,0,1,1,1,1,1,1,1,1,3,1,1,1,10
"5918","Hindi",1,2002,0,"No",100,0,0,1,1,1,1,1,1,1,3,4,4,1,3,7
"5919","Hindi",1,1984,0,"No",100,0,0,4,2,3,2,1,1,1,3,4,1,4,1,8
"5920","Hindi",2,2004,0,"Yes",100,0,0,2,2,1,1,1,1,1,3,1,1,1,1,150
"5921","Hindi",1,2009,0,"No",100,0,0,3,2,1,1,1,1,1,2,1,3,1,1,12
"5922","Hindi",1,2008,0,"No",100,0,0,1,4,4,4,1,1,2,1,1,4,1,1,14
"5923","Hindi",1,2011,0,"No",100,0,0,3,2,3,2,1,1,1,2,1,1,1,2,18
"5924","Hindi",2,2010,0,"No",100,0,0,4,2,1,1,4,1,1,4,1,1,1,1,80
"5925","Hindi",1,2004,0,"Yes",100,0,0,1,1,1,4,1,1,1,1,3,4,1,1,42
"5926","Hindi",1,2010,0,"Yes",100,0,0,1,1,4,3,1,1,1,1,1,2,1,1,200
"5927","Hindi",1,2010,0,"No",100,0,0,1,4,4,4,1,1,1,3,4,1,1,3,6
"5928","Hindi",1,2007,0,"Yes",100,0,0,3,2,3,2,1,1,1,2,1,4,3,1,10
"5929","Hindi",1,1977,0,"Yes",100,0,0,2,2,2,1,4,2,1,1,1,1,1,1,1500
"5930","Hindi",2,1985,0,"Yes",60,0,40,1,1,1,1,3,1,1,2,3,4,1,4,1400
"5931","Hindi",1,1965,1,"Yes",60,0,40,2,1,3,2,2,3,1,3,1,1,1,2,500
"5932","Hindi",1,1997,0,"No",100,0,0,3,1,1,1,2,1,2,4,1,2,1,3,50
"5933","Hindi",1,2005,0,"No",100,0,0,4,4,2,4,2,3,3,4,2,1,3,1,220
"5934","Hindi",3,2005,1,"Yes",20,0,80,2,1,4,3,2,2,3,4,2,4,3,3,700
"5935","Hindi",1,2006,0,"Yes",100,0,0,2,2,4,4,2,3,3,4,1,1,2,3,500
"5936","Hindi",2,2000,1,"Yes",70,0,30,2,3,3,2,3,2,1,3,2,1,1,1,24
"5937","Hindi",2,1998,0,"Yes",80,0,20,2,2,3,2,2,2,3,4,3,4,2,2,325
"5938","Hindi",1,2004,0,"Yes",95,0,5,2,2,4,2,3,2,1,4,4,2,1,3,200
"5939","Hindi",1,2005,0,"Yes",100,0,0,4,2,4,3,1,1,3,4,2,1,3,4,100
"5940","Hindi",1,2006,1,"Yes",100,0,0,3,2,4,2,2,2,2,4,3,1,2,3,300
"5941","Hindi",1,2006,1,"Yes",80,0,20,2,2,3,2,3,3,3,3,2,4,3,2,135
"5942","Hindi",1,2007,1,"Yes",95,0,5,2,3,2,1,4,3,4,3,1,1,2,2,83
"5943","Hindi",2,2003,0,"Yes",100,0,0,2,2,4,2,1,2,2,4,2,2,1,4,150
"5944","Hindi",3,2006,1,"Yes",100,0,0,4,4,4,2,4,2,1,4,4,2,1,3,600
"5945","Hindi",1,2005,0,"No",100,0,0,4,2,2,3,3,1,4,1,3,1,3,1,600
"5946","Hindi",1,2005,1,"Yes",100,0,0,3,2,4,2,2,2,3,4,2,3,1,2,200
"5947","Hindi",1,2005,0,"No",100,0,0,2,2,4,3,2,2,1,2,3,4,3,3,130
"5948","Hindi",1,2005,0,"Yes",90,10,0,2,2,1,4,2,2,2,4,3,1,3,1,280
"5949","Hindi",1,2005,1,"Yes",100,0,0,2,2,4,1,3,2,4,4,2,1,2,2,163
"5950","Hindi",1,2006,0,"Yes",90,0,10,2,2,4,3,3,2,3,2,1,1,1,4,200
"5951","Hindi",1,2005,0,"Yes",100,0,0,2,1,1,3,2,2,3,4,2,1,3,3,100
"5952","Hindi",1,2010,0,"Yes",100,0,0,4,2,4,4,1,3,3,1,3,1,3,4,300
"5953","Hindi",1,1983,0,"Yes",100,0,0,4,1,1,2,2,2,1,4,4,1,4,1,250
"5954","Hindi",1,1992,0,"Yes",100,0,0,1,1,2,1,1,1,1,3,4,1,2,3,140
"5955","Hindi",4,2000,1,"Yes",100,0,0,2,2,4,2,3,2,2,4,1,2,3,3,23
"5956","Hindi",4,2000,1,"Yes",100,0,0,2,2,4,2,3,2,3,4,4,2,2,3,190
"5957","Hindi",5,2010,0,"Yes",100,0,0,2,2,1,3,2,2,2,4,2,4,2,3,100
"5958","Hindi",5,2005,1,"Yes",90,0,10,1,1,2,3,2,2,3,4,2,1,1,4,500
"5959","Hindi",2,2007,0,"Yes",100,0,0,4,2,1,2,4,1,1,4,3,1,2,4,500
"5960","Hindi",3,2002,1,"Yes",100,0,0,3,2,2,2,4,2,2,4,1,1,2,3,200
"5961","Hindi",1,2007,0,"Yes",100,0,0,4,2,4,2,4,2,1,4,2,1,2,3,150
"5962","Hindi",2,2005,1,"Yes",90,0,10,4,4,4,4,4,2,1,1,2,1,2,4,130
"5963","Hindi",1,2005,1,"Yes",100,0,0,4,4,4,4,4,2,2,1,2,1,1,3,200
"5964","Hindi",3,2007,0,"Yes",100,0,0,3,2,2,4,1,1,1,3,2,3,2,1,550
"5965","Hindi",1,2007,0,"Yes",90,0,10,2,2,3,1,2,2,1,4,2,3,2,3,38
"5966","Hindi",5,2005,0,"Yes",100,0,0,2,2,3,2,2,2,1,3,2,2,2,3,120
"5967","Hindi",5,1986,0,"Yes",100,0,0,2,2,4,2,3,2,2,3,2,3,1,3,190
"5968","Hindi",3,2006,0,"Yes",100,0,0,2,2,1,3,2,2,2,4,2,1,3,3,200
"5969","Hindi",3,2006,0,"Yes",75,0,25,2,2,1,1,2,2,3,4,1,1,1,3,500
"5970","Hindi",1,2007,0,"No",100,0,0,4,4,4,3,4,3,3,1,3,1,2,4,70
"5971","Hindi",2,2012,0,"Yes",100,0,0,4,4,3,2,1,2,2,4,1,1,2,2,55
"5972","Hindi",3,2004,0,"Yes",100,0,0,3,1,3,1,2,2,2,4,3,3,1,3,600
"5973","Hindi",1,2005,0,"Yes",100,0,0,2,2,1,1,2,2,2,4,2,4,3,3,85
"5974","Hindi",2,2007,0,"No",100,0,0,2,2,2,2,2,NA,1,4,2,1,3,3,290
"5975","Hindi",1,2009,0,"Yes",100,0,0,2,2,1,NA,2,2,3,4,1,1,1,3,153
"5976","Hindi",2,2008,0,"No",100,0,0,2,2,3,1,2,2,2,4,3,4,1,2,200
"5977","Hindi",3,2005,0,"Yes",100,0,0,2,2,4,2,3,2,3,2,2,2,1,1,150
"5978","Hindi",3,2005,0,"Yes",100,0,0,2,2,2,2,3,2,3,2,2,2,1,4,250
"5979","Hindi",2,2007,0,"No",100,0,0,2,1,4,2,3,2,NA,3,4,1,1,4,120
"5980","Hindi",10,2009,0,"Yes",50,0,50,2,2,2,3,3,3,3,3,2,3,2,4,700
"5981","Hindi",1,2007,0,"Yes",100,0,0,2,4,2,4,2,2,4,2,4,2,3,4,119
"5982","Hindi",1,2005,1,"No",100,0,0,1,1,3,1,3,3,3,1,3,1,3,4,120
"5983","Hindi",2,2006,1,"Yes",100,0,0,3,4,4,2,3,3,2,3,3,1,2,3,100
"5984","Hindi",1,2006,0,"Yes",100,0,0,3,2,4,2,3,3,2,3,3,4,1,4,250
"5985","Hindi",2,2007,0,"Yes",100,0,0,4,2,1,4,4,1,2,4,2,1,3,2,250
"5986","Hindi",1,2008,0,"Yes",100,0,0,4,2,2,4,1,3,4,4,3,1,1,3,200
"5987","Hindi",2,2007,0,"Yes",80,0,20,2,2,3,2,2,2,2,4,2,3,1,3,199
"5988","Hindi",1,1981,0,"No",100,0,0,4,2,3,2,1,1,1,1,3,1,3,3,800
"5989","Hindi",1,2004,0,"Yes",95,0,5,2,2,4,3,2,2,3,3,2,3,2,3,180
"5990","Hindi",4,2000,1,"Yes",99,0,1,2,2,4,2,4,2,3,4,2,3,1,1,120
"5991","Hindi",1,1981,0,"Yes",95,0,5,4,2,3,3,2,2,2,1,2,1,2,4,800
"5992","Hindi",3,2007,0,"Yes",100,0,0,2,2,4,3,2,2,3,3,2,3,1,3,275
"5993","Hindi",2,1976,1,"Yes",96,0,4,1,1,3,2,1,1,1,4,1,2,1,1,228
"5994","Hindi",1,2007,0,"Yes",100,0,0,2,2,2,2,2,2,2,4,4,1,3,3,200
"5995","Hindi",1,2006,0,"Yes",100,0,0,2,2,3,1,4,2,1,4,3,4,2,2,95
"5996","Hindi",3,2005,0,"Yes",100,0,0,2,2,3,2,2,2,2,1,3,1,2,4,100
"5997","Hindi",1,1986,0,"No",100,0,0,4,2,1,3,2,2,2,4,3,1,3,4,110
"5998","Hindi",1,2008,0,"No",100,0,0,1,4,4,4,2,2,2,4,2,1,3,4,37
"5999","Hindi",1,1978,0,"No",100,0,0,2,2,3,3,3,2,3,3,1,4,1,3,9
"6000","Hindi",1,2003,0,"No",100,0,0,4,3,2,1,2,3,1,2,2,2,1,NA,17
"6001","Hindi",4,2007,0,"No",100,0,0,1,1,1,1,2,1,2,4,3,1,2,1,45
"6002","Hindi",2,1998,0,"Yes",80,0,20,4,2,3,2,2,2,3,4,3,4,2,2,250
"6003","Hindi",1,2005,0,"No",100,0,0,4,2,3,4,1,1,1,4,3,1,3,4,85
"6004","Hindi",5,2006,1,"Yes",89,0,11,4,2,2,2,2,3,2,4,3,1,2,3,260
"6005","Hindi",1,2006,0,"Yes",100,0,0,4,2,3,4,3,3,4,1,2,1,1,3,60
"6006","Hindi",1,2006,0,"Yes",40,0,60,4,2,1,2,3,2,3,4,3,1,3,3,90
"6007","Hindi",1,2005,0,"No",100,0,0,3,2,2,NA,2,NA,NA,1,3,2,3,3,45
"6008","Hindi",1,2000,0,"Yes",100,0,0,2,4,4,NA,4,3,4,4,3,3,2,4,40
"6009","Hindi",1,1998,0,"No",100,0,0,4,2,1,NA,1,1,1,4,2,3,1,1,20
"6010","Hindi",1,1979,1,"No",100,0,0,1,1,1,3,4,1,2,4,1,1,1,1,15
"6011","Hindi",1,2003,0,"Yes",99,0,1,4,2,4,4,2,2,1,1,3,1,3,3,25
"6012","Hindi",1,2004,0,"No",100,0,0,1,2,3,4,2,1,2,1,3,1,3,2,13
"6013","Hindi",3,2005,0,"Yes",100,0,0,4,3,4,4,4,4,1,4,2,1,2,4,175
"6014","Hindi",2,2005,0,"Yes",70,0,30,2,2,2,1,2,2,4,4,2,3,2,4,150
"6015","Hindi",1,2006,0,"No",100,0,0,2,2,4,2,4,2,1,2,2,3,2,2,40
"6016","Hindi",1,2002,0,"Yes",100,0,0,4,4,4,4,3,4,1,1,3,1,3,4,80
"6017","Hindi",1,2000,0,"No",100,0,0,3,2,2,2,1,2,4,3,4,3,2,2,17
"6018","Hindi",1,2004,0,"Yes",100,0,0,4,2,4,2,2,2,4,4,3,1,2,4,80
"6019","Hindi",1,2004,1,"Yes",100,0,0,4,2,4,3,4,2,2,1,2,1,1,2,55
"6020","Hindi",1,2005,0,"No",100,0,0,2,2,3,2,2,2,1,4,2,1,3,2,10
"6021","Hindi",1,2003,0,"No",100,0,0,4,2,3,4,4,2,1,1,3,1,3,3,35
"6022","Hindi",1,2013,1,"Yes",100,0,0,4,2,3,2,4,3,3,3,1,2,1,3,8
"6023","Hindi",1,2004,0,"No",100,0,0,2,4,4,2,3,2,4,2,3,3,1,3,90
"6024","Hindi",1,2006,0,"No",100,0,0,1,2,1,2,3,2,1,1,1,2,1,1,18
"6025","Hindi",1,2005,0,"Yes",100,0,0,2,2,3,1,3,3,2,3,2,1,2,3,60
"6026","Hindi",1,2003,0,"Yes",100,0,0,2,2,1,3,4,2,1,2,1,2,1,4,40
"6027","Hindi",1,2006,0,"Yes",100,0,0,4,4,4,NA,2,2,2,4,1,1,2,3,130
"6028","Hindi",1,2005,0,"No",100,0,0,1,2,1,1,1,2,1,1,1,1,1,2,25
"6029","Hindi",1,2004,0,"Yes",100,0,0,4,2,3,4,3,1,4,4,2,1,3,4,200
"6030","Hindi",1,2006,0,"Yes",100,0,0,3,2,2,1,2,2,2,4,2,3,1,1,120
"6031","Hindi",1,2003,0,"Yes",100,0,0,4,2,4,3,3,3,1,4,3,1,3,3,12
"6032","Hindi",5,2008,0,"Yes",100,0,0,2,2,1,3,3,3,3,4,3,1,3,3,300
"6033","Hindi",1,2003,0,"No",100,0,0,4,2,2,1,1,1,4,4,2,4,2,2,40
"6034","Hindi",2,2004,1,"Yes",90,0,10,1,2,2,1,4,2,2,3,2,1,2,4,210
"6035","Hindi",1,1979,0,"Yes",100,0,0,3,2,1,2,2,3,3,4,3,1,3,4,25
"6036","Hindi",1,2002,1,"Yes",70,0,30,4,4,4,4,3,1,3,1,3,1,2,3,400
"6037","Hindi",1,2001,0,"No",100,0,0,2,2,1,NA,4,2,1,2,2,4,2,2,14
"6038","Hindi",2,2010,0,"Yes",95,0,5,4,2,3,2,1,2,4,4,1,2,1,4,240
"6039","Hindi",1,2005,0,"Yes",100,0,0,2,3,1,1,1,1,1,1,1,1,1,1,50
"6040","Hindi",3,2001,0,"Yes",100,0,0,2,2,3,3,3,1,2,2,1,1,1,3,100
"6041","Hindi",1,2011,0,"Yes",100,0,0,2,2,1,3,1,1,3,2,3,4,2,2,5
"6042","Hindi",1,2010,0,"Yes",100,0,0,1,2,2,2,1,1,1,2,3,4,3,2,40
"6043","Hindi",1,2005,0,"Yes",100,0,0,2,2,3,2,2,2,2,4,2,2,1,3,18
"6044","Hindi",1,2005,0,"Yes",100,0,0,3,1,4,3,2,2,2,3,2,3,1,3,20
"6045","Hindi",1,2005,0,"No",100,0,0,3,1,2,2,1,1,1,4,2,3,1,3,35
"6046","Hindi",5,2000,0,"Yes",100,0,0,2,2,1,3,2,2,3,4,2,4,2,4,60
"6047","Hindi",1,1985,0,"No",100,0,0,2,1,2,1,2,2,2,3,1,2,1,3,10
"6048","Hindi",1,2005,0,"No",100,0,0,2,1,2,2,3,1,2,3,2,4,1,3,21
"6049","Hindi",1,2007,0,"Yes",100,0,0,3,3,4,2,2,2,1,4,1,3,1,3,50
"6050","Hindi",1,1994,0,"No",100,0,0,2,2,2,2,3,2,2,4,2,4,2,2,7
"6051","Hindi",1,2008,0,"No",100,0,0,2,2,4,2,2,2,3,4,2,4,2,2,50
"6052","Hindi",3,2006,0,"Yes",100,0,0,4,2,3,2,3,2,2,4,2,1,2,4,70
"6053","Hindi",1,2008,0,"No",100,0,0,2,2,4,3,2,2,2,3,2,2,1,3,25
"6054","Hindi",1,2011,0,"No",100,0,0,1,2,4,2,3,1,2,1,2,1,1,2,11
"6055","Hindi",1,2007,0,"No",100,0,0,4,3,4,3,4,3,1,1,2,1,2,2,96
"6056","Hindi",2,2008,0,"Yes",100,0,0,4,3,4,2,4,3,4,3,2,4,1,3,120
"6057","Hindi",1,2006,0,"Yes",100,0,0,4,1,1,1,1,1,1,4,3,3,3,3,20
"6058","Hindi",1,2006,0,"No",100,0,0,3,2,2,4,4,4,1,4,2,1,3,4,20
"6059","Hindi",1,2012,0,"Yes",100,0,0,2,2,3,2,2,2,2,2,3,4,1,3,15
"6060","Hindi",1,2009,0,"Yes",92,0,8,4,3,4,4,2,1,1,4,3,1,3,3,48
"6061","Hindi",1,2007,0,"Yes",100,0,0,2,1,3,2,1,1,1,1,1,1,3,1,35
"6062","Hindi",1,2008,0,"No",100,0,0,3,2,4,NA,1,3,1,4,3,3,2,2,20
"6063","Hindi",2,2004,0,"Yes",100,0,0,2,2,2,2,2,2,3,4,2,1,3,4,130
"6064","Hindi",1,1989,1,"Yes",100,0,0,2,2,2,3,2,2,1,4,4,1,3,4,120
"6065","Hindi",1,2000,0,"Yes",100,0,0,2,1,2,1,3,1,1,1,1,2,1,1,60
"6066","Hindi",1,2006,0,"Yes",100,0,0,1,3,2,NA,1,NA,NA,3,3,3,NA,1,216
"6067","Hindi",1,2003,0,"Yes",100,0,0,4,2,2,2,2,1,2,2,2,2,1,1,14
"6068","Hindi",1,1996,0,"Yes",100,0,0,4,2,4,4,4,3,3,4,2,1,1,3,20
"6069","Hindi",1,2005,0,"Yes",100,0,0,4,2,3,2,2,2,3,2,3,4,2,4,200
"6070","Hindi",1,2006,0,"Yes",100,0,0,1,1,2,2,3,2,3,1,3,4,1,3,8
"6071","Hindi",1,2006,0,"Yes",100,0,0,4,2,4,4,3,3,2,1,3,1,4,2,20
"6072","Hindi",1,2004,0,"Yes",100,0,0,2,2,2,2,1,3,3,4,1,2,3,NA,200
"6073","Hindi",3,2002,1,"Yes",100,0,0,3,2,2,1,2,2,3,4,1,1,1,4,400
"6074","Hindi",3,1997,0,"Yes",100,0,0,2,2,2,3,3,2,3,4,3,1,3,3,100
"6075","Hindi",2,2004,0,"Yes",100,0,0,2,2,4,2,4,2,3,2,1,3,1,3,300
"6076","Hindi",1,2004,0,"No",100,0,0,2,2,4,2,2,2,1,4,3,4,1,4,15
"6077","Hindi",1,2010,0,"Yes",100,0,0,2,2,3,1,3,2,3,1,2,1,3,2,175
"6078","Hindi",1,2006,0,"No",100,0,0,3,2,2,1,1,1,1,2,2,4,1,2,22
"6079","Hindi",2,2008,0,"No",100,0,0,3,1,1,3,3,2,3,4,2,1,2,4,25
"6080","Hindi",1,2005,0,"No",100,0,0,3,2,4,2,3,2,3,4,3,2,1,1,30
"6081","Hindi",1,2005,0,"No",100,0,0,2,1,2,2,2,2,3,4,2,4,2,2,20
"6082","Hindi",1,1995,0,"No",100,0,0,2,2,1,NA,1,2,1,2,2,4,2,2,35
"6083","Hindi",1,2007,0,"Yes",100,0,0,4,3,2,2,4,1,1,4,2,1,3,3,150
"6084","Hindi",1,2009,0,"Yes",100,0,0,4,2,3,4,2,3,2,1,NA,1,4,3,500
"6085","Hindi",2,2006,0,"Yes",100,0,0,2,2,1,3,3,2,3,4,3,1,3,4,250
"6086","Hindi",2,2010,1,"Yes",100,0,0,1,1,1,1,1,1,1,1,2,2,1,1,100
"6087","Hindi",1,2010,1,"Yes",100,0,0,4,2,3,4,4,1,1,1,3,1,3,3,30
"6088","Hindi",1,2005,0,"Yes",90,0,10,4,2,3,4,1,3,1,4,2,3,2,4,20
"6089","Hindi",2,2006,0,"No",100,0,0,2,1,1,3,2,2,4,4,3,1,1,4,40
"6090","Hindi",1,2008,0,"Yes",0,80,20,2,2,4,2,2,3,2,2,4,3,2,1,100
"6091","Hindi",1,2010,0,"Yes",100,0,0,4,2,4,1,2,1,1,4,4,4,1,3,250
"6092","Hindi",2,2003,0,"Yes",100,0,0,4,4,4,4,1,4,4,1,1,1,1,1,130
"6093","Hindi",1,2010,1,"Yes",100,0,0,2,4,4,2,4,4,1,4,4,4,1,3,100
"6094","Hindi",2,2010,0,"Yes",100,0,0,4,3,4,2,2,2,3,3,2,2,1,4,100
"6095","Hindi",3,2008,0,"DON'T KNOW (SPONTANEOUS)",100,0,0,2,3,4,3,1,2,1,4,4,4,1,4,18
"6096","Hindi",1,2004,0,"Yes",100,0,0,4,2,3,2,4,2,NA,3,2,2,1,1,130
"6097","Hindi",1,2010,0,"Yes",100,0,0,2,2,1,2,2,3,3,2,2,2,1,3,60
"6098","Hindi",4,2000,1,"Yes",99,0,1,2,2,4,2,1,2,3,4,1,2,1,2,650
"6099","Hindi",2,2010,0,"Yes",100,0,0,2,2,2,2,2,2,2,4,1,2,1,2,90
"6100","Hindi",1,2010,0,"No",100,0,0,1,1,3,1,1,1,4,2,4,2,3,3,15
"6101","Hindi",1,2010,0,"Yes",100,0,0,2,2,3,1,2,2,3,1,3,3,2,4,54
"6102","Hindi",2,2010,0,"Yes",100,0,0,2,2,1,3,3,1,3,4,3,4,2,3,40
"6103","Hindi",1,2010,0,"Yes",100,0,0,2,2,4,2,2,2,2,2,3,3,2,3,50
"6104","Hindi",1,2011,0,"Yes",100,0,0,2,2,3,2,3,3,2,4,3,3,1,3,24
"6105","Hindi",3,1992,0,"Yes",100,0,0,2,4,4,3,4,4,NA,2,3,3,2,2,75
"6106","Hindi",1,1981,0,"No",100,0,0,4,2,3,3,3,3,3,1,3,1,2,3,33
"6107","Hindi",1,2008,1,"Yes",100,0,0,3,2,3,4,3,3,3,2,2,3,1,3,70
"6108","Hindi",1,2005,0,"Yes",80,0,20,2,2,3,3,3,2,3,4,2,1,3,4,150
"6109","Hindi",2,2006,0,"Yes",100,0,0,2,1,2,2,NA,2,2,4,2,1,3,2,100
"6110","Hindi",1,2010,0,"Yes",100,0,0,2,3,4,NA,1,2,2,2,3,3,3,4,7
"6111","Hindi",1,2009,0,"Yes",100,0,0,3,4,3,2,3,3,3,4,1,3,1,3,60
"6112","Hindi",1,2009,0,"No",100,0,0,3,2,1,3,4,3,4,4,1,1,1,3,12
"6113","Hindi",1,2010,0,"Yes",100,0,0,2,2,3,3,2,2,2,3,2,4,1,2,30
"6114","Hindi",1,2010,1,"No",100,0,0,4,2,2,3,2,2,4,4,3,1,2,2,35
"6115","Hindi",1,2003,0,"Yes",100,0,0,2,2,1,4,1,2,2,4,3,1,3,4,32
"6116","Hindi",2,1997,0,"Yes",100,0,0,3,1,2,3,2,2,3,4,2,3,2,3,40
"6117","Hindi",1,2008,0,"Yes",100,0,0,2,2,2,3,2,3,2,3,1,3,1,4,150
"6118","Hindi",1,2008,0,"Yes",100,0,0,2,2,4,2,3,3,4,3,4,4,2,3,40
"6119","Hindi",4,2009,0,"Yes",100,0,0,2,2,3,2,3,2,2,3,2,4,1,2,11
"6120","Hindi",1,2008,0,"Yes",100,0,0,2,2,4,3,2,2,3,3,1,3,1,2,42
"6121","Hindi",1,2008,0,"No",100,0,0,2,1,3,2,3,3,3,4,3,4,3,3,20
"6122","Hindi",1,2008,0,"Yes",100,0,0,2,2,2,1,2,3,2,4,2,4,1,3,27
"6123","Hindi",1,2009,0,"No",100,0,0,4,2,3,4,1,2,1,1,3,1,2,1,13
"6124","Hindi",1,2009,0,"No",100,0,0,2,1,2,1,3,1,1,1,2,2,1,1,16
"6125","Hindi",1,2004,0,"No",100,0,0,2,2,1,3,2,2,2,4,4,1,3,3,14
"6126","Hindi",1,2008,0,"No",100,0,0,1,2,4,2,4,2,4,4,3,4,2,3,21
"6127","Hindi",1,2010,0,"No",100,0,0,2,2,4,2,4,1,4,4,4,1,4,4,25
"6128","Hindi",1,2010,0,"Yes",100,0,0,2,2,3,2,3,3,2,3,4,3,1,4,15
"6129","Hindi",1,2001,0,"No",100,0,0,3,1,3,1,2,2,2,4,3,4,2,2,25
"6130","Hindi",2,1974,1,"Yes",85,0,15,1,1,1,1,1,1,1,1,1,3,2,1,4500
"6131","Hindi",3,1983,0,"Yes",70,30,0,3,1,1,1,1,1,1,4,2,4,3,1,3500
"6132","Hindi",3,1974,0,"Yes",65,0,35,1,1,1,1,1,1,NA,4,3,4,3,3,3200
"6133","Hindi",2,1971,0,"Yes",70,10,20,1,1,1,1,1,1,1,3,2,4,3,1,300
"6134","Hindi",3,1971,0,"Yes",85,0,15,4,1,1,1,1,1,1,1,1,1,1,1,2200
"6135","Hindi",1,1970,0,"Yes",95,0,5,1,1,2,1,1,1,1,2,2,1,1,1,1000
"6136","Hindi",1,1987,0,"Yes",100,0,0,4,1,3,1,1,1,1,4,3,4,2,2,25
"6137","Hindi",1,1986,0,"Yes",90,0,10,3,1,3,2,2,2,1,4,1,3,3,2,45
"6138","Hindi",1,1996,0,"Yes",100,0,0,3,1,3,1,1,1,1,1,3,4,2,2,39
"6139","Hindi",1,2001,0,"No",100,0,0,3,1,2,1,1,2,2,4,4,4,4,2,16
"6140","Hindi",1,2002,0,"Yes",80,0,20,2,2,2,1,2,2,2,4,3,1,2,2,20
"6141","Hindi",1,1930,0,"Yes",80,0,20,3,1,2,3,1,1,1,4,1,1,1,1,1400
"6142","Hindi",3,1997,0,"Yes",100,0,0,3,1,2,4,1,1,1,4,3,1,1,2,250
"6143","Hindi",1,1985,1,"Yes",80,0,20,2,1,1,3,1,1,1,4,1,1,1,2,460
"6144","Hindi",4,1995,1,"Yes",80,0,20,3,1,2,2,1,1,1,2,2,3,1,1,350
"6145","Hindi",1,2002,0,"No",100,0,0,3,1,1,1,1,1,1,2,2,4,1,1,100
"6146","Hindi",3,1993,1,"Yes",99,0,1,3,1,2,1,1,1,1,1,3,4,1,1,1300
"6147","Hindi",4,1987,1,"Yes",88,0,12,2,1,2,2,1,1,1,4,3,1,3,4,1400
"6148","Hindi",1,1960,1,"Yes",97,0,3,2,1,1,3,1,1,1,4,2,4,1,1,400
"6149","Hindi",1,1981,1,"Yes",100,0,0,1,1,1,1,1,1,1,4,1,4,1,2,275
"6150","Hindi",1,1998,0,"Yes",85,15,0,1,1,1,1,1,1,1,3,2,4,3,1,600
"6151","Hindi",5,1999,0,"Yes",80,0,20,1,1,1,1,1,1,1,1,1,1,1,1,2500
"6152","Hindi",1,1986,0,"Yes",100,0,0,4,1,1,1,1,1,1,4,2,4,3,1,225
"6153","Hindi",1,1993,0,"Yes",100,0,0,4,1,2,2,1,1,1,2,3,4,3,3,150
"6154","Hindi",1,1973,0,"Yes",20,80,0,3,1,1,1,1,1,1,4,2,4,3,1,125
"6155","Hindi",2,1996,0,"Yes",100,0,0,3,1,3,3,2,1,1,4,3,4,3,3,50
"6156","Hindi",1,1981,0,"Yes",65,10,25,3,1,2,1,1,1,1,4,2,4,3,2,300
"6157","Hindi",2,1994,0,"Yes",50,50,0,3,1,2,2,1,1,1,1,4,1,1,3,100
"6158","Hindi",5,2000,0,"Yes",100,0,0,1,1,1,2,1,1,1,1,1,3,2,1,500
"6159","Hindi",1,1993,0,"No",10,0,90,1,1,1,3,1,1,1,2,3,4,3,1,150
"6160","Hindi",1,1989,0,"Yes",80,0,20,3,1,2,1,1,1,1,4,3,4,3,2,150
"6161","Hindi",2,1992,0,"Yes",10,0,90,2,1,2,2,2,1,1,4,2,1,4,1,600
"6162","Hindi",1,1982,0,"Yes",80,0,20,1,1,1,1,1,1,1,1,1,1,1,1,300
"6163","Hindi",4,1968,0,"Yes",100,0,0,1,1,1,1,1,1,1,4,4,1,4,1,1000
"6164","Hindi",1,1971,0,"Yes",60,0,40,1,1,1,1,1,1,1,4,2,4,3,1,200
"6165","Hindi",2,1992,0,"Yes",20,0,80,1,1,1,2,1,1,1,2,3,3,3,2,500
"6166","Hindi",2,1964,0,"Yes",100,0,0,4,3,3,3,1,1,2,3,3,4,3,2,150
"6167","Hindi",1,1950,0,"Yes",15,0,85,3,1,1,4,1,1,1,2,3,2,2,1,1300
"6168","Hindi",1,1987,0,"No",100,0,0,3,1,2,1,1,1,1,3,2,3,2,1,150
"6169","Hindi",3,1993,0,"Yes",0,0,100,4,1,1,2,2,1,1,4,3,1,1,1,600
"6170","Hindi",2,2001,0,"Yes",90,0,10,3,1,1,1,1,1,1,3,2,3,2,2,200
"6171","Hindi",4,1992,0,"Yes",80,0,20,3,1,1,1,1,1,1,1,1,4,3,2,2000
"6172","Hindi",2,1982,0,"Yes",100,0,0,4,1,1,1,1,1,1,4,1,2,1,3,360
"6173","Hindi",1,1978,0,"No",80,0,20,1,1,1,1,1,1,1,3,4,4,3,1,70
"6174","Hindi",3,1987,0,"Yes",80,0,20,1,1,1,1,1,1,1,4,2,4,4,1,600
"6175","Hindi",1,1996,0,"Yes",80,10,10,3,1,1,1,1,1,1,1,4,1,1,1,350
"6176","Hindi",1,1991,0,"Yes",80,0,20,1,1,1,1,1,1,1,4,1,1,1,1,250
"6177","Hindi",1,1989,0,"Yes",75,0,25,3,1,1,1,1,1,1,1,1,3,2,2,400
"6178","Hindi",1,1993,0,"Yes",0,0,100,4,1,1,1,1,1,1,4,1,1,1,1,600
"6179","Hindi",1,2003,0,"No",20,0,80,4,1,1,1,1,1,1,1,1,1,1,2,1100
"6180","Hindi",1,1998,0,"Yes",90,0,10,1,1,1,1,1,1,1,3,2,4,3,1,140
"6181","Hindi",1,1998,0,"Yes",85,0,15,3,1,2,2,1,1,1,3,3,4,3,1,180
"6182","Hindi",1,1981,0,"Yes",90,0,10,1,1,2,1,1,1,1,2,2,1,1,1,255
"6183","Hindi",2,1987,0,"Yes",100,0,0,1,1,2,1,1,1,1,2,1,3,2,1,70
"6184","Hindi",4,1978,0,"Yes",80,0,20,1,1,1,1,1,1,1,3,2,3,2,1,250
"6185","Hindi",2,1978,0,"Yes",70,10,20,1,1,1,1,1,1,1,1,2,1,4,1,200
"6186","Hindi",3,1996,1,"Yes",85,0,15,1,1,1,1,1,1,1,4,3,4,3,1,250
"6187","Hindi",1,1989,0,"Yes",100,0,0,4,1,1,1,1,1,1,1,4,1,4,2,210
"6188","Hindi",1,1985,0,"Yes",40,0,60,3,1,1,1,1,1,1,4,3,1,1,2,200
"6189","Hindi",2,1995,0,"Yes",5,75,20,4,1,2,2,1,1,1,3,1,2,3,3,108
"6190","Hindi",1,1986,0,"No",100,0,0,3,1,2,1,1,1,1,2,1,1,1,1,210
"6191","Hindi",4,1964,0,"Yes",98,0,2,4,1,2,2,1,1,1,4,1,1,1,1,300
"6192","Hindi",1,1979,0,"Yes",90,0,10,1,1,2,1,1,1,1,3,2,3,2,1,150
"6193","Hindi",2,1997,0,"No",100,0,0,1,1,2,1,1,1,1,4,3,1,4,1,210
"6194","Hindi",2,1967,0,"Yes",80,10,10,1,1,1,1,1,1,1,3,2,3,2,1,410
"6195","Hindi",2,1998,0,"Yes",40,0,60,3,1,1,1,1,1,1,4,2,4,1,3,450
"6196","Hindi",1,2006,0,"Yes",100,0,0,4,1,2,1,1,1,1,3,1,4,1,1,26
"6197","Hindi",1,2001,0,"No",100,0,0,3,1,3,1,2,2,2,4,3,4,2,2,29
"6198","Hindi",1,1990,0,"No",100,0,0,3,1,3,2,2,2,2,4,1,3,3,2,20
"6199","Hindi",1,2004,0,"No",100,0,0,3,1,3,1,2,2,4,4,3,4,2,2,25
"6200","Hindi",4,1988,0,"Yes",80,0,20,3,1,2,2,1,1,1,3,2,4,3,2,1000
"6201","Hindi",2,1981,0,"Yes",98,0,2,2,1,1,1,1,1,1,4,1,4,1,2,500
"6202","Hindi",4,1981,0,"Yes",50,0,50,3,2,1,1,1,1,1,1,1,4,1,4,110
"6203","Hindi",2,1989,0,"Yes",100,0,0,4,1,1,3,1,1,1,4,1,1,1,1,660
"6204","Hindi",3,1985,1,"Yes",95,0,5,2,1,2,1,1,1,1,4,1,4,1,1,1100
"6205","Hindi",1,1980,0,"Yes",100,0,0,4,2,3,2,2,2,2,1,3,4,3,2,35
"6206","Hindi",1,1990,0,"Yes",100,0,0,3,1,1,1,1,1,2,1,3,4,2,2,29
"6207","Hindi",1,1991,0,"No",100,0,0,1,1,1,1,1,1,1,4,2,4,2,1,30
"6208","Hindi",2,2007,0,"Yes",100,0,0,3,1,3,1,1,1,1,1,1,1,1,1,105
"6209","Hindi",1,1983,0,"Yes",100,0,0,4,2,3,3,2,1,2,3,4,1,4,2,25
"6210","Hindi",1,1990,0,"Yes",100,0,0,2,1,2,1,1,1,1,4,2,4,1,1,40
"6211","Hindi",1,2005,0,"Yes",70,20,10,2,1,2,2,1,2,1,3,4,1,3,2,50
"6212","Hindi",1,2001,0,"Yes",100,0,0,4,1,4,1,1,1,1,1,2,3,3,2,25
"6213","Hindi",2,2001,0,"No",100,0,0,3,1,3,1,2,2,2,4,3,4,2,2,30
"6214","Hindi",1,1999,0,"Yes",100,0,0,3,2,3,1,1,2,1,1,2,4,3,2,27
"6215","Hindi",1,1990,0,"Yes",100,0,0,4,2,4,2,2,2,3,4,1,4,4,3,30
"6216","Hindi",1,1984,0,"Yes",100,0,0,4,2,3,2,3,1,2,1,4,1,4,2,40
"6217","Hindi",1,1989,0,"Yes",100,0,0,4,1,3,2,2,1,2,4,2,4,3,2,12
"6218","Hindi",1,2001,0,"No",100,0,0,4,1,3,1,1,1,1,1,3,3,3,3,18
"6219","Hindi",1,2000,0,"No",100,0,0,2,2,3,1,2,2,2,4,3,1,2,2,15
"6220","Hindi",1,1983,0,"Yes",100,0,0,4,1,3,1,2,1,1,4,2,4,2,2,35
"6221","Hindi",1,1991,0,"Yes",100,0,0,3,1,1,1,1,1,1,4,1,4,1,1,60
"6222","Hindi",4,1998,0,"Yes",100,0,0,3,1,2,4,1,1,1,1,1,4,1,3,25
"6223","Hindi",2,1980,0,"No",100,0,0,2,1,1,1,1,1,1,4,1,1,1,4,48
"6224","Hindi",2,1985,0,"Yes",85,5,10,3,1,2,2,1,1,1,4,1,3,1,1,12
"6225","Hindi",1,2011,0,"No",100,0,0,3,1,1,1,4,1,3,3,1,4,1,2,22
"6226","Hindi",2,1992,0,"No",100,0,0,4,1,3,1,1,1,1,3,3,1,2,1,13
"6227","Hindi",1,1985,0,"No",100,0,0,3,1,2,1,1,1,1,2,2,4,2,2,10
"6228","Hindi",1,1960,0,"No",100,0,0,1,1,2,1,1,1,1,4,3,4,2,2,14
"6229","Hindi",3,1969,0,"Yes",30,0,70,4,1,2,1,1,1,1,4,4,4,3,3,150
"6230","Hindi",1,1978,0,"Yes",80,0,20,3,1,1,1,1,1,1,4,3,4,3,1,70
"6231","Hindi",1,1967,0,"Yes",100,0,0,4,1,3,2,1,1,1,4,3,4,4,2,30
"6232","Hindi",1,1953,0,"No",100,0,0,3,1,1,1,1,1,1,3,2,4,3,1,8
"6233","Hindi",1,2002,0,"Yes",80,10,10,4,1,3,2,2,3,3,3,3,4,3,2,18
"6234","Hindi",1,1984,0,"No",100,0,0,4,1,1,1,1,1,1,1,4,1,4,1,70
"6235","Hindi",1,1985,0,"No",100,0,0,3,1,1,1,1,1,1,1,3,1,4,1,8
"6236","Hindi",1,1976,0,"No",100,0,0,1,1,2,4,1,1,1,4,2,1,4,1,7
"6237","Hindi",1,2005,0,"No",100,0,0,1,1,3,1,1,1,1,4,1,4,1,1,12
"6238","Hindi",1,1989,0,"No",100,0,0,2,1,1,1,1,2,1,4,1,3,1,3,30
"6239","Hindi",1,2008,0,"No",100,0,0,4,1,1,1,1,1,1,4,2,4,1,1,7
"6240","Hindi",1,1960,0,"No",100,0,0,1,1,2,1,4,1,1,4,1,4,1,1,15
"6241","Hindi",1,1974,0,"No",100,0,0,3,1,1,1,1,1,1,4,1,4,1,1,18
"6242","Hindi",2,2006,0,"No",100,0,0,1,1,1,1,1,2,1,2,NA,4,NA,1,200
"6243","Hindi",1,2001,0,"Yes",100,0,0,3,1,2,1,2,1,1,4,3,4,4,1,14
"6244","Hindi",1,1990,0,"Yes",100,0,0,4,1,3,1,1,1,1,4,3,3,3,2,18
"6245","Hindi",1,2004,0,"No",100,0,0,3,1,3,2,2,2,2,4,1,3,3,2,15
"6246","Hindi",1,2004,0,"No",100,0,0,3,1,3,2,2,2,1,1,3,4,3,2,16
"6247","Hindi",1,1997,0,"Yes",100,0,0,4,1,3,1,2,1,1,1,3,4,2,2,29
"6248","Hindi",1,1991,0,"No",100,0,0,3,2,3,1,1,1,1,1,3,4,3,2,24
"6249","Hindi",1,1990,0,"Yes",100,0,0,4,2,3,2,1,1,2,4,4,4,2,3,15
"6250","Hindi",1,2002,0,"Yes",100,0,0,2,1,2,2,1,2,1,3,4,1,3,2,90
"6251","Hindi",1,1995,0,"Yes",100,0,0,4,1,3,1,1,1,1,4,3,3,3,2,13
"6252","Hindi",1,1991,0,"Yes",100,0,0,4,1,3,1,1,1,1,4,3,4,3,3,24
"6253","Hindi",1,1988,0,"Yes",100,0,0,3,2,3,1,2,1,2,1,3,4,4,3,22
"6254","Hindi",1,1999,0,"No",100,0,0,2,1,1,1,1,1,1,1,1,1,1,3,40
"6255","Hindi",1,1985,0,"Yes",80,20,0,4,2,3,3,2,1,2,3,4,1,4,2,14
"6256","Hindi",1,1990,0,"Yes",100,0,0,4,1,3,2,2,1,2,4,2,4,3,2,12
"6257","Hindi",1,1991,0,"Yes",100,0,0,2,1,3,1,1,1,1,4,3,4,3,1,24
"6258","Hindi",1,1991,0,"No",100,0,0,2,2,3,1,1,1,1,4,3,4,3,2,20
"6259","Hindi",1,1988,0,"Yes",100,0,0,4,2,3,1,2,1,2,1,3,4,4,3,22
"6260","Hindi",1,1990,0,"Yes",100,0,0,4,2,3,2,1,1,2,4,4,4,2,3,15
"6261","Hindi",1,1990,0,"Yes",100,0,0,4,1,3,1,1,1,1,4,3,4,2,1,18
"6262","Hindi",1,1990,0,"No",100,0,0,3,1,3,2,2,2,2,4,1,3,3,2,18
"6263","Hindi",1,1985,0,"No",100,0,0,3,1,3,1,2,2,2,1,3,4,2,2,35
"6264","Hindi",1,1990,0,"No",100,0,0,3,1,1,1,1,2,1,4,2,3,2,2,25
"6265","Hindi",1,2002,0,"Yes",100,0,0,2,2,2,1,2,2,2,4,3,1,2,2,22
"6266","Hindi",1,1998,0,"Yes",100,0,0,3,1,3,1,1,1,2,4,3,4,2,2,28
"6267","Hindi",1,1997,0,"Yes",100,0,0,4,1,3,1,1,1,1,1,2,4,2,2,28
"6268","Hindi",1,1985,0,"Yes",100,0,0,4,1,3,1,1,1,1,4,3,4,2,2,25
"6269","Hindi",1,1998,0,"No",100,0,0,3,1,2,1,1,1,1,4,2,3,2,2,29
"6270","Hindi",1,1986,0,"Yes",100,0,0,3,1,4,1,2,2,1,1,3,4,2,3,35
"6271","Hindi",1,2002,0,"No",100,0,0,3,1,4,1,2,2,2,1,3,4,3,2,30
"6272","Hindi",1,2000,0,"Yes",100,0,0,4,1,3,1,1,1,2,1,4,1,4,2,32
"6273","Hindi",1,1996,0,"Yes",100,0,0,4,1,3,1,1,1,1,4,3,4,2,2,20
"6274","Hindi",1,1990,0,"No",100,0,0,3,1,3,1,2,2,2,1,3,4,2,2,40
"6275","Hindi",1,1990,0,"No",100,0,0,3,1,1,1,1,2,1,4,2,3,2,2,30
"6276","Hindi",1,1996,0,"Yes",100,0,0,3,1,3,1,1,1,2,1,3,4,2,2,29
"6277","Hindi",1,2004,0,"Yes",100,0,0,3,1,3,2,2,2,1,1,3,4,3,2,35
"6278","Hindi",1,2006,0,"No",100,0,0,2,2,2,1,2,2,1,4,3,1,2,2,16
"6279","Hindi",1,2002,0,"No",100,0,0,2,2,2,1,2,2,2,4,3,1,2,2,30
"6280","Hindi",1,2000,0,"No",100,0,0,3,1,3,1,2,1,1,4,2,3,2,2,27
"6281","Hindi",1,1990,0,"No",100,0,0,3,1,3,2,2,2,2,4,1,3,3,2,20
"6282","Hindi",1,1998,0,"Yes",100,0,0,4,1,3,1,1,1,1,4,3,4,2,2,55
"6283","Hindi",3,1998,0,"No",100,0,0,2,1,1,1,1,1,1,4,1,4,1,4,30
"6284","Hindi",1,1992,0,"Yes",100,0,0,3,1,2,1,1,1,1,4,2,1,4,3,85
"6285","Hindi",1,1994,0,"No",100,0,0,1,1,1,1,1,2,1,4,1,4,1,1,45
"6286","Hindi",1,1992,0,"No",100,0,0,2,1,1,1,1,1,1,4,1,4,1,3,28
"6287","Hindi",3,1972,0,"No",100,0,0,1,1,1,1,1,1,1,4,3,1,1,1,50
"6288","Hindi",1,2000,0,"No",100,0,0,2,1,1,1,1,1,2,4,2,4,1,3,25
"6289","Hindi",1,2001,0,"No",100,0,0,4,1,1,1,2,1,1,4,1,4,3,1,25
"6290","Hindi",1,2000,0,"No",100,0,0,3,1,3,1,1,1,1,4,3,4,1,1,25
"6291","Hindi",1,1999,0,"Yes",100,0,0,4,1,2,1,2,1,2,4,2,4,1,3,15
"6292","Hindi",2,2000,0,"No",100,0,0,3,1,3,1,2,2,2,4,3,4,2,2,30
"6293","Hindi",1,1978,0,"No",100,0,0,3,1,2,1,1,1,1,1,3,1,1,1,30
"6294","Hindi",2,1991,0,"No",100,0,0,4,1,1,1,1,1,1,1,3,1,3,4,50
"6295","Hindi",1,1975,1,"Yes",50,40,10,4,1,3,2,3,1,1,4,1,1,1,1,50
"6296","Hindi",1,1970,0,"No",100,0,0,1,1,2,1,1,1,2,1,1,1,1,4,70
"6297","Hindi",2,1958,0,"No",100,0,0,3,1,3,1,1,1,1,4,1,1,1,1,8
"6298","Hindi",1,1953,0,"Yes",100,0,0,4,1,1,3,1,1,1,4,2,1,1,4,50
"6299","Hindi",2,1992,0,"Yes",100,0,0,4,1,3,1,2,2,1,4,1,4,1,4,25
"6300","Hindi",2,1960,0,"No",100,0,0,4,1,3,NA,1,1,1,3,3,4,2,2,30
"6301","Hindi",4,1998,0,"No",100,0,0,4,1,2,1,1,1,1,4,2,3,1,1,70
"6302","Hindi",1,2001,0,"No",100,0,0,2,1,2,1,1,1,1,4,1,4,1,2,25
"6303","Hindi",2,2000,0,"No",100,0,0,2,1,1,1,1,1,1,4,1,4,1,2,18
"6304","Hindi",1,2003,0,"No",100,0,0,4,1,4,1,1,1,1,4,2,1,3,2,21
"6305","Hindi",2,2002,0,"No",100,0,0,2,1,1,1,1,1,1,4,1,1,1,3,19
"6306","Hindi",1,1975,0,"Yes",100,0,0,2,1,2,1,1,1,1,1,3,1,3,1,50
"6307","Hindi",3,1960,0,"Yes",100,0,0,4,1,1,1,1,1,2,3,3,4,3,1,12
"6308","Hindi",1,NA,0,"Yes",100,0,0,4,1,2,1,1,1,1,3,3,1,NA,1,40
"6309","Hindi",3,1955,0,"Yes",0,0,100,1,2,1,1,1,1,1,3,4,1,3,1,450
"6310","Hindi",2,1996,0,"No",100,0,0,1,2,1,1,1,1,3,1,4,1,NA,1,8
"6311","Hindi",1,1954,0,"Yes",60,0,40,4,1,1,1,1,1,1,1,2,4,1,1,18
"6312","Hindi",1,1987,0,"No",100,0,0,4,1,1,2,1,1,1,4,3,1,3,1,24
"6313","Hindi",2,1981,0,"Yes",10,0,90,3,1,1,1,1,1,1,4,1,4,4,3,400
"6314","Hindi",1,1979,0,"No",100,0,0,3,1,2,1,1,1,1,4,1,3,1,2,10
"6315","Hindi",2,1996,0,"No",100,0,0,1,1,1,1,1,1,1,2,1,4,2,1,30
"6316","Hindi",1,2000,0,"No",100,0,0,1,1,1,1,1,1,1,4,2,4,3,3,50
"6317","Hindi",1,1995,0,"Yes",100,0,0,1,1,1,1,1,1,1,1,1,4,1,1,15
"6318","Hindi",1,1993,0,"Yes",100,0,0,3,1,1,1,1,1,1,1,1,4,3,3,70
"6319","Hindi",1,1978,0,"Yes",100,0,0,4,1,2,2,1,1,1,3,2,3,2,1,40
"6320","Hindi",1,1991,0,"No",100,0,0,4,1,2,3,1,1,2,4,1,1,4,1,15
"6321","Hindi",1,1985,0,"No",100,0,0,1,1,1,1,1,1,1,4,2,4,2,1,30
"6322","Hindi",1,1968,0,"Yes",60,0,40,1,1,1,1,1,1,1,4,2,4,3,1,65
"6323","Hindi",1,1974,0,"No",100,0,0,4,2,1,1,1,1,1,1,1,1,1,1,20
"6324","Hindi",1,1961,0,"No",100,0,0,1,2,2,4,1,1,1,1,1,1,1,1,10
"6325","Hindi",1,1977,0,"Yes",100,0,0,4,1,1,1,1,1,1,4,4,4,1,4,14
"6326","Hindi",1,1967,0,"Yes",100,0,0,4,1,2,1,1,1,1,3,3,4,3,1,10
"6327","Hindi",2,1981,0,"Yes",80,0,20,4,1,1,2,2,1,1,4,4,4,4,2,250
"6328","Hindi",1,1979,0,"Yes",100,0,0,3,1,2,1,1,1,1,4,2,1,4,2,20
"6329","Hindi",1,1973,0,"Yes",100,0,0,1,1,1,1,1,1,3,1,1,1,1,1,14
"6330","Hindi",2,2007,0,"Yes",70,0,30,4,1,2,3,1,1,1,3,1,1,1,2,15
"6331","Hindi",2,1986,0,"Yes",90,0,10,2,1,1,1,1,1,1,1,1,1,4,3,47
"6332","Hindi",1,1954,0,"No",100,0,0,3,1,2,1,1,1,1,1,4,1,4,2,9
"6333","Hindi",1,1991,0,"Yes",90,0,10,4,2,1,1,1,1,1,4,1,4,3,2,150
"6334","Hindi",1,1965,0,"Yes",100,0,0,3,1,2,2,1,1,1,2,2,3,2,1,25
"6335","Hindi",1,1981,0,"No",85,15,0,4,1,1,1,1,1,1,4,3,4,3,3,50
"6336","Hindi",2,2004,0,"No",100,0,0,1,1,2,1,1,1,1,2,2,3,2,2,22
"6337","Hindi",3,1988,0,"Yes",90,0,10,1,1,2,1,1,1,1,3,2,4,2,2,15
"6338","Hindi",2,1973,0,"Yes",100,0,0,3,1,2,1,1,1,1,4,1,4,3,2,12
"6339","Hindi",1,1960,0,"Yes",100,0,0,1,1,1,1,1,1,1,2,4,2,2,1,28
"6340","Hindi",1,1987,0,"Yes",60,0,40,1,1,1,1,1,1,1,4,4,1,4,1,150
"6341","Hindi",1,1977,0,"No",100,0,0,4,1,3,2,1,1,1,2,2,3,2,3,13
"6342","Hindi",1,2007,0,"No",100,0,0,4,1,1,1,1,1,1,4,3,4,4,1,25
"6343","Hindi",1,1998,0,"No",100,0,0,4,1,2,2,1,1,1,3,1,4,3,3,25
"6344","Hindi",1,1990,0,"No",100,0,0,3,1,2,1,1,1,1,4,1,1,1,1,50
"6345","Hindi",1,1967,0,"Yes",50,0,50,3,1,2,1,1,1,1,2,2,3,2,2,150
"6346","Hindi",1,1998,0,"No",100,0,0,4,1,3,2,1,1,1,4,3,1,2,3,7
"6347","Hindi",1,1982,0,"Yes",10,0,90,1,1,1,1,1,1,1,2,2,3,2,1,200
"6348","Hindi",1,1990,0,"No",100,0,0,3,1,1,1,1,1,1,4,3,1,4,2,7
"6349","Hindi",1,1980,0,"No",100,0,0,3,1,1,1,1,1,1,1,1,1,3,2,8
"6350","Hindi",1,1995,0,"No",100,0,0,3,1,2,1,1,1,1,2,2,3,2,1,17
"6351","Hindi",1,1978,0,"No",100,0,0,3,1,1,1,1,1,1,4,2,4,4,2,14
"6352","Hindi",1,1984,0,"No",100,0,0,4,1,2,2,1,1,1,2,2,3,3,3,13
"6353","Hindi",1,2002,0,"No",100,0,0,4,2,3,2,1,1,1,4,3,4,3,3,12
"6354","Hindi",6,2007,0,"Yes",0,0,100,4,1,2,1,1,1,1,2,2,4,3,3,160
"6355","Hindi",1,2001,0,"No",100,0,0,3,1,2,1,1,1,1,4,1,1,3,4,25
"6356","Hindi",1,2003,0,"No",100,0,0,3,1,3,1,3,1,1,1,1,4,1,1,145
"6357","Hindi",1,2001,1,"No",100,0,0,2,1,4,1,2,1,2,1,4,1,3,3,30
"6358","Hindi",1,1995,0,"No",100,0,0,2,1,3,1,2,1,2,1,4,1,3,3,30
"6359","Hindi",1,2003,0,"No",100,0,0,3,1,1,1,1,1,1,4,2,1,2,1,25
"6360","Hindi",1,2003,0,"No",100,0,0,4,1,1,1,2,1,1,4,3,1,3,3,25
"6361","Hindi",1,1999,0,"No",100,0,0,3,1,2,2,2,1,1,4,3,1,1,2,18
"6362","Hindi",2,1994,0,"No",100,0,0,4,1,2,1,1,1,1,1,1,4,1,2,11
"6363","Hindi",1,1965,0,"No",100,0,0,3,1,1,1,2,3,1,4,1,4,1,1,30
"6364","Hindi",1,1998,0,"Yes",85,0,15,4,1,1,1,1,1,1,4,1,4,1,1,250
"6365","Hindi",1,1998,0,"No",100,0,0,3,1,4,2,2,2,2,4,1,3,3,2,26
"6366","Hindi",1,1990,0,"No",100,0,0,3,1,3,2,2,2,2,1,1,3,3,2,20
"6367","Hindi",1,2002,0,"No",100,0,0,2,2,2,1,2,2,1,4,3,1,2,2,25
"6368","Hindi",1,1998,0,"No",100,0,0,3,1,4,1,2,2,1,1,4,4,2,3,32
"6369","Hindi",1,2001,0,"No",100,0,0,3,2,4,2,3,2,2,4,2,3,3,3,25
"6370","Hindi",2,1999,0,"No",100,0,0,4,1,3,1,1,1,2,4,4,4,3,2,30
"6371","Hindi",2,1999,0,"No",100,0,0,3,1,2,1,1,2,1,4,3,1,1,1,50
"6372","Hindi",1,1990,0,"No",100,0,0,3,1,3,2,2,2,2,4,1,3,3,2,26
"6373","Hindi",1,2003,0,"No",100,0,0,3,1,1,1,1,1,1,4,1,4,1,1,15
"6374","Hindi",1,2003,0,"No",100,0,0,4,1,1,1,1,1,1,4,3,4,2,1,50
"6375","Hindi",1,2010,0,"No",100,0,0,1,1,1,1,1,1,1,3,4,1,1,1,11
"6376","Hindi",2,1982,0,"Yes",75,0,25,1,1,1,2,1,1,1,4,1,1,1,2,70
"6377","Hindi",1,1975,0,"Yes",90,0,10,4,1,1,2,1,1,1,4,4,4,3,2,15
"6378","Hindi",1,2004,0,"No",100,0,0,2,1,1,1,1,1,1,1,1,1,1,1,16
"6379","Hindi",1,2004,0,"Yes",100,0,0,4,1,2,1,1,1,1,4,4,4,3,3,150
"6380","Hindi",1,1998,0,"No",100,0,0,4,1,2,1,1,1,1,4,4,1,4,1,13
"6381","Hindi",1,2008,0,"No",100,0,0,3,1,4,3,1,1,1,4,1,4,1,2,35
"6382","Hindi",1,1999,0,"No",100,0,0,4,1,3,1,1,1,1,4,1,4,1,1,50
"6383","Hindi",1,1981,0,"Yes",90,0,10,4,1,3,1,2,2,2,4,3,4,2,2,240
"6384","Hindi",1,2004,0,"No",100,0,0,3,1,3,1,1,1,1,1,2,4,1,1,15
"6385","Hindi",1,2001,0,"Yes",100,0,0,3,1,2,1,2,1,1,4,3,4,4,1,15
"6386","Hindi",1,1993,0,"No",100,0,0,3,1,3,1,2,2,2,1,3,4,2,2,44
"6387","Hindi",1,2003,0,"Yes",100,0,0,3,2,3,1,1,2,1,1,2,4,3,2,27
"6388","Hindi",6,1995,1,"Yes",100,0,0,1,1,1,1,1,1,1,4,1,4,1,1,400
"6389","Hindi",1,1980,0,"No",100,0,0,3,1,2,2,1,1,1,3,3,4,3,3,40
"6390","Hindi",1,1988,0,"Yes",100,0,0,4,1,3,3,1,1,1,3,2,4,3,2,22
"6391","Hindi",1,1972,0,"Yes",100,0,0,3,1,1,4,1,1,1,4,3,1,1,2,15
"6392","Hindi",1,1970,0,"Yes",80,20,0,4,1,2,2,1,1,2,1,1,1,1,1,18
"6393","Hindi",1,1965,0,"Yes",100,0,0,4,1,3,3,3,1,1,3,4,4,3,3,13
"6394","Hindi",1,1994,0,"No",100,0,0,4,1,1,1,1,1,1,4,4,4,4,1,25
"6395","Hindi",1,1965,0,"No",100,0,0,4,1,1,4,1,1,1,4,2,4,4,1,10
"6396","Hindi",1,1983,0,"No",100,0,0,3,1,4,3,3,3,1,4,3,4,2,1,32
"6397","Hindi",1,1999,0,"No",100,0,0,2,1,1,1,3,1,1,4,1,4,1,1,30
"6398","Hindi",1,2003,0,"No",100,0,0,3,1,3,1,2,1,1,1,1,1,3,3,15
"6399","Hindi",1,1978,0,"No",100,0,0,4,1,2,1,1,1,1,2,3,4,3,1,15
"6400","Hindi",1,1997,0,"Yes",100,0,0,2,1,1,1,1,1,1,1,3,4,1,1,100
"6401","Hindi",2,2003,0,"Yes",100,0,0,3,1,2,1,2,1,2,4,1,3,1,3,7
"6402","Hindi",1,2000,0,"No",100,0,0,4,1,1,1,1,1,1,1,1,1,1,1,34
"6403","Hindi",2,1987,0,"Yes",100,0,0,3,1,1,1,1,1,1,2,3,1,3,1,30
"6404","Hindi",1,1972,0,"Yes",80,10,10,3,1,2,2,1,1,1,2,3,4,2,2,200
"6405","Hindi",1,2000,0,"No",100,0,0,4,1,1,1,1,1,1,4,4,4,4,2,40
"6406","Hindi",1,1974,0,"No",100,0,0,3,1,1,1,1,1,1,4,2,4,2,1,25
"6407","Hindi",1,1989,0,"Yes",100,0,0,4,1,1,1,1,1,1,3,2,1,4,1,18
"6408","Hindi",2,1987,0,"No",100,0,0,3,1,1,1,1,1,1,4,3,1,4,4,70
"6409","Hindi",1,1998,0,"Yes",100,0,0,4,1,3,3,1,1,1,2,2,4,2,1,130
"6410","Hindi",1,1977,0,"Yes",100,0,0,4,1,1,1,1,1,1,4,1,1,1,1,50
"6411","Hindi",1,1986,0,"Yes",80,0,20,4,1,3,3,1,1,1,3,3,4,3,3,20
"6412","Hindi",1,1996,0,"Yes",80,0,20,4,1,2,1,1,1,1,4,3,4,4,2,40
"6413","Hindi",1,1995,0,"No",100,0,0,4,1,1,1,1,1,1,4,4,4,4,1,12
"6414","Hindi",1,1964,0,"Yes",80,10,10,3,1,1,1,1,1,1,4,3,1,4,1,20
"6415","Hindi",1,1957,0,"No",100,0,0,4,1,1,1,1,1,1,4,2,4,3,1,15
"6416","Hindi",1,1994,0,"No",100,0,0,4,1,2,1,1,1,1,3,2,4,3,1,50
"6417","Hindi",1,2001,0,"Yes",100,0,0,3,1,1,3,1,1,1,1,3,1,4,1,700
"6418","Hindi",1,1997,0,"No",100,0,0,4,1,3,1,2,1,2,1,4,1,3,3,50
"6419","Hindi",1,2000,0,"No",100,0,0,4,1,3,1,2,2,1,1,4,1,3,2,55
"6420","Hindi",1,1999,0,"No",100,0,0,2,1,4,2,3,2,1,4,3,3,3,3,25
"6421","Hindi",2,1992,0,"No",100,0,0,2,1,3,1,2,1,2,1,4,1,3,3,40
"6422","Hindi",1,1999,0,"No",100,0,0,2,1,3,1,2,1,2,1,4,1,3,3,35
"6423","Hindi",1,1988,0,"Yes",100,0,0,4,2,3,1,2,1,2,1,3,4,4,3,22
"6424","Hindi",1,2000,0,"No",100,0,0,3,2,3,1,3,2,2,4,2,3,3,3,28
"6425","Hindi",1,1994,0,"No",100,0,0,4,1,3,1,1,1,1,1,3,3,3,2,30
"6426","Hindi",1,1999,0,"No",100,0,0,2,1,1,1,1,1,2,4,3,1,1,1,17
"6427","Hindi",1,2001,0,"No",100,0,0,4,2,4,1,2,1,2,1,4,4,3,3,29
"6428","Hindi",1,1995,0,"No",100,0,0,3,1,1,1,1,1,1,4,1,4,1,1,6
"6429","Hindi",1,1979,0,"No",100,0,0,2,1,2,1,1,1,1,4,1,4,1,3,28
"6430","Hindi",2,2007,0,"No",100,0,0,4,1,1,1,1,1,1,1,1,4,1,1,13
"6431","Hindi",1,1995,0,"No",100,0,0,3,1,3,2,2,2,2,4,1,3,3,2,20
"6432","Hindi",1,1994,0,"No",100,0,0,4,1,3,3,1,1,1,2,3,4,2,3,22
"6433","Hindi",1,1990,0,"Yes",100,0,0,4,2,3,2,1,1,2,4,4,4,2,3,60
"6434","Hindi",1,1976,0,"Yes",70,0,30,2,1,3,1,1,1,1,4,1,1,1,1,25
"6435","Hindi",1,1984,0,"Yes",100,0,0,2,1,1,1,1,1,1,4,3,1,1,1,20
"6436","Hindi",1,1981,0,"No",100,0,0,3,1,1,1,1,1,1,1,1,3,1,1,30
"6437","Hindi",1,1999,0,"No",100,0,0,3,1,1,1,1,1,1,1,1,2,1,1,30
"6438","Hindi",1,1972,0,"No",100,0,0,3,4,2,1,1,1,1,3,2,4,3,2,18
"6439","Hindi",1,1986,0,"Yes",100,0,0,3,1,1,1,1,1,1,3,2,4,1,4,25
"6440","Hindi",1,1989,0,"No",100,0,0,3,1,1,1,1,1,1,4,1,1,4,2,15
"6441","Hindi",1,2001,0,"No",100,0,0,3,1,3,1,2,2,2,4,3,4,2,2,25
"6442","Hindi",1,2001,0,"No",100,0,0,1,1,3,1,2,2,2,4,3,4,2,3,18
"6443","Hindi",1,1985,0,"No",100,0,0,2,1,1,1,1,2,1,4,1,4,1,1,6
"6444","Hindi",1,1985,0,"Yes",100,0,0,2,1,2,2,1,2,1,3,4,1,3,2,52
"6445","Hindi",1,1983,0,"Yes",100,0,0,4,2,3,3,2,1,2,3,4,1,4,2,14
"6446","Hindi",1,1995,0,"Yes",100,0,0,4,2,3,3,2,1,2,3,4,1,4,2,14
"6447","Hindi",1,1990,0,"Yes",100,0,0,4,2,3,2,2,2,2,1,3,4,3,2,25
"6448","Hindi",1,1959,0,"Yes",100,0,0,4,2,3,2,1,1,2,4,4,4,2,3,15
"6449","Hindi",1,1989,0,"Yes",100,0,0,4,1,3,1,2,1,2,4,2,4,2,2,32
"6450","Hindi",1,1993,0,"No",100,0,0,3,1,3,1,2,2,2,1,3,4,2,2,40
"6451","Hindi",1,1989,0,"No",100,0,0,4,1,2,1,1,1,1,1,3,4,2,2,30
"6452","Hindi",1,1997,0,"No",100,0,0,4,1,3,1,1,1,1,1,4,4,2,2,30
"6453","Hindi",1,1998,0,"No",100,0,0,2,2,2,1,2,2,2,4,1,1,1,2,19
"6454","Hindi",1,2007,0,"No",100,0,0,3,1,3,2,2,2,2,4,1,3,3,2,20
"6455","Hindi",1,2000,0,"Yes",100,0,0,3,1,3,1,1,1,2,1,3,4,2,2,30
"6456","Hindi",1,2004,0,"Yes",100,0,0,2,2,2,1,2,2,2,4,3,1,2,2,45
"6457","Hindi",1,2004,0,"No",100,0,0,3,1,3,2,2,2,1,1,3,4,3,2,15
"6458","Hindi",1,1980,0,"No",100,0,0,1,1,1,1,1,1,1,1,3,3,3,1,35
"6459","Hindi",1,1995,0,"Yes",100,0,0,2,1,1,1,1,1,3,1,1,1,1,1,50
"6460","Hindi",2,1996,0,"Yes",100,0,0,3,1,3,3,1,1,1,1,2,1,1,4,45
"6461","Hindi",2,2009,0,"Yes",60,0,40,2,1,1,1,1,1,1,4,1,4,1,4,35
"6462","Hindi",2,1983,0,"Yes",20,20,60,3,3,3,3,1,3,1,1,1,1,1,2,350
"6463","Hindi",1,1991,0,"No",100,0,0,4,1,2,1,1,1,1,4,1,4,1,1,12
"6464","Hindi",2,2000,0,"No",100,0,0,1,1,2,1,1,3,1,1,1,1,1,2,52
"6465","Hindi",1,2008,0,"No",100,0,0,1,1,1,1,4,1,1,4,1,4,1,3,50
"6466","Hindi",1,1993,0,"Yes",95,0,5,2,1,1,1,1,1,1,2,2,3,1,1,18
"6467","Hindi",1,1980,0,"No",90,0,10,4,1,2,1,1,1,1,1,3,4,2,1,32
"6468","Hindi",1,2001,0,"No",100,0,0,3,2,3,1,1,2,1,1,2,4,3,2,20
"6469","Hindi",2,1994,1,"Yes",98,0,2,2,1,1,1,1,1,1,3,2,2,2,1,125
"6470","Hindi",1,1978,0,"Yes",100,0,0,4,2,3,3,1,1,2,4,3,4,3,3,25
"6471","Hindi",3,1989,0,"No",100,0,0,1,1,1,1,1,2,1,3,3,1,NA,1,25
"6472","Hindi",1,1995,0,"No",100,0,0,1,1,1,1,1,1,1,4,4,1,3,1,15
"6473","Hindi",1,1972,0,"No",100,0,0,4,1,2,1,1,1,1,4,3,4,3,1,12
"6474","Hindi",4,1980,0,"Yes",98,0,2,1,1,1,2,1,1,1,4,1,1,1,1,1500
"6475","Hindi",1,1982,0,"No",100,0,0,2,1,4,1,1,2,4,3,1,4,1,1,55
"6476","Hindi",1,1979,0,"No",100,0,0,3,1,1,1,1,1,1,1,2,3,1,1,15
"6477","Hindi",1,1973,0,"Yes",100,0,0,3,1,1,1,1,1,1,3,4,4,2,1,12
"6478","Hindi",1,1967,0,"Yes",90,5,5,1,1,1,1,1,1,1,1,1,1,1,1,150
"6479","Hindi",1,2002,0,"No",100,0,0,1,1,3,1,1,1,1,4,3,1,1,1,20
"6480","Hindi",1,1992,0,"Yes",100,0,0,1,1,3,1,1,1,1,4,3,4,3,2,20
"6481","Hindi",1,2000,0,"No",100,0,0,3,2,3,2,3,2,2,4,2,3,3,3,29
"6482","Hindi",1,1992,0,"Yes",100,0,0,4,1,1,1,1,1,1,4,3,4,2,1,17
"6483","Hindi",1,2007,0,"Yes",40,0,60,4,1,1,1,1,1,1,4,3,4,3,2,70
"6484","Hindi",1,1975,0,"Yes",100,0,0,1,1,1,1,1,1,1,1,4,1,4,2,10
"6485","Hindi",1,2002,0,"No",100,0,0,2,2,2,1,2,2,2,4,3,1,2,2,22
"6486","Hindi",2,1962,0,"No",100,0,0,3,1,2,1,1,1,1,3,1,1,1,1,150
"6487","Hindi",1,1981,0,"No",100,0,0,2,2,3,3,3,1,1,4,1,1,1,1,12
"6488","Hindi",1,1989,0,"Yes",30,0,70,1,1,1,1,1,1,1,4,3,4,3,2,200
"6489","Hindi",1,1966,0,"No",100,0,0,1,1,1,1,3,1,1,1,1,2,1,1,20
"6490","Hindi",1,1997,0,"No",100,0,0,3,1,3,2,1,1,1,3,1,4,3,2,10
"6491","Hindi",1,1982,0,"No",100,0,0,4,2,1,1,1,1,1,4,4,1,1,1,60
"6492","Hindi",1,1997,0,"Yes",100,0,0,1,1,2,1,1,1,1,3,2,4,1,1,45
"6493","Hindi",3,1983,0,"No",100,0,0,4,1,2,1,1,1,1,1,4,1,4,2,150
"6494","Hindi",1,1979,0,"No",100,0,0,3,1,1,1,1,1,1,2,2,3,2,1,17
"6495","Hindi",1,1978,1,"Yes",98,0,2,3,1,1,3,1,1,1,4,1,4,3,4,90
"6496","Hindi",1,2001,0,"No",100,0,0,2,1,1,1,1,1,1,3,2,4,1,1,25
"6497","Hindi",1,1997,0,"No",100,0,0,1,1,1,1,1,3,1,4,3,1,1,1,60
"6498","Hindi",1,2001,0,"No",0,100,0,3,1,2,1,1,1,1,4,1,1,1,3,20
"6499","Hindi",1,2007,0,"No",100,0,0,3,1,4,1,1,1,1,4,2,1,1,1,52
"6500","Hindi",1,1998,0,"No",100,0,0,4,1,3,1,1,2,2,1,4,3,3,3,28
"6501","Hindi",2,2010,0,"No",100,0,0,3,1,3,1,1,1,1,1,4,1,1,1,18
"6502","Hindi",1,1997,0,"Yes",100,0,0,2,1,2,2,1,2,1,1,4,1,3,2,40
"6503","Hindi",1,2009,0,"No",100,0,0,1,1,3,1,1,1,1,4,1,1,1,1,70
"6504","Hindi",2,2009,0,"No",100,0,0,2,1,3,1,1,1,1,4,3,1,1,1,35
"6505","Hindi",2,1995,0,"No",100,0,0,3,1,3,1,1,2,1,1,4,1,1,2,62
"6506","Hindi",1,1999,0,"No",100,0,0,1,1,3,1,3,2,1,4,3,4,1,4,30
"6507","Hindi",1,1990,0,"Yes",100,0,0,2,2,2,1,2,2,2,4,3,1,2,2,22
"6508","Hindi",1,1993,0,"No",100,0,0,3,1,4,1,2,2,1,1,3,4,2,3,28
"6509","Hindi",1,1987,1,"Yes",10,0,90,4,1,2,2,1,2,2,3,4,1,2,2,200
"6510","Hindi",2,1966,1,"Yes",40,0,60,2,2,3,1,3,2,3,4,4,1,2,3,750
"6511","Hindi",1,1993,1,"Yes",0,0,100,1,2,2,2,3,2,3,1,3,1,2,3,34
"6512","Hindi",1,2005,1,"Yes",100,0,0,2,2,2,2,2,1,1,2,3,1,3,2,150
"6513","Hindi",1,1990,0,"Yes",90,0,10,2,2,2,2,2,2,2,1,3,1,2,2,400
"6514","Hindi",1,1995,1,"Yes",100,0,0,2,1,2,1,2,2,2,2,1,2,1,2,28
"6515","Hindi",1,2005,1,"Yes",90,0,10,2,2,2,2,1,1,1,2,3,4,3,2,150
"6516","Hindi",4,1964,1,"Yes",60,0,40,3,3,2,3,3,2,2,4,3,1,2,2,180
"6517","Hindi",1,2006,1,"Yes",20,0,80,3,1,2,1,2,2,2,2,1,4,1,2,1700
"6518","Hindi",2,1966,0,"Yes",100,0,0,2,2,2,2,2,2,1,4,2,3,2,2,500
"6519","Hindi",1,1963,0,"No",100,0,0,4,2,3,3,3,2,3,4,3,4,3,4,350
"6520","Hindi",2,1933,0,"Yes",60,0,40,3,2,3,3,2,2,3,3,3,1,2,4,200
"6521","Hindi",2,1967,0,"Yes",90,0,10,1,2,3,3,3,3,3,1,3,1,3,4,400
"6522","Hindi",3,1994,1,"Yes",90,0,10,1,1,2,2,2,2,2,3,1,4,1,2,100
"6523","Hindi",1,2007,0,"Yes",0,0,100,4,2,3,3,3,2,3,4,2,1,3,2,500
"6524","Hindi",1,2004,0,"Yes",100,0,0,2,2,4,3,2,1,2,1,2,4,1,2,115
"6525","Hindi",1,1992,0,"No",0,0,100,3,2,2,1,2,2,4,2,1,3,1,3,782
"6526","Hindi",4,1994,0,"Yes",100,0,0,3,2,2,2,2,2,2,3,1,4,1,3,250
"6527","Hindi",1,2010,1,"Yes",0,0,100,4,3,2,2,3,2,3,3,3,3,2,2,85
"6528","Hindi",1,1993,1,"Yes",0,0,100,4,2,2,2,2,2,2,3,2,3,1,2,205
"6529","Hindi",1,1993,0,"No",100,0,0,3,1,2,2,2,1,3,3,2,3,1,3,18
"6530","Hindi",1,2004,1,"Yes",0,0,100,3,2,2,3,3,1,3,2,1,4,1,3,800
"6531","Hindi",1,2002,1,"Yes",0,0,100,4,2,3,1,3,2,2,2,2,3,1,3,415
"6532","Hindi",1,2003,0,"Yes",100,0,0,2,1,2,3,2,3,3,4,1,3,2,3,80
"6533","Hindi",1,1996,0,"Yes",0,0,100,3,1,1,1,1,2,2,3,1,3,1,2,70
"6534","Hindi",1,2008,0,"Yes",100,0,0,3,2,4,1,3,1,3,4,3,1,3,3,250
"6535","Hindi",1,1956,0,"Yes",90,0,10,3,1,2,2,2,2,2,3,1,3,1,2,120
"6536","Hindi",1,2007,1,"Yes",100,0,0,4,3,2,2,1,4,2,2,1,1,1,2,33
"6537","Hindi",1,2007,1,"Yes",75,0,25,3,1,3,4,2,2,2,4,3,1,3,2,100
"6538","Hindi",1,1995,0,"Yes",60,0,40,3,2,2,2,2,2,2,3,1,4,1,2,275
"6539","Hindi",2,1992,0,"Yes",99,0,1,4,3,3,1,2,2,2,1,2,2,1,2,250
"6540","Hindi",1,1995,1,"No",100,0,0,4,1,2,1,2,2,3,2,1,2,1,2,18
"6541","Hindi",1,2002,0,"Yes",100,0,0,3,1,2,2,2,2,4,2,1,4,1,2,230
"6542","Hindi",1,1996,0,"No",100,0,0,3,1,1,1,2,2,3,3,2,3,3,4,80
"6543","Hindi",1,2005,0,"Yes",0,0,100,4,3,2,2,3,1,3,1,2,1,2,2,300
"6544","Hindi",1,2011,1,"Yes",20,0,80,4,2,2,2,3,2,3,4,3,1,3,3,250
"6545","Hindi",1,1980,0,"Yes",90,0,10,1,1,1,1,3,1,4,4,2,1,2,4,100
"6546","Hindi",1,1994,0,"No",100,0,0,4,2,3,1,3,2,3,4,3,4,1,4,125
"6547","Hindi",1,1997,0,"Yes",5,0,95,4,1,3,3,2,1,2,3,2,3,1,2,800
"6548","Hindi",1,1998,0,"Yes",30,0,70,3,2,3,3,3,2,2,4,2,1,3,3,1400
"6549","Hindi",2,1990,0,"Yes",97,0,3,2,1,3,3,3,3,2,1,2,3,3,3,205
"6550","Hindi",1,1960,0,"Yes",50,0,50,2,1,1,1,1,1,1,4,1,4,1,1,380
"6551","Hindi",1,1989,1,"Yes",100,0,0,3,1,2,2,2,2,2,3,2,4,2,2,380
"6552","Hindi",1,2006,0,"Yes",100,0,0,2,2,2,2,1,1,2,2,3,4,3,2,400
"6553","Hindi",1,1981,0,"Yes",100,0,0,4,1,2,2,2,1,3,2,2,3,1,4,400
"6554","Hindi",1,1994,1,"Yes",30,0,70,4,3,2,1,3,1,2,2,2,4,1,3,900
"6555","Hindi",1,1965,0,"Yes",100,0,0,2,2,3,3,4,3,2,3,3,1,4,3,1150
"6556","Hindi",1,1975,1,"Yes",100,0,0,2,2,4,4,3,1,1,2,4,1,4,2,400
"6557","Hindi",1,1989,0,"Yes",100,0,0,2,2,2,2,2,2,2,3,3,1,4,2,1000
"6558","Hindi",3,2002,0,"Yes",90,0,10,2,2,3,3,2,2,2,1,3,1,3,4,450
"6559","Hindi",1,2009,0,"Yes",100,0,0,3,1,2,2,1,1,2,2,3,1,4,2,160
"6560","Hindi",1,2006,0,"Yes",20,0,80,2,2,2,2,1,1,2,2,3,4,3,2,130
"6561","Hindi",1,2003,1,"Yes",0,0,100,2,2,1,1,3,2,2,3,2,4,1,2,280
"6562","Hindi",1,2010,0,"Yes",0,0,100,2,2,2,2,1,1,2,2,3,4,3,2,150
"6563","Hindi",1,2004,0,"Yes",100,0,0,4,1,2,2,2,2,3,3,1,4,1,2,14
"6564","Hindi",1,1992,0,"No",100,0,0,2,2,1,1,1,1,1,2,3,4,3,2,200
"6565","Hindi",1,2007,1,"No",0,0,100,2,2,2,2,1,1,1,2,3,4,3,4,463
"6566","Hindi",1,1992,1,"Yes",0,0,100,2,2,2,2,1,1,1,2,3,4,2,2,400
"6567","Hindi",2,2005,1,"Yes",0,0,100,4,1,1,2,2,1,2,3,2,1,1,2,450
"6568","Hindi",1,2008,0,"Yes",100,0,0,2,2,2,2,1,1,2,2,3,1,4,2,150
"6569","Hindi",1,2003,0,"Yes",100,0,0,2,2,2,1,2,1,1,2,4,1,3,2,210
"6570","Hindi",1,2007,0,"Yes",95,0,5,2,2,2,2,1,1,1,2,3,4,3,2,350
"6571","Hindi",2,1986,0,"Yes",100,0,0,4,2,2,2,2,2,2,2,2,3,1,2,200
"6572","Hindi",1,2007,0,"Yes",100,0,0,2,2,2,2,1,1,2,2,3,4,3,2,15
"6573","Hindi",1,2004,1,"Yes",90,10,0,2,2,3,3,1,1,1,3,3,1,2,2,470
"6574","Hindi",1,2003,0,"Yes",90,0,10,2,2,2,2,1,1,2,2,3,4,3,2,70
"6575","Hindi",1,1989,0,"Yes",100,0,0,2,2,2,2,1,1,1,3,3,1,2,2,192
"6576","Hindi",1,2007,0,"Yes",100,0,0,2,1,2,1,1,2,1,3,3,4,1,2,135
"6577","Hindi",1,1998,0,"Yes",90,0,10,2,2,2,2,1,1,1,2,3,4,3,2,550
"6578","Hindi",1,2002,0,"Yes",100,0,0,2,2,3,3,1,1,1,3,3,4,3,3,220
"6579","Hindi",2,2004,1,"Yes",50,0,50,2,2,2,2,1,1,1,2,3,4,2,2,50
"6580","Hindi",1,1967,0,"Yes",100,0,0,2,1,1,2,1,1,2,2,2,1,1,2,150
"6581","Hindi",1,2004,0,"Yes",100,0,0,2,2,2,2,1,1,1,2,2,4,2,4,200
"6582","Hindi",1,1988,0,"Yes",100,0,0,2,2,2,2,1,1,2,2,3,4,3,2,600
"6583","Hindi",1,1978,0,"Yes",100,0,0,2,2,2,2,1,1,1,2,3,1,2,2,150
"6584","Hindi",1,1999,0,"Yes",90,0,10,2,2,2,2,1,1,2,2,1,4,3,2,600
"6585","Hindi",1,2005,0,"Yes",90,0,10,2,2,2,2,1,1,2,2,3,1,3,2,450
"6586","Hindi",1,1991,1,"Yes",100,0,0,2,2,2,1,1,1,1,2,4,4,1,2,300
"6587","Hindi",6,1995,1,"Yes",100,0,0,3,2,1,2,1,1,2,1,3,1,4,2,200
"6588","Hindi",1,1999,0,"No",0,0,100,2,2,2,2,2,2,2,3,2,4,2,2,200
"6589","Hindi",1,1986,0,"Yes",0,100,0,3,1,2,2,2,2,2,4,2,3,2,2,1000
"6590","Hindi",1,1951,0,"No",90,0,10,1,2,2,2,2,2,3,4,2,4,2,2,250
"6591","Hindi",3,1964,0,"Yes",80,0,20,4,2,2,2,2,2,2,2,3,2,3,2,300
"6592","Hindi",2,1998,1,"Yes",100,0,0,3,2,2,2,3,2,3,4,3,1,2,2,250
"6593","Hindi",15,1964,1,"Yes",100,0,0,2,1,2,2,2,1,2,4,3,4,1,2,280
"6594","Hindi",1,1976,0,"Yes",100,0,0,2,2,2,2,2,1,1,2,3,4,3,2,350
"6595","Hindi",1,1989,0,"Yes",90,0,10,2,2,2,2,2,2,2,1,4,1,4,2,80
"6596","Hindi",3,1981,0,"Yes",60,0,40,3,2,2,2,3,2,2,4,4,1,3,2,1300
"6597","Hindi",1,1997,0,"Yes",100,0,0,2,2,2,2,1,1,2,2,3,4,3,2,150
"6598","Hindi",1,1978,0,"Yes",70,0,30,3,3,2,2,2,2,2,4,3,1,2,3,130
"6599","Hindi",1,1986,0,"Yes",100,0,0,2,1,2,2,2,2,2,3,1,3,2,2,720
"6600","Hindi",3,1979,1,"Yes",82,0,18,3,3,2,2,3,2,2,4,4,1,3,2,336
"6601","Hindi",1,1983,0,"Yes",70,0,30,3,2,2,2,2,2,3,4,2,4,2,2,700
"6602","Hindi",1,1998,0,"Yes",100,0,0,2,2,2,2,2,2,2,1,3,1,1,3,150
"6603","Hindi",1,1947,0,"Yes",80,0,20,1,2,2,2,1,1,1,2,4,1,1,2,500
"6604","Hindi",1,1980,1,"Yes",100,0,0,2,2,2,2,2,1,2,2,3,4,3,2,1500
"6605","Hindi",3,1991,0,"Yes",60,0,40,3,2,2,2,2,2,2,4,2,1,2,1,150
"6606","Hindi",4,1971,1,"Yes",95,0,5,4,1,2,2,2,2,2,4,4,1,1,2,550
"6607","Hindi",1,1990,0,"Yes",80,0,20,4,3,2,2,2,2,2,4,2,1,3,2,150
"6608","Hindi",1,1969,1,"Yes",100,0,0,3,3,2,1,2,1,2,2,3,1,3,2,180
"6609","Hindi",4,1956,0,"Yes",60,0,40,2,2,2,1,2,1,2,2,4,4,1,2,3000
"6610","Hindi",1,1996,0,"Yes",85,0,15,2,2,4,2,1,1,2,2,3,4,3,2,275
"6611","Hindi",3,1999,0,"Yes",100,0,0,3,3,2,2,2,1,2,1,3,1,2,2,160
"6612","Hindi",2,1998,0,"Yes",100,0,0,1,2,2,2,3,2,2,2,2,2,3,2,250
"6613","Hindi",1,1996,0,"Yes",100,0,0,2,2,2,1,1,1,1,2,4,4,1,2,150
"6614","Hindi",1,1994,1,"Yes",100,0,0,1,2,2,2,2,2,2,4,3,2,2,2,400
"6615","Hindi",1,1976,0,"Yes",100,0,0,2,2,2,2,2,1,2,2,3,1,3,2,300
"6616","Hindi",1,2002,0,"Yes",35,0,65,1,1,1,2,1,1,2,2,1,3,1,1,350
"6617","Hindi",1,1994,1,"Yes",40,0,60,2,2,2,2,2,1,2,2,3,1,3,2,400
"6618","Hindi",1,2001,0,"No",0,0,100,3,2,2,2,2,2,3,2,1,2,1,2,50
"6619","Hindi",1,2006,0,"Yes",10,0,90,4,2,2,3,4,2,3,3,2,3,2,2,55
"6620","Hindi",1,1979,0,"Yes",100,0,0,3,1,2,2,2,2,2,3,1,3,1,2,185
"6621","Hindi",1,2001,0,"Yes",0,0,100,4,2,2,2,3,2,2,1,3,1,3,3,81
"6622","Hindi",1,2004,1,"No",100,0,0,2,2,2,2,1,1,2,2,3,4,3,2,125
"6623","Hindi",1,2005,0,"Yes",100,0,0,2,2,2,2,1,1,2,2,3,4,3,2,300
"6624","Hindi",1,2005,0,"Yes",70,0,30,2,2,2,2,1,1,1,3,3,4,2,2,250
"6625","Hindi",2,1995,0,"Yes",100,0,0,3,2,2,2,3,2,3,1,4,1,3,4,600
"6626","Hindi",1,2001,0,"Yes",100,0,0,1,2,2,2,1,1,2,2,3,4,2,2,350
"6627","Hindi",1,1968,0,"Yes",80,0,20,2,2,2,2,2,2,2,1,2,3,2,2,200
"6628","Hindi",1,1966,1,"Yes",50,0,50,2,2,2,2,2,1,2,2,3,4,2,2,300
"6629","Hindi",3,2004,0,"Yes",100,0,0,4,2,3,3,2,2,3,1,4,1,3,4,110
"6630","Hindi",1,2004,1,"Yes",40,0,60,1,2,2,2,1,1,2,2,3,4,3,2,100
"6631","Hindi",1,1993,0,"Yes",100,0,0,4,2,2,2,4,2,4,4,4,1,2,2,5
"6632","Hindi",1,1996,0,"Yes",100,0,0,4,2,3,3,3,2,3,1,1,1,2,4,30
"6633","Hindi",1,1997,0,"Yes",0,0,100,4,2,2,2,4,2,4,4,4,1,2,2,45
"6634","Hindi",1,1980,0,"Yes",100,0,0,4,2,3,3,3,3,2,1,3,1,2,4,35
"6635","Hindi",1,1956,0,"Yes",100,0,0,4,2,3,3,3,3,3,1,3,1,3,4,16
"6636","Hindi",1,1986,0,"No",100,0,0,4,2,3,3,2,2,3,1,3,1,3,3,15
"6637","Hindi",1,1980,0,"No",100,0,0,3,1,2,1,3,3,2,3,1,4,1,3,72
"6638","Hindi",1,1974,0,"No",100,0,0,1,2,3,3,3,2,3,1,4,1,3,4,20
"6639","Hindi",2,1968,0,"No",100,0,0,1,3,3,3,2,2,3,1,3,1,2,3,10
"6640","Hindi",1,1980,0,"Yes",100,0,0,1,2,2,2,3,2,4,3,4,1,2,2,10
"6641","Hindi",1,1981,0,"No",100,0,0,1,2,3,3,3,2,3,1,3,1,3,3,13
"6642","Hindi",1,1990,0,"Yes",100,0,0,4,2,2,2,4,2,1,3,4,1,2,2,13
"6643","Hindi",1,2003,0,"Yes",100,0,0,4,2,2,2,4,2,4,3,1,1,3,2,20
"6644","Hindi",1,1990,0,"Yes",100,0,0,4,2,2,2,4,2,4,4,4,1,2,2,14
"6645","Hindi",1,1974,0,"No",100,0,0,4,2,2,2,4,2,4,4,4,1,2,2,6
"6646","Hindi",1,1969,0,"Yes",100,0,0,4,2,2,2,4,2,4,4,4,1,2,2,6
"6647","Hindi",1,1956,0,"Yes",100,0,0,1,2,2,2,4,2,4,4,4,1,2,2,12
"6648","Hindi",1,1956,0,"Yes",100,0,0,4,2,2,2,4,2,4,4,4,1,2,2,12
"6649","Hindi",1,1986,0,"Yes",75,0,25,4,2,2,2,4,2,4,4,1,4,2,2,75
"6650","Hindi",1,1977,0,"Yes",100,0,0,4,2,2,2,4,2,4,3,4,1,2,2,6
"6651","Hindi",1,1974,0,"No",100,0,0,1,2,3,3,2,3,3,1,3,1,3,4,15
"6652","Hindi",1,1980,0,"Yes",100,0,0,4,2,2,2,4,2,1,3,4,1,2,2,10
"6653","Hindi",1,1979,0,"Yes",100,0,0,4,2,2,2,3,2,3,3,3,3,2,2,12
"6654","Hindi",2,1974,0,"Yes",100,0,0,1,2,3,3,3,2,3,1,4,1,3,4,40
"6655","Hindi",2,1996,0,"Yes",0,0,100,4,2,3,3,3,3,3,4,3,1,3,4,110
"6656","Hindi",1,1980,0,"No",100,0,0,3,2,3,3,3,2,3,4,3,4,2,3,6
"6657","Hindi",1,1977,1,"Yes",100,0,0,4,1,2,2,2,2,2,4,4,1,3,4,72
"6658","Hindi",1,1990,0,"Yes",55,30,15,4,2,2,2,3,3,4,4,3,1,3,3,60
"6659","Hindi",1,1995,0,"No",100,0,0,3,1,3,2,2,2,3,4,1,1,1,4,15
"6660","Hindi",1,1964,1,"Yes",50,0,50,1,2,2,2,1,1,1,2,3,4,2,2,450
"6661","Hindi",1,1995,1,"Yes",100,0,0,4,1,2,2,2,1,3,3,2,3,1,3,260
"6662","Hindi",1,1993,0,"Yes",10,0,90,3,1,2,3,2,1,2,3,3,3,1,2,2500
"6663","Hindi",1,1991,0,"No",20,80,0,3,2,2,2,2,3,2,2,1,3,1,2,15
"6664","Hindi",1,1965,0,"Yes",100,0,0,2,1,2,2,2,2,2,3,1,4,1,2,220
"6665","Hindi",1,1989,0,"Yes",100,0,0,4,1,3,1,3,2,1,2,2,1,1,1,25
"6666","Hindi",1,1990,0,"Yes",10,0,90,1,2,3,3,3,2,1,4,2,1,3,2,150
"6667","Hindi",1,1997,0,"Yes",100,0,0,4,1,3,2,2,2,3,3,4,4,2,3,17
"6668","Hindi",1,1998,0,"No",95,5,0,4,1,2,3,1,3,3,2,4,4,1,3,15
"6669","Hindi",1,2008,0,"Yes",100,0,0,3,2,1,1,2,2,2,4,1,4,1,2,30
"6670","Hindi",2,2005,0,"Yes",0,0,100,4,3,2,2,3,3,3,1,4,1,3,3,100
"6671","Hindi",1,1985,0,"Yes",100,0,0,3,1,3,2,3,2,2,1,2,2,1,3,8
"6672","Hindi",1,2006,1,"Yes",100,0,0,4,3,2,1,2,2,2,3,3,3,1,3,80
"6673","Hindi",1,1990,0,"No",100,0,0,3,2,2,2,2,1,2,2,2,4,1,2,25
"6674","Hindi",1,1997,0,"No",100,0,0,4,1,2,1,1,2,1,2,1,2,1,2,14
"6675","Hindi",1,2001,0,"No",100,0,0,4,1,2,1,2,2,2,3,2,1,1,3,40
"6676","Hindi",1,1996,0,"Yes",100,0,0,2,1,3,2,3,3,4,4,3,4,2,3,450
"6677","Hindi",1,2003,0,"Yes",40,0,60,4,NA,2,2,2,2,3,2,1,2,1,4,90
"6678","Hindi",1,1996,1,"Yes",100,0,0,4,2,1,1,3,2,3,3,2,1,2,3,23
"6679","Hindi",1,1996,0,"No",100,0,0,2,2,4,3,2,1,1,4,3,1,3,3,50
"6680","Hindi",1,1995,0,"No",100,0,0,3,3,2,2,3,2,2,4,3,1,2,3,7
"6681","Hindi",1,1997,1,"No",100,0,0,3,2,3,1,2,2,3,3,2,3,1,4,23
"6682","Hindi",1,1982,0,"No",100,0,0,4,1,2,1,1,3,2,2,1,1,1,3,60
"6683","Hindi",1,1990,0,"No",100,0,0,4,1,1,1,2,2,2,3,1,1,1,3,85
"6684","Hindi",1,2000,0,"Yes",100,0,0,2,3,2,NA,2,3,2,4,1,1,1,4,30
"6685","Hindi",1,2010,0,"Yes",100,0,0,4,3,3,1,2,2,3,3,2,3,1,2,80
"6686","Hindi",1,1981,0,"Yes",100,0,0,3,2,4,1,3,2,2,2,2,3,1,2,41
"6687","Hindi",1,1995,0,"Yes",100,0,0,2,2,2,2,1,1,2,2,3,1,2,2,5
"6688","Hindi",3,1990,0,"Yes",100,0,0,4,2,4,3,2,2,2,4,1,3,1,3,50
"6689","Hindi",1,2001,0,"Yes",90,0,10,2,1,3,2,2,1,2,2,3,4,1,2,40
"6690","Hindi",1,1995,0,"Yes",100,0,0,2,2,2,2,1,1,2,2,3,4,3,2,44
"6691","Hindi",1,1999,0,"Yes",100,0,0,3,1,2,2,2,2,2,4,1,3,1,2,105
"6692","Hindi",1,2006,0,"No",100,0,0,3,1,2,2,2,2,2,3,1,4,1,2,80
"6693","Hindi",1,2003,0,"Yes",100,0,0,3,1,2,1,2,2,2,3,1,3,1,2,80
"6694","Hindi",1,1992,0,"Yes",100,0,0,3,2,2,2,2,2,2,4,1,3,1,2,10
"6695","Hindi",1,2011,0,"No",100,0,0,3,1,2,2,2,2,2,2,1,3,1,2,6
"6696","Hindi",1,2008,0,"No",100,0,0,2,2,2,2,1,1,1,2,2,1,2,2,35
"6697","Hindi",1,1996,1,"Yes",30,0,70,3,1,3,1,2,1,2,2,2,4,1,3,170
"6698","Hindi",1,1999,1,"Yes",100,0,0,3,1,2,1,2,1,2,2,3,4,1,2,50
"6699","Hindi",1,1993,0,"Yes",100,0,0,3,1,2,1,2,1,2,2,2,3,1,2,12
"6700","Hindi",1,1981,1,"No",90,0,10,2,2,2,2,1,1,2,2,3,4,3,2,60
"6701","Hindi",2,1996,1,"Yes",20,0,80,2,2,2,2,1,1,2,2,4,3,2,2,12
"6702","Hindi",1,1990,0,"Yes",30,0,70,3,1,2,1,1,1,2,2,2,4,1,2,25
"6703","Hindi",1,2005,0,"Yes",100,0,0,2,2,4,4,2,1,2,2,3,4,3,2,60
"6704","Hindi",1,1995,0,"Yes",100,0,0,2,2,2,2,1,1,2,2,3,4,3,2,23
"6705","Hindi",1,1970,0,"Yes",100,0,0,3,1,2,2,2,2,2,3,2,4,1,2,40
"6706","Hindi",2,2007,0,"Yes",0,0,100,4,2,3,3,4,2,3,4,3,1,3,4,97
"6707","Hindi",3,2007,1,"Yes",60,0,40,3,1,3,1,2,2,2,2,1,3,1,2,450
"6708","Hindi",1,1998,0,"Yes",70,0,30,1,2,2,2,3,1,3,1,3,1,3,3,10
"6709","Hindi",1,2010,0,"Yes",100,0,0,2,2,1,1,1,1,1,2,3,1,3,2,25
"6710","Hindi",1,1997,0,"No",100,0,0,3,2,3,3,2,2,2,4,3,3,2,3,20
"6711","Hindi",1,1985,1,"Yes",100,0,0,2,2,2,2,1,3,2,2,3,1,2,2,250
"6712","Hindi",1,1992,0,"No",0,0,100,3,1,2,3,1,1,2,3,1,1,1,2,80
"6713","Hindi",1,1997,0,"Yes",0,0,100,2,2,2,2,3,2,2,4,3,1,3,3,300
"6714","Hindi",1,1974,0,"No",0,0,100,3,2,3,3,1,1,2,2,1,1,1,3,150
"6715","Hindi",1,2006,0,"Yes",100,0,0,2,2,2,2,1,1,2,2,3,4,3,2,250
"6716","Hindi",3,1995,1,"Yes",0,0,100,2,2,2,2,3,2,3,4,2,4,2,2,60
"6717","Hindi",1,2008,0,"Yes",0,0,100,2,2,2,2,2,2,2,1,3,1,3,2,80
"6718","Hindi",1,2006,0,"No",100,0,0,2,2,3,3,1,1,1,2,2,4,2,2,55
"6719","Hindi",1,1993,1,"Yes",0,0,100,4,1,2,2,1,1,2,2,1,2,1,3,60
"6720","Hindi",1,2003,0,"Yes",0,0,100,2,1,2,2,1,1,1,4,2,4,1,2,170
"6721","Hindi",1,1999,0,"Yes",0,0,100,2,2,2,2,1,1,2,2,3,4,3,2,164
"6722","Hindi",1,2006,1,"Yes",68,0,32,2,2,2,2,1,1,1,2,3,1,2,2,30
"6723","Hindi",1,1990,0,"Yes",100,0,0,3,1,2,1,2,2,2,2,2,4,1,2,8
"6724","Hindi",3,1992,0,"Yes",100,0,0,4,2,2,2,2,2,4,3,2,4,1,2,8
"6725","Hindi",1,2005,0,"No",100,0,0,4,2,2,1,2,1,2,2,2,3,1,2,12
"6726","Hindi",1,2006,0,"Yes",90,0,10,1,2,1,3,1,1,2,2,3,4,3,4,70
"6727","Hindi",1,2008,0,"Yes",100,0,0,2,2,2,2,1,1,1,2,3,4,2,2,4
"6728","Hindi",1,1975,0,"No",100,0,0,2,2,2,2,1,1,2,2,3,4,3,2,5
"6729","Hindi",1,2007,0,"No",100,0,0,3,2,3,1,2,1,2,2,2,4,1,3,9
"6730","Hindi",1,2004,0,"Yes",100,0,0,2,2,2,2,1,1,1,2,3,4,2,2,115
"6731","Hindi",1,2000,0,"Yes",20,0,80,2,2,2,2,1,1,2,2,3,1,3,2,226
"6732","Hindi",1,2002,0,"Yes",100,0,0,1,2,2,2,1,1,1,2,3,4,2,2,150
"6733","Hindi",1,2004,0,"Yes",50,0,50,2,2,2,2,1,1,1,2,3,1,2,2,35
"6734","Hindi",1,1986,1,"Yes",100,0,0,3,1,3,3,3,1,2,3,2,1,1,3,45
"6735","Hindi",5,2008,0,"Yes",100,0,0,2,1,1,3,3,1,3,3,2,3,3,3,600
"6736","Hindi",3,1978,0,"Yes",100,0,0,2,1,4,2,1,2,2,3,1,2,1,3,136
"6737","Hindi",1,2009,0,"Yes",0,0,100,4,2,3,1,1,1,2,3,2,3,2,3,40
"6738","Hindi",1,2005,0,"Yes",100,0,0,2,2,2,2,1,1,1,2,3,1,2,1,47
"6739","Hindi",1,2002,1,"Yes",10,0,90,2,2,2,2,1,1,1,2,3,4,2,2,55
"6740","Hindi",1,NA,0,"Yes",100,0,0,2,1,2,2,2,2,2,2,2,4,1,2,25
"6741","Hindi",1,2003,0,"Yes",95,0,5,4,2,2,2,3,2,2,3,1,3,1,2,22
"6742","Hindi",1,1998,1,"Yes",100,0,0,2,2,2,2,2,2,3,4,2,4,1,2,15
"6743","Hindi",1,1992,0,"Yes",90,0,10,2,2,2,2,1,1,2,2,3,1,3,2,170
"6744","Hindi",1,1979,0,"Yes",90,0,10,4,2,2,1,2,1,2,2,3,4,1,3,80
"6745","Hindi",1,1983,0,"Yes",95,0,5,2,2,2,2,1,1,2,2,3,1,3,2,18
"6746","Hindi",1,1992,0,"Yes",100,0,0,2,1,2,1,2,2,2,2,2,4,1,2,50
"6747","Hindi",2,1995,0,"No",100,0,0,1,2,2,2,1,1,2,2,3,4,3,2,11
"6748","Hindi",1,1992,0,"No",100,0,0,2,2,2,2,1,1,1,2,3,4,3,2,30
"6749","Hindi",1,1998,0,"No",100,0,0,2,2,2,2,1,1,1,2,3,4,3,2,15
"6750","Hindi",1,1993,0,"No",100,0,0,2,2,2,2,1,1,1,2,3,4,3,2,12
"6751","Hindi",1,1992,0,"No",100,0,0,2,2,2,2,1,1,2,2,4,1,3,2,12
"6752","Hindi",1,1991,0,"No",100,0,0,2,2,2,2,1,1,2,2,3,4,3,2,10
"6753","Hindi",1,1985,1,"Yes",80,0,20,4,2,2,1,1,1,1,2,4,1,1,2,50
"6754","Hindi",1,2010,0,"Yes",100,0,0,2,1,2,2,2,2,2,2,1,2,1,2,45
"6755","Hindi",1,1990,0,"No",100,0,0,4,2,2,1,1,1,1,2,4,1,1,2,12
"6756","Hindi",1,1982,1,"Yes",100,0,0,4,1,2,2,2,2,2,3,4,1,2,2,37
"6757","Hindi",2,1986,1,"Yes",100,0,0,1,2,2,2,2,2,2,4,2,4,2,2,100
"6758","Hindi",1,1969,1,"Yes",40,0,60,2,2,2,2,2,2,3,4,2,1,2,2,25
"6759","Hindi",1,2005,0,"No",100,0,0,2,2,2,2,1,1,2,2,3,4,3,2,12
"6760","Hindi",1,2005,1,"Yes",10,0,90,2,2,2,2,2,1,2,2,3,1,3,2,15
"6761","Hindi",1,2006,0,"Yes",95,0,5,2,2,2,2,1,1,2,2,3,1,3,2,60
"6762","Hindi",1,1995,1,"Yes",80,0,20,2,2,2,2,2,2,3,4,2,1,2,2,8
"6763","Hindi",2,1975,0,"Yes",100,0,0,2,2,2,2,2,2,2,2,3,3,2,2,300
"6764","Hindi",2,1971,0,"No",100,0,0,4,2,2,2,4,2,3,4,3,1,3,3,18
"6765","Hindi",1,1997,0,"Yes",0,0,100,2,2,2,1,1,1,1,2,4,4,1,2,60
"6766","Hindi",1,2002,0,"Yes",100,0,0,3,1,2,2,2,1,2,2,3,1,1,2,6
"6767","Hindi",1,2012,0,"Yes",100,0,0,3,1,2,2,3,2,2,4,3,1,2,2,7
"6768","Hindi",1,2002,0,"Yes",100,0,0,2,2,2,2,2,1,2,2,3,4,3,2,70
"6769","Hindi",1,1999,0,"Yes",100,0,0,2,2,2,2,1,1,1,2,3,4,3,1,180
"6770","Hindi",1,1995,0,"Yes",100,0,0,3,1,2,1,2,2,2,2,1,4,1,2,17
"6771","Hindi",1,1984,1,"Yes",100,0,0,2,2,2,2,2,2,2,4,2,1,2,2,450
"6772","Hindi",1,1984,0,"Yes",100,0,0,2,2,2,2,2,2,3,4,2,3,1,2,8
"6773","Hindi",1,1981,1,"Yes",80,0,20,2,2,2,2,2,3,2,3,4,1,4,2,70
"6774","Hindi",1,1976,0,"Yes",100,0,0,2,2,2,2,2,2,3,4,2,1,2,2,350
"6775","Hindi",1,1985,0,"Yes",100,0,0,2,2,2,2,NA,1,2,3,2,1,2,2,47
"6776","Hindi",1,1992,1,"Yes",100,0,0,2,2,2,2,2,2,2,4,2,1,2,2,25
"6777","Hindi",1,2006,0,"No",100,0,0,2,2,2,2,2,2,2,2,2,4,2,2,230
"6778","Hindi",1,1999,0,"Yes",100,0,0,2,2,2,2,1,1,2,2,3,4,3,2,50
"6779","Hindi",1,1985,1,"Yes",0,0,100,2,2,2,2,1,1,1,1,3,4,3,2,850
"6780","Hindi",1,2007,0,"Yes",100,0,0,2,1,2,1,1,1,2,2,1,2,2,2,20
"6781","Hindi",1,2000,1,"Yes",100,0,0,2,2,4,4,2,2,3,4,2,4,2,2,50
"6782","Hindi",1,1982,0,"Yes",95,0,5,2,2,2,2,2,2,2,2,3,1,2,2,400
"6783","Hindi",1,1930,0,"Yes",85,0,15,4,3,3,3,3,2,3,1,3,1,3,4,80
"6784","Hindi",1,1997,0,"Yes",100,0,0,4,2,2,2,3,2,4,3,4,1,2,2,77
"6785","Hindi",1,2009,0,"No",100,0,0,2,2,2,2,1,1,2,2,3,4,3,2,50
"6786","Hindi",1,1992,0,"Yes",40,0,60,4,3,3,3,3,3,3,1,3,1,3,4,400
"6787","Hindi",3,1980,0,"Yes",100,0,0,4,2,3,2,3,2,3,1,3,1,3,4,25
"6788","Hindi",1,1972,0,"Yes",100,0,0,4,2,2,2,2,2,4,4,3,4,2,2,40
"6789","Hindi",1,1988,0,"Yes",100,0,0,4,2,2,2,3,2,3,3,4,1,2,2,20
"6790","Hindi",1,1968,0,"Yes",100,0,0,4,2,2,2,4,2,3,3,4,3,2,2,9
"6791","Hindi",1,1983,0,"Yes",100,0,0,4,2,2,2,4,2,4,3,3,4,2,2,20
"6792","Hindi",2,1989,0,"Yes",75,0,25,4,2,3,3,2,2,3,1,3,1,3,4,300
"6793","Hindi",1,1992,0,"Yes",100,0,0,4,2,2,2,3,2,4,3,4,1,3,2,40
"6794","Hindi",1,1990,0,"No",100,0,0,4,2,3,2,3,2,3,4,3,1,3,3,100
"6795","Hindi",1,1971,0,"Yes",100,0,0,4,2,3,3,2,3,3,1,4,4,4,3,38
"6796","Hindi",1,1979,0,"Yes",100,0,0,4,2,2,2,4,2,2,3,4,1,2,2,10
"6797","Hindi",1,1980,0,"No",100,0,0,4,2,3,3,3,2,2,3,3,3,2,4,10
"6798","Hindi",2,1974,0,"Yes",85,0,15,4,2,3,3,3,2,3,1,3,1,3,4,145
"6799","Hindi",1,1978,0,"Yes",100,0,0,4,2,3,3,2,2,2,1,4,1,3,3,700
"6800","Hindi",1,1994,0,"Yes",60,0,40,3,1,2,2,2,2,2,3,1,3,1,2,20
"6801","Hindi",1,1996,0,"Yes",90,10,0,4,1,3,1,3,2,2,3,3,4,1,3,200
"6802","Hindi",1,1989,0,"Yes",100,0,0,4,1,2,1,2,1,2,3,2,4,1,2,10
"6803","Hindi",1,1994,0,"No",100,0,0,3,2,2,2,4,2,3,4,3,1,2,3,16
"6804","Hindi",1,1986,1,"No",100,0,0,3,1,4,3,3,1,2,3,2,3,2,3,18
"6805","Hindi",1,1982,0,"No",100,0,0,2,2,3,3,1,1,1,4,2,3,3,3,14
"6806","Hindi",1,1992,0,"No",100,0,0,2,2,3,3,3,1,3,1,3,1,3,3,15
"6807","Hindi",1,1992,0,"Yes",100,0,0,1,1,4,1,1,1,2,1,2,1,3,4,500
"6808","Hindi",1,1989,0,"No",100,0,0,4,2,3,3,2,2,3,3,2,3,2,3,60
"6809","Hindi",1,1998,1,"No",100,0,0,2,2,2,2,2,2,2,1,4,1,3,2,12
"6810","Hindi",6,1985,0,"Yes",75,0,25,3,1,2,2,2,1,2,2,4,4,1,3,400
"6811","Hindi",1,1989,0,"Yes",100,0,0,3,1,2,1,2,2,2,2,2,3,1,3,17
"6812","Hindi",1,2005,0,"Yes",100,0,0,2,1,2,1,1,2,2,2,2,4,1,3,15
"6813","Hindi",1,2005,0,"Yes",100,0,0,3,2,4,3,3,2,3,4,3,1,3,4,250
"6814","Hindi",1,2004,0,"Yes",100,0,0,3,1,3,1,2,3,1,2,1,4,1,2,800
"6815","Hindi",1,2006,0,"Yes",0,0,100,4,2,2,2,3,1,2,1,3,1,2,2,38
"6816","Hindi",1,1994,0,"No",100,0,0,2,2,2,2,1,1,2,2,3,4,3,2,10
"6817","Hindi",1,1991,0,"Yes",100,0,0,2,2,3,3,1,1,2,2,4,1,2,3,70
"6818","Hindi",1,1992,0,"Yes",100,0,0,3,1,2,2,1,2,2,3,1,4,2,2,80
"6819","Hindi",1,1992,0,"Yes",0,0,100,3,2,3,3,3,1,2,3,2,1,2,3,190
"6820","Hindi",1,1994,0,"Yes",100,0,0,2,2,2,2,2,1,2,2,3,4,3,2,100
"6821","Hindi",1,1989,0,"Yes",95,0,5,2,2,2,2,1,1,2,2,3,1,3,2,12
"6822","Hindi",1,2004,0,"Yes",100,0,0,2,2,1,2,1,1,2,2,3,4,3,2,200
"6823","Hindi",1,2002,0,"No",100,0,0,4,2,2,2,1,1,3,3,3,3,3,3,18
"6824","Hindi",1,1994,0,"Yes",100,0,0,2,2,2,2,1,1,1,2,3,1,2,2,15
"6825","Hindi",1,1975,1,"Yes",100,0,0,2,2,2,2,1,1,1,2,3,1,3,1,500
"6826","Hindi",1,1953,0,"Yes",100,0,0,2,2,2,2,1,1,1,2,2,4,2,2,400
"6827","Hindi",4,2001,0,"Yes",80,0,20,3,1,2,2,4,2,3,3,3,4,2,2,100
"6828","Hindi",1,1993,0,"Yes",100,0,0,2,2,2,2,4,1,2,2,3,4,3,2,40
"6829","Hindi",1,1990,0,"Yes",95,0,5,2,2,2,2,2,1,2,2,3,4,3,2,400
"6830","Hindi",1,1966,0,"Yes",100,0,0,2,2,2,2,2,1,2,2,3,4,3,2,17
"6831","Hindi",1,1969,0,"Yes",80,0,20,3,2,2,1,2,2,1,3,3,1,2,2,130
"6832","Hindi",1,2002,0,"Yes",100,0,0,2,2,2,2,1,1,2,2,3,4,3,2,12
"6833","Hindi",3,1972,0,"Yes",100,0,0,4,2,2,2,2,1,2,4,3,1,2,2,350
"6834","Hindi",1,1989,0,"No",100,0,0,3,3,2,2,2,1,2,3,4,1,3,2,20
"6835","Hindi",1,1979,0,"Yes",100,0,0,2,2,2,2,2,2,2,4,2,1,2,2,200
"6836","Hindi",1,1969,0,"Yes",60,0,40,3,1,2,3,2,1,1,3,4,1,2,2,33
"6837","Hindi",1,1995,0,"Yes",70,0,30,3,2,2,3,2,1,2,4,3,1,1,2,105
"6838","Hindi",1,1998,0,"Yes",100,0,0,2,2,2,2,2,2,2,4,2,1,2,2,20
"6839","Hindi",1,1980,0,"Yes",100,0,0,4,2,2,2,3,2,4,4,4,1,2,2,20
"6840","Hindi",1,2000,0,"Yes",100,0,0,4,1,2,2,3,2,4,4,4,1,2,2,12
"6841","Hindi",1,2005,0,"No",100,0,0,4,2,2,1,2,2,4,4,1,3,1,2,9
"6842","Hindi",1,1984,1,"No",100,0,0,3,1,2,1,2,3,1,3,3,1,1,3,20
"6843","Hindi",1,2003,NA,"Yes",95,0,5,4,1,3,1,2,2,1,3,3,1,1,2,15
"6844","Hindi",1,2004,0,"Yes",0,0,100,3,2,2,2,2,2,2,3,2,4,1,3,60
"6845","Hindi",1,2001,0,"Yes",0,0,100,2,1,1,1,2,2,2,2,1,3,1,3,12
"6846","Hindi",1,1986,0,"Yes",10,0,90,3,1,2,2,2,3,2,3,1,3,1,3,40
"6847","Hindi",1,2009,0,"Yes",40,0,60,3,2,2,1,2,1,3,4,3,3,3,3,225
"6848","Hindi",3,1986,0,"Yes",85,0,15,2,2,2,2,1,1,2,2,3,4,3,2,1000
"6849","Hindi",1,1974,0,"Yes",100,0,0,4,2,2,2,3,2,4,4,4,1,2,2,20
"6850","Hindi",2,2006,0,"Yes",95,0,5,3,1,3,4,2,2,2,3,2,3,1,3,190
"6851","Hindi",8,2009,0,"Yes",100,0,0,4,2,1,4,3,2,3,4,3,1,3,4,250
"6852","Hindi",1,2009,0,"Yes",100,0,0,2,2,2,2,1,1,2,2,3,4,3,2,65
"6853","Hindi",1,2001,0,"Yes",100,0,0,2,2,2,2,1,1,3,2,3,4,3,2,100
"6854","Hindi",1,2012,1,"No",0,0,100,2,2,2,2,1,1,1,2,3,1,2,2,190
"6855","Hindi",1,2003,0,"Yes",90,0,10,2,2,2,2,1,1,2,2,3,4,3,2,35
"6856","Hindi",1,1967,0,"Yes",50,0,50,3,1,2,2,3,2,3,2,1,4,1,2,300
"6857","Hindi",1,2011,1,"Yes",100,0,0,4,3,2,3,1,1,3,4,2,1,1,3,11
"6858","Hindi",1,2004,0,"No",0,0,100,NA,1,NA,2,3,1,3,3,1,4,2,2,50
"6859","Hindi",1,2011,0,"No",100,0,0,4,1,2,2,2,2,2,4,2,4,1,4,120
"6860","Hindi",1,1995,0,"Yes",100,0,0,3,1,2,2,2,1,2,2,3,3,1,2,8
"6861","Hindi",1,1998,0,"No",100,0,0,4,1,1,1,3,1,1,3,3,1,1,3,25
"6862","Hindi",1,1999,0,"No",100,0,0,1,2,3,1,2,1,2,3,3,3,1,4,13
"6863","Hindi",1,2003,0,"Yes",100,0,0,2,2,2,2,3,1,2,2,3,3,2,2,102
"6864","Hindi",1,1999,0,"No",100,0,0,3,1,2,1,2,2,3,3,1,4,1,2,15
"6865","Hindi",4,2000,0,"Yes",5,0,95,3,2,2,1,2,2,2,3,1,3,1,2,235
"6866","Hindi",1,2009,0,"No",100,0,0,1,2,3,2,3,3,3,3,2,4,2,2,72
"6867","Hindi",2,2011,1,"Yes",0,0,100,2,1,2,2,2,2,2,2,1,4,1,2,175
"6868","Hindi",1,1998,1,"Yes",90,0,10,2,2,2,2,1,2,4,4,2,4,2,2,7
"6869","Hindi",1,2009,0,"Yes",100,0,0,2,2,2,2,1,1,1,2,3,1,3,2,36
"6870","Hindi",1,2008,1,"No",100,0,0,2,2,3,3,1,1,1,2,3,4,2,2,250
"6871","Hindi",1,2010,0,"No",100,0,0,2,2,2,2,1,1,1,2,3,1,2,2,150
"6872","Hindi",1,2003,1,"Yes",100,0,0,3,1,1,2,1,1,2,1,4,4,1,2,100
"6873","Hindi",1,2002,0,"Yes",100,0,0,4,1,3,4,3,2,4,4,4,3,1,3,38
"6874","Hindi",1,2008,0,"Yes",100,0,0,2,2,2,2,2,1,2,2,3,1,3,2,150
"6875","Hindi",1,2005,0,"Yes",0,0,100,2,2,2,2,1,1,2,2,4,3,2,2,57
"6876","Hindi",2,2008,0,"No",100,0,0,4,2,3,3,3,2,2,1,3,1,3,4,150
"6877","Hindi",2,2010,0,"No",100,0,0,3,3,2,2,3,1,2,1,4,1,2,2,70
"6878","Hindi",2,2000,0,"Yes",5,0,95,2,4,3,2,2,1,2,2,1,1,1,3,70
"6879","Hindi",1,1983,1,"Yes",100,0,0,2,2,2,2,1,1,1,2,3,1,3,2,50
"6880","Hindi",1,1992,0,"No",100,0,0,1,2,3,3,3,2,3,1,3,1,3,3,5
"6881","Hindi",1,2010,0,"Yes",50,0,50,2,2,2,2,1,1,2,2,3,4,3,2,50
"6882","Hindi",1,2011,1,"Yes",100,0,0,1,1,2,2,1,1,2,2,2,1,2,2,70
"6883","Hindi",1,1978,0,"Yes",100,0,0,2,1,2,1,1,2,1,1,1,4,1,2,80
"6884","Hindi",1,2008,1,"Yes",100,0,0,2,2,2,2,1,1,1,2,3,1,3,2,150
"6885","Hindi",1,2001,0,"Yes",100,0,0,2,2,2,2,2,2,2,1,3,2,2,2,250
"6886","Hindi",1,1980,0,"Yes",100,0,0,1,1,2,2,2,2,3,4,2,4,2,2,400
"6887","Hindi",1,2011,0,"Yes",100,0,0,2,2,1,2,1,1,1,2,2,4,2,2,300
"6888","Hindi",1,1992,1,"Yes",100,0,0,2,2,2,2,1,1,2,2,3,1,3,2,75
"6889","Hindi",1,1994,0,"No",100,0,0,4,3,3,3,1,2,4,4,2,1,2,3,30
"6890","Hindi",1,2009,0,"No",100,0,0,2,1,3,3,1,4,1,3,2,2,1,3,35
"6891","Hindi",1,1981,0,"Yes",100,0,0,2,1,1,1,1,2,3,3,2,1,1,1,160
"6892","Hindi",1,1988,0,"Yes",100,0,0,1,1,2,2,2,1,2,4,3,1,4,2,35
"6893","Hindi",3,1994,0,"No",100,0,0,1,1,1,1,1,1,1,3,1,3,1,1,50
"6894","Hindi",1,1962,0,"Yes",80,0,20,1,1,1,1,1,1,1,3,1,3,1,1,300
"6895","Hindi",4,1970,0,"Yes",100,0,0,2,2,4,1,1,1,1,1,1,2,1,2,70
"6896","Hindi",2,2006,0,"Yes",0,0,100,2,2,2,2,3,2,3,4,3,1,3,2,190
"6897","Hindi",1,1990,0,"Yes",0,0,100,1,1,2,1,1,2,2,3,3,1,2,2,250
"6898","Hindi",1,1986,0,"Yes",80,0,20,3,1,3,2,3,2,3,3,4,1,2,3,30
"6899","Hindi",6,1990,0,"No",90,0,10,2,1,2,3,3,2,3,4,1,1,4,4,80
"6900","Hindi",7,1989,0,"Yes",95,0,5,2,4,4,1,1,1,1,1,1,1,1,1,400
"6901","Hindi",3,1988,0,"No",90,0,10,1,1,1,1,1,1,1,3,1,2,1,1,200
"6902","Hindi",1,1982,0,"No",0,0,100,2,2,1,1,1,2,1,3,1,1,1,1,350
"6903","Hindi",1,1997,0,"No",0,0,100,1,1,1,1,1,1,1,1,1,1,1,1,50
"6904","Hindi",2,1989,0,"Yes",0,0,100,2,1,2,1,2,1,2,3,4,1,1,3,150
"6905","Hindi",1,2001,1,"No",100,0,0,2,2,3,2,3,3,3,4,2,1,2,3,6
"6906","Hindi",1,1990,0,"Yes",0,0,100,1,1,1,1,1,1,1,1,1,4,1,1,30
"6907","Hindi",1,1982,0,"Yes",70,0,30,2,1,2,1,2,2,3,3,2,1,1,3,150
"6908","Hindi",2,1986,0,"Yes",100,0,0,2,1,2,2,2,1,2,4,3,1,3,2,11
"6909","Hindi",1,1980,0,"Yes",30,0,70,2,2,3,2,3,4,3,4,3,1,3,3,75
"6910","Hindi",3,1983,0,"Yes",100,0,0,1,1,2,2,2,2,2,4,4,1,2,2,220
"6911","Hindi",3,1986,0,"Yes",70,0,30,1,1,3,2,3,2,2,2,4,1,2,2,150
"6912","Hindi",5,1972,0,"Yes",80,0,20,1,1,1,4,4,2,1,1,1,1,1,1,350
"6913","Hindi",1,1984,1,"Yes",100,0,0,1,1,1,1,1,1,1,1,1,4,1,1,200
"6914","Hindi",3,1973,0,"Yes",100,0,0,1,1,1,1,1,1,1,3,1,3,1,1,230
"6915","Hindi",1,1999,0,"No",90,0,10,2,1,2,2,1,3,1,2,1,1,4,2,58
"6916","Hindi",1,1991,0,"Yes",0,0,100,1,1,1,1,1,1,1,4,1,3,1,1,1500
"6917","Hindi",2,1986,0,"Yes",96,0,4,2,1,1,1,1,1,3,4,1,4,1,3,250
"6918","Hindi",2,1970,0,"Yes",50,50,0,1,1,1,1,1,1,1,1,1,3,1,1,30
"6919","Hindi",1,1990,1,"Yes",50,0,50,1,1,1,1,1,1,1,1,1,3,1,1,500
"6920","Hindi",3,1984,0,"Yes",85,15,0,1,1,1,1,1,1,1,4,1,4,1,1,40
"6921","Hindi",1,1980,0,"Yes",100,0,0,1,1,1,1,1,1,1,2,1,4,1,1,69
"6922","Hindi",1,1973,0,"No",100,0,0,1,1,1,1,1,2,1,3,1,1,1,1,175
"6923","Hindi",1,1975,0,"No",0,0,100,1,1,2,2,3,2,3,4,1,3,3,1,300
"6924","Hindi",2,2007,1,"No",0,0,100,2,2,2,2,1,1,1,3,3,4,2,2,300
"6925","Hindi",2,1983,1,"Yes",98,0,2,3,2,4,3,1,1,3,4,4,1,3,3,115
"6926","Hindi",1,1991,0,"Yes",100,0,0,3,2,2,2,2,2,2,3,2,1,1,2,70
"6927","Hindi",2,2006,0,"Yes",90,0,10,1,1,1,1,1,1,1,3,1,3,1,1,200
"6928","Hindi",1,1987,0,"No",100,0,0,1,1,1,1,1,1,1,3,1,3,1,1,14
"6929","Hindi",2,1997,0,"No",100,0,0,1,1,1,NA,1,1,1,1,1,3,1,1,18
"6930","Hindi",1,1986,0,"No",100,0,0,1,1,1,1,1,1,1,3,1,3,1,1,55
"6931","Hindi",1,2002,0,"No",100,0,0,1,1,1,1,1,1,1,3,1,3,1,1,25
"6932","Hindi",2,1952,0,"Yes",100,0,0,2,1,2,1,1,1,1,1,1,4,1,1,25
"6933","Hindi",1,1948,0,"No",100,0,0,1,1,1,1,1,1,4,3,1,3,1,1,20
"6934","Hindi",1,1982,0,"Yes",100,0,0,3,1,1,1,1,1,1,4,1,1,1,1,50
"6935","Hindi",1,1980,0,"Yes",0,100,0,1,1,1,1,1,1,1,1,1,3,1,1,18
"6936","Hindi",12,1970,0,"Yes",100,0,0,1,1,1,1,1,1,1,1,1,3,1,1,50
"6937","Hindi",1,1999,1,"Yes",100,0,0,1,1,4,1,1,1,1,1,1,1,1,4,200
"6938","Hindi",1,1991,0,"Yes",100,0,0,1,1,1,1,1,1,1,4,1,3,1,1,50
"6939","Hindi",3,2000,1,"Yes",100,0,0,1,1,2,2,2,2,2,3,2,4,1,2,25
"6940","Hindi",1,1991,0,"No",100,0,0,1,1,1,1,1,1,1,4,1,3,1,1,25
"6941","Hindi",2,2001,0,"No",100,0,0,1,1,1,1,1,1,1,3,1,3,1,1,30
"6942","Hindi",1,1974,0,"No",100,0,0,1,1,1,1,1,1,1,1,1,1,1,1,50
"6943","Hindi",1,1965,0,"No",100,0,0,1,1,1,1,1,1,1,3,1,3,1,1,15
"6944","Hindi",1,1996,0,"Yes",100,0,0,1,1,1,1,1,1,1,1,1,4,2,1,25
"6945","Hindi",1,1980,0,"No",100,0,0,1,1,1,1,1,1,1,4,1,3,1,1,25
"6946","Hindi",1,1981,0,"No",100,0,0,2,1,2,1,2,2,2,3,2,4,1,2,60
"6947","Hindi",1,2003,0,"Yes",100,0,0,1,1,1,1,1,1,1,3,1,3,1,1,50
"6948","Hindi",1,1981,0,"Yes",50,0,50,1,1,1,1,1,1,1,1,1,3,1,1,25
"6949","Hindi",1,1988,0,"Yes",100,0,0,4,1,2,4,3,2,2,4,1,1,1,3,60
"6950","Hindi",1,1978,0,"Yes",100,0,0,1,1,NA,2,1,2,1,2,3,1,1,2,12
"6951","Hindi",1,1973,0,"Yes",100,0,0,1,1,1,1,1,1,4,3,1,3,1,1,58
"6952","Hindi",1,1980,0,"No",100,0,0,4,4,4,NA,1,2,2,3,1,1,1,3,55
"6953","Hindi",1,1998,0,"No",100,0,0,1,1,1,1,1,1,1,1,1,4,1,1,200
"6954","Hindi",1,2001,0,"No",100,0,0,2,1,3,1,2,1,3,2,2,3,1,2,64
"6955","Hindi",1,1975,0,"No",100,0,0,1,1,1,1,1,1,1,3,1,4,1,1,20
"6956","Hindi",1,1993,0,"No",100,0,0,1,1,1,1,1,1,2,3,1,3,1,1,11
"6957","Hindi",1,1992,0,"No",100,0,0,1,1,1,2,1,2,1,1,1,1,1,1,8
"6958","Hindi",2,1998,0,"No",100,0,0,1,1,1,1,1,1,1,4,1,3,1,1,35
"6959","Hindi",1,2006,0,"No",100,0,0,1,1,1,1,1,1,1,4,1,4,1,1,12
"6960","Hindi",1,1983,0,"No",100,0,0,1,1,2,1,4,2,1,3,1,1,1,2,15
"6961","Hindi",1,2000,0,"No",100,0,0,1,1,1,1,1,1,1,3,1,3,1,1,14
"6962","Hindi",1,2008,0,"Yes",90,10,0,1,1,1,1,1,1,1,3,1,4,1,1,41
"6963","Hindi",1,2005,0,"No",100,0,0,1,1,3,2,1,2,2,2,2,3,1,2,7
"6964","Hindi",1,2006,0,"No",100,0,0,1,1,1,1,1,1,1,4,1,3,1,1,6
"6965","Hindi",3,1991,0,"Yes",100,0,0,3,1,1,1,3,1,2,2,4,4,2,3,82
"6966","Hindi",1,1998,0,"No",100,0,0,3,4,3,4,3,3,2,3,1,1,1,3,80
"6967","Hindi",1,1980,0,"Yes",90,10,0,1,1,1,1,1,1,2,3,1,3,1,1,30
"6968","Hindi",1,1976,0,"No",100,0,0,2,1,3,NA,1,3,1,3,3,4,2,3,24
"6969","Hindi",1,2012,0,"No",100,0,0,1,1,1,1,1,3,3,3,1,4,1,1,6
"6970","Hindi",1,1979,0,"No",50,0,50,1,1,1,1,1,1,2,2,1,3,1,1,40
"6971","Hindi",1,1985,0,"Yes",50,50,0,1,1,1,1,1,1,1,1,1,3,1,1,118
"6972","Hindi",1,1976,0,"Yes",98,1,1,1,1,1,1,3,2,1,1,1,1,1,1,25
"6973","Hindi",1,1987,0,"Yes",100,0,0,1,1,1,1,1,1,1,4,1,3,1,1,22
"6974","Hindi",1,1975,0,"No",100,0,0,1,1,1,1,1,1,1,3,1,3,1,1,22
"6975","Hindi",1,1997,0,"Yes",100,0,0,2,2,2,2,4,3,4,3,3,1,2,2,25
"6976","Hindi",1,1972,0,"Yes",100,0,0,2,2,3,3,1,2,2,3,2,4,3,3,28
"6977","Hindi",1,1956,0,"Yes",60,40,0,2,1,2,3,3,3,2,1,1,1,1,3,50
"6978","Hindi",1,1952,0,"Yes",100,0,0,1,1,1,1,1,1,1,3,1,3,1,1,10
"6979","Hindi",2,1999,0,"No",100,0,0,1,1,1,1,1,1,1,1,1,3,1,1,80
"6980","Hindi",2,1980,0,"Yes",50,50,0,1,1,1,1,1,1,1,1,1,3,1,1,98
"6981","Hindi",1,1963,0,"No",100,0,0,1,1,1,1,1,1,1,3,1,3,1,1,36
"6982","Hindi",2,1985,0,"No",100,0,0,1,1,1,1,1,1,1,3,1,3,1,1,100
"6983","Hindi",1,1959,0,"Yes",40,0,60,1,1,1,1,2,1,1,1,1,3,1,1,50
"6984","Hindi",1,1989,0,"No",100,0,0,1,1,1,1,1,1,1,1,1,1,1,1,7
"6985","Hindi",1,1978,0,"Yes",96,0,4,2,2,3,3,1,2,2,2,3,4,3,3,52
"6986","Hindi",2,1962,0,"Yes",100,0,0,1,1,1,1,1,1,1,3,1,3,1,1,40
"6987","Hindi",1,1968,0,"Yes",100,0,0,1,1,1,1,1,1,1,1,1,4,1,1,22
"6988","Hindi",1,1961,0,"No",100,0,0,1,1,1,1,1,1,1,4,1,3,1,1,21
"6989","Hindi",2,2000,0,"No",100,0,0,1,1,1,1,1,1,1,1,1,4,1,1,5
"6990","Hindi",1,1990,0,"No",100,0,0,2,1,3,4,3,1,3,4,4,1,1,3,40
"6991","Hindi",1,1980,0,"No",100,0,0,1,1,1,1,1,1,1,1,1,3,1,2,27
"6992","Hindi",1,1997,0,"Yes",100,0,0,1,1,1,1,1,1,1,1,1,3,1,1,18
"6993","Hindi",1,2000,0,"No",96,3,1,3,1,3,3,2,2,3,2,3,4,3,3,34
"6994","Hindi",5,1980,0,"Yes",80,0,20,2,1,4,1,1,1,4,4,1,4,4,4,100
"6995","Hindi",1,2001,1,"Yes",98,0,2,2,2,2,2,3,2,4,4,3,1,3,4,30
"6996","Hindi",1,2005,0,"No",100,0,0,4,2,2,1,3,2,2,3,2,1,1,3,10
"6997","Hindi",1,1983,0,"No",100,0,0,2,2,3,4,3,3,3,4,3,1,2,4,18
"6998","Hindi",1,1983,1,"Yes",0,0,100,4,2,2,3,2,2,2,4,1,1,3,2,21
"6999","Hindi",2,1970,0,"Yes",100,0,0,1,1,1,1,1,1,1,1,1,1,1,1,50
"7000","Hindi",2,1999,0,"Yes",100,0,0,1,1,1,1,1,1,1,2,4,4,1,1,35
"7001","Hindi",1,1968,0,"No",100,0,0,2,1,1,1,1,1,1,4,3,1,2,1,5
"7002","Hindi",1,2007,0,"Yes",100,0,0,1,1,2,1,1,1,2,1,2,1,1,1,9
"7003","Hindi",1,1983,0,"No",100,0,0,1,1,2,3,2,2,2,1,3,1,3,3,10
"7004","Hindi",1,2012,0,"No",100,0,0,1,1,2,1,2,2,2,4,3,1,3,2,6
"7005","Hindi",1,1974,0,"Yes",100,0,0,2,1,1,2,1,1,1,1,1,4,1,4,8
"7006","Hindi",2,2010,0,"No",100,0,0,2,1,4,3,2,2,3,3,1,3,1,2,25
"7007","Hindi",1,1999,0,"Yes",100,0,0,2,2,3,4,3,3,3,4,2,1,2,3,60
"7008","Hindi",1,1979,0,"No",60,40,0,2,2,2,2,2,2,2,3,3,1,2,3,5
"7009","Hindi",1,1994,0,"No",100,0,0,1,1,2,1,2,1,4,4,4,1,3,1,15
"7010","Hindi",1,1960,0,"No",100,0,0,1,1,1,1,1,1,2,3,1,3,1,1,8
"7011","Hindi",1,1967,0,"Yes",100,0,0,1,1,1,1,1,1,1,3,1,3,1,1,32
"7012","Hindi",3,1974,0,"No",100,0,0,1,1,1,1,1,1,1,2,1,3,1,1,75
"7013","Hindi",1,1985,0,"No",100,0,0,2,1,3,2,2,2,1,2,3,4,1,2,6
"7014","Hindi",1,1982,0,"No",100,0,0,3,1,1,1,1,1,1,1,4,3,1,1,5
"7015","Hindi",1,1958,0,"No",100,0,0,1,1,1,1,1,1,1,3,1,3,1,1,14
"7016","Hindi",1,1955,0,"No",0,100,0,1,1,1,1,1,1,1,1,1,3,1,1,8
"7017","Hindi",1,1955,0,"No",100,0,0,2,1,2,1,3,1,2,2,3,3,1,2,25
"7018","Hindi",1,2011,0,"No",100,0,0,1,1,1,4,1,1,1,1,1,3,1,4,14
"7019","Hindi",1,1997,0,"Yes",95,0,5,3,1,2,1,4,2,1,1,1,1,1,3,17
"7020","Hindi",1,1985,0,"No",100,0,0,1,1,1,1,1,1,1,4,1,3,1,1,20
"7021","Hindi",2,2011,0,"No",100,0,0,1,1,1,1,1,1,1,3,1,3,1,1,26
"7022","Hindi",2,1967,0,"No",100,0,0,1,1,1,1,1,1,2,3,1,3,1,1,50
"7023","Hindi",1,2006,0,"No",100,0,0,2,1,3,4,3,2,3,3,1,1,2,3,20
"7024","Hindi",1,1984,0,"No",100,0,0,1,1,1,1,1,1,1,3,1,3,1,1,42
"7025","Hindi",1,1988,0,"No",100,0,0,2,1,1,1,1,1,1,1,1,1,1,1,15
"7026","Hindi",2,1994,0,"Yes",100,0,0,1,1,1,1,1,1,1,1,1,3,2,1,100
"7027","Hindi",1,1985,0,"No",99,0,1,3,1,3,2,4,2,3,1,1,1,1,3,45
"7028","Hindi",1,1972,0,"No",100,0,0,1,1,1,1,1,1,1,1,1,4,1,1,10
"7029","Hindi",1,1971,0,"No",100,0,0,2,1,2,1,1,1,1,1,1,1,1,1,10
"7030","Hindi",1,1982,0,"No",95,0,5,3,1,2,1,1,1,2,1,1,1,1,1,18
"7031","Hindi",3,1978,0,"No",100,0,0,1,1,2,1,1,1,3,1,1,1,1,1,30
"7032","Hindi",1,1952,0,"No",100,0,0,1,1,2,2,2,1,2,1,1,4,1,1,6
"7033","Hindi",1,2009,0,"No",100,0,0,1,1,1,1,1,1,1,3,1,4,1,1,12
"7034","Hindi",1,1997,0,"Yes",50,0,50,1,1,1,1,1,1,1,1,1,3,1,1,50
"7035","Hindi",7,1945,0,"Yes",90,0,10,1,4,4,1,1,1,1,4,1,1,4,3,400
"7036","Hindi",1,1974,0,"Yes",10,0,90,1,1,1,1,1,1,1,1,2,1,1,1,47
"7037","Hindi",1,1965,1,"Yes",100,0,0,2,1,2,2,2,1,2,3,4,1,2,2,100
"7038","Hindi",1,1992,0,"No",100,0,0,1,1,1,1,1,1,1,3,1,2,1,1,85
"7039","Hindi",1,1960,0,"No",100,0,0,1,1,1,1,1,1,1,3,1,3,1,1,20
"7040","Hindi",1,1994,0,"No",100,0,0,1,1,1,1,1,1,1,3,1,3,1,1,5
"7041","Hindi",1,2006,0,"Yes",100,0,0,1,1,1,1,1,1,2,3,1,3,1,1,20
"7042","Hindi",1,1984,0,"Yes",80,0,20,1,1,1,2,1,1,1,2,2,2,1,1,50
"7043","Hindi",1,1965,0,"No",95,5,0,1,1,1,1,1,1,1,4,1,3,1,1,80
"7044","Hindi",1,1976,0,"No",100,0,0,4,1,1,1,1,1,4,4,1,4,1,1,6
"7045","Hindi",2,1975,0,"No",100,0,0,1,1,1,1,1,1,1,3,1,3,1,1,5
"7046","Hindi",1,1978,0,"No",100,0,0,1,1,1,1,1,1,4,3,1,3,1,1,5
"7047","Hindi",1,1985,0,"No",100,0,0,1,1,1,1,1,1,1,4,1,3,1,1,30
"7048","Hindi",1,1990,0,"No",100,0,0,3,1,2,NA,2,1,2,2,2,2,1,3,12
"7049","Hindi",3,1998,0,"Yes",100,0,0,1,1,2,1,1,1,2,2,2,2,1,1,80
"7050","Hindi",1,1968,0,"Yes",100,0,0,1,1,1,1,1,1,1,1,1,4,1,1,100
"7051","Hindi",1,2000,1,"Yes",100,0,0,1,1,1,1,1,2,1,4,1,3,1,1,10
"7052","Hindi",1,1989,0,"No",100,0,0,3,1,4,NA,1,1,3,3,4,1,1,3,18
"7053","Hindi",1,1970,0,"No",100,0,0,2,1,1,1,1,1,2,1,1,3,2,2,8
"7054","Hindi",1,2001,0,"No",100,0,0,1,1,1,1,1,1,4,3,1,3,1,1,8
"7055","Hindi",1,2004,0,"No",100,0,0,1,1,1,1,1,1,1,3,1,3,1,1,14
"7056","Hindi",1,1995,0,"Yes",40,60,0,1,1,1,1,2,1,2,1,1,1,1,1,50
"7057","Hindi",1,1960,0,"No",95,5,0,1,1,1,1,1,1,1,3,1,3,1,1,16
"7058","Hindi",1,2003,0,"No",100,0,0,1,1,1,1,1,1,1,3,1,3,1,1,16
"7059","Hindi",1,1976,0,"No",90,0,10,1,1,1,1,1,1,1,4,1,3,1,1,22
"7060","Hindi",1,1997,0,"No",100,0,0,1,1,1,1,1,1,1,3,1,3,1,1,32
"7061","Hindi",1,1952,0,"Yes",80,0,20,2,2,1,1,1,1,1,1,4,4,1,1,20
"7062","Hindi",1,1976,0,"No",100,0,0,3,2,2,3,2,3,2,2,1,1,1,1,18
"7063","Hindi",1,1955,0,"Yes",100,0,0,2,1,1,1,1,1,1,1,1,2,2,2,25
"7064","Hindi",1,1994,0,"No",100,0,0,1,1,1,1,1,1,1,4,1,3,1,1,60
"7065","Hindi",1,1987,0,"No",100,0,0,1,1,2,1,1,1,4,3,1,2,1,1,35
"7066","Hindi",1,1970,0,"No",100,0,0,1,1,1,1,1,1,1,3,1,3,1,1,15
"7067","Hindi",1,1980,0,"Yes",100,0,0,3,1,2,3,3,2,3,3,2,2,1,3,25
"7068","Hindi",1,1973,1,"Yes",90,0,10,1,1,1,1,1,1,1,1,1,3,1,3,50
"7069","Hindi",1,1961,0,"Yes",100,0,0,2,1,1,1,1,1,2,1,1,3,1,1,28
"7070","Hindi",1,1985,0,"No",100,0,0,1,1,1,1,1,1,1,3,1,3,1,1,10
"7071","Hindi",1,2000,0,"No",100,0,0,1,1,1,1,1,1,1,1,1,1,1,3,30
"7072","Hindi",1,1960,0,"Yes",70,20,10,2,1,2,1,1,2,2,1,2,2,1,3,300
"7073","Hindi",1,1961,0,"No",100,0,0,2,1,2,1,1,1,1,2,1,2,2,2,18
"7074","Hindi",1,1975,0,"Yes",100,0,0,2,1,1,2,1,1,1,1,1,3,1,1,5
"7075","Hindi",1,1967,0,"Yes",100,0,0,2,1,3,NA,2,2,1,3,3,3,1,2,18
"7076","Hindi",1,1970,0,"Yes",100,0,0,1,1,1,1,1,1,1,1,1,1,1,1,7
"7077","Hindi",1,1979,0,"Yes",75,0,25,1,1,1,1,4,1,2,3,1,3,1,1,25
"7078","Hindi",1,1976,0,"No",60,40,0,1,1,1,1,1,1,1,1,1,4,1,4,40
"7079","Hindi",1,1979,0,"No",100,0,0,2,1,1,1,1,1,1,1,1,4,1,1,34
"7080","Hindi",1,1980,0,"Yes",25,75,0,1,1,1,1,1,1,1,1,1,1,1,1,8
"7081","Hindi",1,1984,0,"No",100,0,0,1,1,1,1,1,1,1,3,1,3,1,1,30
"7082","Hindi",1,1961,0,"No",100,0,0,3,2,1,1,1,1,4,2,1,2,1,3,10
"7083","Hindi",1,1994,1,"No",100,0,0,1,1,3,2,4,1,4,1,3,3,1,2,68
"7084","Hindi",1,1985,0,"Yes",100,0,0,1,1,1,1,1,1,1,1,1,3,1,1,15
"7085","Hindi",8,1986,0,"Yes",75,0,25,2,1,2,2,4,2,4,1,1,1,1,1,490
"7086","Hindi",1,1983,0,"No",100,0,0,2,1,1,1,1,1,1,1,4,1,2,1,7
"7087","Hindi",1,1980,0,"Yes",100,0,0,1,1,1,1,1,1,1,3,1,1,4,1,18
"7088","Hindi",3,1972,0,"Yes",80,0,20,1,1,1,1,1,1,1,3,1,3,1,1,185
"7089","Hindi",3,1969,0,"Yes",100,0,0,1,1,1,1,1,1,1,3,1,3,1,1,50
"7090","Hindi",1,1976,1,"Yes",95,0,5,1,1,1,1,1,1,1,4,1,4,1,1,10
"7091","Hindi",1,1985,0,"No",100,0,0,1,1,1,1,1,1,1,4,1,4,1,1,10
"7092","Hindi",1,1984,0,"No",100,0,0,1,1,1,1,1,1,1,3,1,3,1,1,150
"7093","Hindi",1,1958,0,"No",100,0,0,2,1,1,1,1,1,1,1,1,1,1,1,12
"7094","Hindi",1,1985,0,"No",100,0,0,1,1,1,1,1,1,2,3,1,3,1,1,9
"7095","Hindi",1,1975,0,"No",100,0,0,1,1,2,1,1,1,1,1,2,2,1,1,12
"7096","Hindi",2,1978,0,"No",100,0,0,1,1,1,1,1,1,1,3,1,3,1,1,46
"7097","Hindi",1,1965,0,"No",100,0,0,3,1,3,4,2,3,3,4,1,1,1,3,15
"7098","Hindi",5,1949,1,"Yes",95,0,5,1,1,1,3,1,1,1,1,1,1,1,1,70
"7099","Hindi",1,1970,0,"Yes",20,0,80,1,1,1,1,1,1,1,1,1,3,2,1,60
"7100","Hindi",1,1955,0,"No",100,0,0,3,1,2,3,3,3,3,3,2,4,2,3,15
"7101","Hindi",1,1974,0,"No",100,0,0,1,1,1,1,1,1,1,3,1,3,1,1,50
"7102","Hindi",1,1962,0,"No",100,0,0,2,1,3,3,1,2,1,1,1,1,1,3,5
"7103","Hindi",1,1958,0,"Yes",70,0,30,2,1,2,2,1,1,2,2,3,3,2,1,25
"7104","Hindi",1,1970,0,"No",100,0,0,1,1,1,1,1,1,3,4,1,3,1,1,8
"7105","Hindi",1,1984,0,"No",100,0,0,4,1,1,1,1,1,1,1,1,3,3,3,20
"7106","Hindi",1,1968,0,"Yes",100,0,0,1,1,1,1,1,1,1,3,1,4,1,1,20
"7107","Hindi",10,1990,0,"Yes",70,30,0,2,1,1,1,1,3,4,2,1,4,1,3,10
"7108","Hindi",1,2000,0,"Yes",100,0,0,1,1,1,1,1,1,1,3,1,4,1,1,150
"7109","Hindi",1,1984,0,"No",100,0,0,1,1,1,1,1,1,1,3,1,3,1,1,32
"7110","Hindi",2,1990,0,"No",100,0,0,1,1,1,1,1,1,1,3,1,3,1,1,40
"7111","Hindi",1,1992,0,"No",100,0,0,1,1,1,1,1,1,1,3,1,3,1,1,5
"7112","Hindi",1,1979,0,"No",100,0,0,1,1,1,1,1,1,1,1,1,1,4,1,14
"7113","Hindi",1,1980,0,"No",0,100,0,2,1,1,1,1,1,1,1,1,3,1,2,7
"7114","Hindi",1,1990,0,"Yes",100,0,0,1,1,1,4,2,1,2,1,1,1,1,1,100
"7115","Hindi",2,2000,0,"Yes",100,0,0,1,1,1,1,1,1,1,4,1,3,1,1,50
"7116","Hindi",2,1960,0,"Yes",100,0,0,2,1,2,1,1,1,1,1,1,3,2,2,16
"7117","Hindi",1,2012,0,"No",100,0,0,1,1,1,1,1,1,1,3,1,3,1,1,25
"7118","Hindi",1,1992,0,"No",100,0,0,1,1,1,1,3,1,1,1,1,3,1,1,14
"7119","Hindi",1,2004,0,"Yes",100,0,0,2,1,2,NA,2,1,2,3,2,3,1,3,52
"7120","Hindi",2,1985,0,"No",100,0,0,2,2,1,1,1,2,2,3,1,1,2,1,10
"7121","Hindi",1,1987,0,"Yes",100,0,0,1,1,1,1,1,1,1,3,1,3,1,1,30
"7122","Hindi",1,2002,0,"Yes",100,0,0,1,1,1,1,1,1,1,3,1,3,1,1,60
"7123","Hindi",1,1995,0,"Yes",70,30,0,1,1,2,1,2,1,1,1,1,1,4,1,18
"7124","Hindi",1,2006,0,"Yes",0,0,100,1,1,2,1,1,1,2,1,1,3,1,2,50
"7125","Hindi",1,1993,0,"No",100,0,0,2,2,3,2,3,3,3,4,3,1,3,3,30
"7126","Hindi",1,2004,0,"Yes",100,0,0,2,1,2,1,3,2,2,2,1,1,1,1,54
"7127","Hindi",1,1991,0,"No",0,0,100,1,1,1,1,1,1,3,1,2,1,2,1,95
"7128","Hindi",1,2011,0,"No",0,0,100,1,1,2,2,2,1,3,3,2,4,1,2,75
"7129","Hindi",3,1996,1,"Yes",0,0,100,1,1,1,1,1,1,1,1,1,4,1,1,250
"7130","Hindi",1,1998,0,"No",0,30,70,2,1,2,4,1,2,2,4,1,1,1,4,45
"7131","Hindi",1,2002,0,"No",30,0,70,1,1,2,2,2,1,2,4,4,1,3,2,50
"7132","Hindi",1,1990,0,"Yes",0,0,100,1,1,1,1,2,2,2,3,2,1,1,1,100
"7133","Hindi",1,2008,0,"No",100,0,0,2,2,2,2,3,2,3,4,3,1,3,3,18
"7134","Hindi",1,2002,0,"No",100,0,0,3,1,2,2,3,2,3,2,3,4,1,2,30
"7135","Hindi",2,1994,0,"No",100,0,0,2,2,2,2,3,2,2,3,1,1,2,2,5
"7136","Hindi",2,1969,0,"No",100,0,0,1,1,1,1,1,1,1,3,1,3,1,1,116
"7137","Hindi",1,1996,0,"Yes",5,0,95,2,1,2,1,2,2,2,3,2,1,1,2,40
"7138","Hindi",1,1995,0,"Yes",0,0,100,2,1,2,2,2,2,3,4,3,1,3,1,48
"7139","Hindi",1,1986,0,"Yes",100,0,0,2,1,2,1,2,2,2,3,2,1,1,2,200
"7140","Hindi",2,1985,0,"Yes",90,0,10,2,2,2,2,2,2,2,3,3,1,3,3,150
"7141","Hindi",2,2004,0,"Yes",95,0,5,2,2,3,4,1,3,3,4,3,1,3,3,60
"7142","Hindi",1,1979,0,"Yes",100,0,0,2,1,2,1,3,2,2,3,2,1,1,2,43
"7143","Hindi",1,1985,0,"Yes",100,0,0,2,1,2,1,2,2,1,2,2,4,1,1,33
"7144","Hindi",1,1990,0,"No",100,0,0,1,1,1,1,2,2,2,2,4,1,1,2,50
"7145","Hindi",1,1998,0,"Yes",100,0,0,1,1,2,2,3,2,1,1,1,1,1,3,14
"7146","Hindi",1,2011,0,"No",100,0,0,1,1,1,1,2,1,2,3,1,3,1,1,46
"7147","Hindi",1,1991,0,"No",100,0,0,1,1,1,1,1,1,2,3,1,3,1,1,12
"7148","Hindi",2,1981,0,"Yes",100,0,0,1,1,1,1,1,1,1,1,1,1,1,1,30
"7149","Hindi",1,2001,0,"No",100,0,0,2,1,2,1,2,2,2,3,3,1,2,3,16
"7150","Hindi",1,2008,0,"No",100,0,0,1,2,2,2,2,1,2,4,3,4,2,3,14
"7151","Hindi",1,1983,0,"Yes",0,100,0,3,2,1,1,1,1,1,1,1,3,3,1,20
"7152","Hindi",1,1981,0,"No",100,0,0,1,1,1,1,1,1,1,3,1,3,1,1,24
"7153","Hindi",1,1950,0,"Yes",100,0,0,1,1,1,1,1,1,1,4,1,3,1,1,30
"7154","Hindi",2,1993,0,"Yes",20,0,80,1,1,1,3,1,1,1,1,1,4,1,1,25
"7155","Hindi",1,1988,0,"No",95,0,5,4,1,1,1,1,1,1,4,1,1,1,1,24
"7156","Hindi",1,1990,0,"No",100,0,0,4,1,2,2,3,1,4,2,4,4,2,2,19
"7157","Hindi",1,1997,0,"No",100,0,0,1,1,1,1,1,1,1,4,1,3,1,1,10
"7158","Hindi",1,1996,0,"Yes",100,0,0,1,1,1,1,1,1,1,3,1,3,1,1,25
"7159","Hindi",1,1998,0,"No",100,0,0,1,1,1,1,1,1,2,3,1,3,1,1,10
"7160","Hindi",1,1990,0,"No",100,0,0,1,1,1,1,1,1,1,3,3,4,1,1,27
"7161","Hindi",1,1987,0,"Yes",100,0,0,1,1,2,1,1,1,1,1,1,2,1,1,17
"7162","Hindi",1,1995,0,"Yes",80,20,0,2,1,1,1,1,4,1,1,1,3,1,1,17
"7163","Hindi",1,2009,0,"No",100,0,0,1,1,1,1,1,1,1,3,1,3,1,1,6
"7164","Hindi",1,2004,0,"No",100,0,0,1,1,1,1,1,1,1,3,1,3,1,1,92
"7165","Hindi",1,1981,0,"No",100,0,0,3,1,2,1,1,1,2,3,3,1,1,2,8
"7166","Hindi",1,1952,0,"Yes",70,0,30,1,1,1,1,1,1,1,3,1,3,1,1,110
"7167","Hindi",1,1958,0,"No",100,0,0,2,1,4,3,3,1,4,4,1,1,3,4,14
"7168","Hindi",1,1981,0,"Yes",100,0,0,1,1,1,1,1,1,2,4,1,3,1,1,200
"7169","Hindi",1,2004,0,"No",100,0,0,1,1,2,1,1,1,1,1,1,4,1,1,20
"7170","Hindi",4,2006,0,"Yes",95,0,5,1,1,1,1,1,1,1,3,1,3,1,1,41
"7171","Hindi",3,2005,0,"Yes",100,0,0,1,1,1,1,1,1,1,3,1,3,1,1,10
"7172","Hindi",1,1992,0,"No",100,0,0,1,1,1,1,1,1,1,4,1,3,1,1,33
"7173","Hindi",1,1999,0,"Yes",100,0,0,3,1,3,4,1,1,2,1,4,1,1,3,30
"7174","Hindi",1,1995,0,"Yes",60,0,40,1,1,1,1,3,1,3,2,4,1,2,1,70
"7175","Hindi",1,2001,0,"No",100,0,0,1,1,1,1,1,1,1,3,1,2,1,1,70
"7176","Hindi",2,1951,0,"Yes",90,0,10,1,1,4,1,1,1,1,1,1,3,1,1,105
"7177","Hindi",1,1965,0,"Yes",20,0,80,1,1,3,1,2,2,2,3,2,1,1,2,30
"7178","Hindi",1,1958,0,"No",100,0,0,1,1,1,1,1,1,1,1,1,2,1,1,18
"7179","Hindi",1,2000,0,"No",100,0,0,1,1,1,1,1,1,2,3,1,3,1,1,12
"7180","Hindi",1,1975,0,"No",100,0,0,1,1,2,3,1,1,2,2,3,1,2,2,12
"7181","Hindi",2,1950,0,"No",100,0,0,1,1,1,1,1,1,1,3,1,3,1,1,10
"7182","Hindi",1,2004,0,"No",100,0,0,1,1,2,2,1,1,1,1,1,4,1,3,15
"7183","Hindi",1,1998,1,"Yes",0,0,100,1,1,3,1,1,1,1,2,1,2,3,3,50
"7184","Hindi",2,1996,0,"Yes",100,0,0,2,1,2,2,1,1,2,2,4,3,1,2,15
"7185","Hindi",1,1971,0,"Yes",62,0,38,2,1,2,2,1,1,1,1,1,3,1,1,100
"7186","Hindi",1,1998,0,"No",100,0,0,2,1,2,3,1,1,1,1,1,4,1,4,13
"7187","Hindi",1,1997,0,"Yes",100,0,0,2,2,2,2,3,2,3,4,3,1,2,4,15
"7188","Hindi",1,1965,1,"Yes",90,0,10,2,1,2,2,2,1,1,2,2,2,1,2,300
"7189","Hindi",2,1970,0,"Yes",100,0,0,4,1,1,1,1,1,3,1,1,1,1,1,55
"7190","Hindi",1,1965,0,"Yes",100,0,0,1,1,2,3,2,2,2,1,1,1,1,1,60
"7191","Hindi",1,1989,0,"No",100,0,0,1,1,1,1,1,1,1,1,1,4,1,2,18
"7192","Hindi",2,1980,0,"No",100,0,0,2,1,1,1,1,1,1,1,1,2,2,1,40
"7193","Hindi",1,2002,0,"Yes",70,0,30,1,2,4,1,4,2,1,1,1,1,1,1,61
"7194","Hindi",2,1984,0,"No",100,0,0,1,1,2,2,1,1,2,2,2,2,1,1,10
"7195","Hindi",1,1978,0,"Yes",100,0,0,1,1,1,1,1,1,1,3,1,4,1,1,50
"7196","Hindi",1,1999,0,"No",100,0,0,1,1,1,4,1,1,1,4,1,3,1,1,9
"7197","Hindi",1,1989,0,"Yes",75,0,25,1,1,1,1,1,1,1,3,1,3,1,1,60
"7198","Hindi",1,1970,0,"Yes",95,0,5,1,1,1,1,1,1,1,3,1,4,1,1,70
"7199","Hindi",2,2005,0,"Yes",100,0,0,1,1,1,1,1,1,1,3,1,4,1,1,15
"7200","Hindi",1,1972,0,"Yes",100,0,0,1,1,1,1,1,1,1,1,1,4,1,1,8
"7201","Hindi",1,1987,0,"Yes",100,0,0,1,1,2,2,1,2,1,1,1,4,1,1,80
"7202","Hindi",1,1981,0,"Yes",65,0,35,1,1,1,1,1,1,1,1,1,1,1,1,31
"7203","Hindi",1,1995,0,"Yes",100,0,0,2,1,1,1,1,1,2,1,1,3,1,1,16
"7204","Hindi",1,1984,0,"Yes",80,0,20,1,1,1,1,1,1,1,1,1,1,1,1,40
"7205","Hindi",1,1989,0,"Yes",100,0,0,3,1,1,1,1,1,2,2,1,1,1,1,55
"7206","Hindi",1,1968,0,"No",100,0,0,1,1,1,1,1,1,1,1,1,3,1,1,14
"7207","Hindi",1,1980,0,"No",100,0,0,1,1,1,1,1,1,1,3,1,2,1,4,45
"7208","Hindi",1,1986,0,"Yes",95,0,5,2,2,1,1,4,1,2,3,1,1,1,3,45
"7209","Hindi",1,1984,0,"No",90,0,10,2,4,3,3,3,2,3,3,1,1,1,3,20
"7210","Hindi",1,1975,0,"Yes",100,0,0,1,1,1,1,1,1,1,3,1,3,1,1,50
"7211","Hindi",1,1935,0,"Yes",0,0,100,1,1,1,3,1,1,1,2,1,3,1,2,95
"7212","Hindi",1,1962,0,"No",90,0,10,1,1,1,1,1,1,1,4,1,3,1,1,25
"7213","Hindi",1,2000,0,"Yes",0,0,100,1,1,1,1,1,1,4,1,1,4,1,1,10
"7214","Hindi",1,1986,0,"No",100,0,0,3,1,1,2,1,3,1,1,1,3,1,1,10
"7215","Hindi",1,1980,0,"Yes",0,0,100,2,1,1,1,1,1,1,1,1,1,1,1,16
"7216","Hindi",1,1990,0,"No",100,0,0,1,1,1,1,1,1,1,4,1,3,1,1,12
"7217","Hindi",1,2000,1,"Yes",0,90,10,1,1,1,1,1,2,1,2,NA,NA,NA,1,70
"7218","Hindi",1,1984,0,"Yes",85,5,10,1,1,2,1,3,2,2,1,1,4,1,1,150
"7219","Hindi",1,1995,0,"No",100,0,0,1,1,1,1,1,1,1,3,1,3,1,1,8
"7220","Hindi",1,1999,0,"Yes",100,0,0,1,1,2,3,3,2,3,2,2,3,2,3,30
"7221","Hindi",1,2008,0,"No",100,0,0,1,1,2,1,2,1,1,1,1,1,1,1,40
"7222","Hindi",2,1993,0,"Yes",100,0,0,2,1,4,NA,2,1,3,2,2,3,1,2,55
"7223","Hindi",1,1993,0,"Yes",100,0,0,1,1,1,1,1,1,1,1,1,4,1,1,40
"7224","Hindi",1,2006,0,"Yes",100,0,0,2,3,1,1,1,2,1,1,1,2,1,1,11
"7225","Hindi",1,1994,0,"Yes",95,0,5,1,1,1,1,1,1,1,3,1,3,1,1,47
"7226","Hindi",1,2004,0,"No",100,0,0,1,1,1,1,1,1,1,2,2,1,1,1,20
"7227","Hindi",7,2004,0,"Yes",90,0,10,2,1,2,2,1,1,1,2,2,1,1,1,80
"7228","Hindi",1,2005,0,"Yes",100,0,0,1,1,1,2,2,1,1,1,1,4,1,2,40
"7229","Hindi",2,1994,0,"Yes",100,0,0,2,2,3,4,3,2,3,4,4,1,3,3,185
"7230","Hindi",2,1998,0,"No",100,0,0,3,1,1,1,1,4,4,1,1,1,1,1,15
"7231","Hindi",2,1998,0,"Yes",100,0,0,1,1,1,1,1,1,1,1,1,4,1,1,60
"7232","Hindi",1,1993,0,"Yes",0,0,100,1,1,1,1,1,1,1,1,1,1,1,1,120
"7233","Hindi",1,1988,0,"Yes",100,0,0,1,1,1,1,1,1,1,1,1,1,1,1,30
"7234","Hindi",1,2005,0,"Yes",75,0,25,4,4,2,3,4,4,3,3,1,1,1,3,13
"7235","Hindi",1,1983,0,"Yes",80,0,20,1,1,1,1,1,1,2,3,1,3,1,1,50
"7236","Hindi",2,1985,1,"Yes",0,0,100,2,2,2,1,3,2,2,3,3,1,1,1,200
"7237","Hindi",1,2009,0,"Yes",10,90,0,2,1,1,1,1,1,1,1,1,3,2,3,50
"7238","Hindi",1,2008,0,"No",100,0,0,1,1,1,1,1,1,1,1,1,3,1,1,22
"7239","Hindi",7,2007,0,"Yes",100,0,0,2,2,2,2,1,2,3,3,2,1,3,2,30
"7240","Hindi",2,2010,0,"No",100,0,0,2,2,2,2,3,2,2,3,3,1,3,4,150
"7241","Hindi",1,2006,0,"Yes",100,0,0,1,1,1,1,1,1,1,1,1,4,1,1,200
"7242","Hindi",1,2006,0,"No",100,0,0,1,1,1,1,2,1,2,3,2,1,1,2,29
"7243","Hindi",1,2006,0,"No",100,0,0,1,1,1,1,1,1,4,1,1,1,1,1,7
"7244","Hindi",1,1988,0,"No",100,0,0,2,2,2,2,2,1,2,3,4,1,3,4,50
"7245","Hindi",1,1998,0,"Yes",40,0,60,1,1,1,1,1,1,1,3,1,1,1,1,100
"7246","Hindi",1,2009,1,"No",80,0,20,3,2,1,1,3,2,1,1,4,4,2,1,6
"7247","Hindi",3,1962,1,"Yes",95,0,5,1,1,1,1,1,1,2,1,1,3,1,1,800
"7248","Hindi",1,1998,0,"No",95,0,5,3,1,1,1,4,2,1,1,1,1,1,3,65
"7249","Hindi",7,2007,0,"Yes",100,0,0,2,2,2,2,1,2,4,3,2,1,3,2,120
"7250","Hindi",1,1985,0,"No",100,0,0,1,1,1,1,1,1,1,3,1,3,1,1,300
"7251","Hindi",1,1985,0,"No",100,0,0,2,1,2,1,1,1,1,1,2,2,1,1,10
"7252","Hindi",1,1983,0,"No",100,0,0,1,1,1,1,1,1,1,1,1,4,1,1,10
"7253","Hindi",1,2011,0,"Yes",100,0,0,1,1,1,1,1,1,1,4,1,4,1,1,80
"7254","Hindi",1,2008,0,"Yes",0,50,50,2,1,1,1,3,2,2,3,2,4,1,2,17
"7255","Hindi",2,2003,0,"No",100,0,0,2,1,1,1,1,1,1,1,1,4,1,1,30
"7256","Hindi",1,1986,0,"No",100,0,0,3,1,2,4,1,2,2,1,1,3,1,1,15
"7257","Hindi",2,2005,0,"No",100,0,0,1,1,1,1,1,1,1,1,1,4,1,1,14
"7258","Hindi",1,2003,0,"No",100,0,0,2,1,2,1,1,2,2,2,3,3,1,2,20
"7259","Hindi",1,1980,0,"No",100,0,0,1,1,1,1,1,1,1,3,1,3,1,1,65
"7260","Hindi",1,1995,0,"No",100,0,0,4,1,4,1,1,1,4,1,1,1,1,1,14
"7261","Hindi",1,1985,0,"No",100,0,0,1,1,1,1,1,1,1,3,1,4,1,1,90
"7262","Hindi",1,2011,0,"Yes",100,0,0,2,1,2,NA,1,1,1,1,1,1,1,2,22
"7263","Hindi",1,2012,0,"No",0,0,100,1,1,1,2,1,1,1,1,1,4,1,1,7
"7264","Hindi",2,1990,0,"No",100,0,0,1,1,1,1,1,1,1,3,1,4,1,1,60
"7265","Hindi",1,1995,0,"No",100,0,0,1,1,1,1,1,1,1,1,1,4,1,1,8
"7266","Hindi",1,1995,0,"No",100,0,0,3,1,1,1,1,1,2,1,1,3,1,2,80
"7267","Hindi",1,1965,0,"No",100,0,0,1,1,1,1,1,1,1,3,1,3,1,1,17
"7268","Hindi",4,1999,0,"Yes",85,0,15,1,1,2,2,1,1,2,2,3,3,2,1,350
"7269","Hindi",1,1965,0,"No",100,0,0,1,1,1,1,1,1,1,3,1,3,1,1,17
"7270","Hindi",1,1990,0,"Yes",60,0,40,3,2,3,2,1,1,1,3,2,3,1,3,78
"7271","Hindi",1,2003,0,"No",100,0,0,1,1,3,4,1,1,3,3,1,3,1,1,17
"7272","Hindi",1,1966,0,"Yes",100,0,0,3,3,3,1,3,1,1,3,3,1,1,2,125
"7273","Hindi",1,1993,0,"No",100,0,0,1,1,1,1,1,1,1,1,1,3,1,1,80
"7274","Hindi",1,1998,0,"No",100,0,0,2,2,2,NA,3,3,4,4,3,2,3,3,20
"7275","Hindi",2,1930,0,"Yes",100,0,0,2,2,2,1,1,1,1,1,1,1,1,1,35
"7276","Hindi",2,1995,0,"Yes",100,0,0,4,2,1,1,1,3,3,3,1,1,1,1,130
"7277","Hindi",1,1994,0,"No",50,0,50,1,1,2,2,1,1,1,4,2,3,1,1,150
"7278","Hindi",1,1989,0,"No",100,0,0,4,1,1,1,1,1,4,1,1,3,1,1,200
"7279","Hindi",2,1992,0,"Yes",80,20,0,3,2,2,1,1,1,4,4,3,3,1,3,100
"7280","Hindi",4,2005,0,"Yes",100,0,0,3,2,2,3,1,1,1,3,4,3,1,3,250
"7281","Hindi",1,1994,0,"Yes",100,0,0,3,1,1,1,1,1,1,1,1,1,1,1,75
"7282","Hindi",1,1997,0,"Yes",100,0,0,3,4,1,2,1,1,1,1,1,4,1,2,200
"7283","Hindi",1,1988,0,"No",100,0,0,4,1,1,1,1,1,1,2,1,1,1,3,200
"7284","Hindi",1,1985,0,"Yes",100,0,0,4,2,1,1,1,1,1,1,1,3,1,1,100
"7285","Hindi",1,1982,0,"Yes",100,0,0,2,4,1,1,1,1,1,1,1,3,1,1,150
"7286","Hindi",2,2004,0,"Yes",100,0,0,4,3,1,1,1,1,1,1,3,2,1,1,100
"7287","Hindi",3,1995,0,"Yes",80,0,20,1,1,1,1,1,1,1,3,1,3,1,1,110
"7288","Hindi",1,1985,0,"Yes",0,0,100,2,1,1,1,1,1,1,4,3,4,3,1,18
"7289","Hindi",1,2003,0,"Yes",5,0,95,2,1,1,1,1,1,1,3,1,3,1,1,130
"7290","Hindi",1,1980,0,"Yes",100,0,0,4,1,3,1,1,1,3,1,1,3,1,3,480
"7291","Hindi",1,1993,0,"No",98,2,0,4,2,1,1,1,1,1,1,1,1,1,1,11
"7292","Hindi",1,1995,0,"Yes",100,0,0,1,1,2,1,1,1,1,4,2,4,2,2,40
"7293","Hindi",3,1995,0,"Yes",100,0,0,4,2,1,1,1,1,4,1,1,4,1,1,24
"7294","Hindi",2,2001,0,"Yes",0,0,100,4,3,1,1,1,1,3,3,1,4,1,3,450
"7295","Hindi",3,1994,1,"Yes",100,0,0,4,1,3,1,3,1,3,1,3,3,1,3,225
"7296","Hindi",1,1977,0,"Yes",100,0,0,3,2,1,1,2,1,3,1,4,3,1,2,90
"7297","Hindi",6,1997,1,"Yes",60,0,40,1,2,2,3,1,1,2,1,2,3,1,2,150
"7298","Hindi",1,2003,0,"Yes",100,0,0,3,1,1,2,3,1,1,1,3,3,1,2,120
"7299","Hindi",1,1972,0,"Yes",100,0,0,1,1,2,2,3,1,1,2,1,3,1,2,215
"7300","Hindi",2,1983,0,"Yes",60,0,40,3,3,1,2,1,1,4,1,1,4,1,1,400
"7301","Hindi",4,1985,0,"Yes",25,75,0,1,1,2,3,1,2,1,3,4,1,1,3,400
"7302","Hindi",3,1979,1,"Yes",20,0,80,3,2,2,2,1,1,3,4,3,3,1,2,240
"7303","Hindi",1,1964,0,"Yes",100,0,0,2,2,4,2,1,2,2,2,1,4,1,1,900
"7304","Hindi",1,1970,1,"Yes",90,0,10,3,3,3,2,4,1,3,2,2,3,1,2,50
"7305","Hindi",3,2005,0,"Yes",75,25,0,3,1,2,1,1,1,3,1,3,4,1,2,200
"7306","Hindi",1,1975,0,"Yes",100,0,0,1,2,1,3,3,2,2,1,4,2,1,2,20
"7307","Hindi",1,1993,0,"Yes",100,0,0,1,1,1,1,1,1,2,2,1,2,1,3,13
"7308","Hindi",2,1996,0,"Yes",100,0,0,3,2,2,2,2,1,3,4,1,3,1,2,140
"7309","Hindi",1,1982,0,"No",100,0,0,4,2,1,3,1,2,1,1,3,2,1,2,25
"7310","Hindi",1,1998,0,"No",0,0,100,3,2,1,3,1,1,3,1,1,3,1,2,110
"7311","Hindi",1,1997,0,"Yes",0,0,100,1,1,1,2,1,1,3,4,3,4,1,3,290
"7312","Hindi",2,2001,0,"Yes",100,0,0,4,1,3,1,1,1,1,1,1,1,1,1,250
"7313","Hindi",1,1992,0,"Yes",75,0,25,1,1,1,1,1,1,2,3,1,3,1,1,150
"7314","Hindi",1,2009,0,"Yes",40,0,60,1,1,2,1,3,1,1,3,1,2,1,3,800
"7315","Hindi",1,1996,1,"Yes",40,0,60,4,1,1,2,1,1,1,1,4,3,1,2,150
"7316","Hindi",3,2000,0,"Yes",100,0,0,1,1,1,NA,1,1,3,2,1,2,1,1,50
"7317","Hindi",1,2006,0,"Yes",100,0,0,1,1,1,1,1,3,1,1,1,2,1,1,500
"7318","Hindi",1,1985,0,"Yes",100,0,0,4,1,1,1,1,1,1,4,4,1,1,1,125
"7319","Hindi",1,2007,0,"Yes",100,0,0,1,1,1,1,1,1,1,1,1,NA,4,1,70
"7320","Hindi",1,2000,0,"Yes",100,0,0,1,1,1,1,2,1,1,1,1,1,1,1,350
"7321","Hindi",1,2003,0,"Yes",90,0,10,1,4,2,1,1,1,2,1,1,1,1,1,300
"7322","Hindi",1,2006,0,"No",100,0,0,1,1,1,1,1,1,1,1,1,NA,1,1,100
"7323","Hindi",1,2008,0,"Yes",98,0,2,3,1,3,3,1,1,1,1,1,1,1,1,300
"7324","Hindi",1,1988,0,"Yes",85,0,15,4,2,4,3,1,1,3,1,4,1,1,3,180
"7325","Hindi",8,1992,0,"Yes",96,0,4,1,1,1,1,1,1,3,3,1,4,1,1,200
"7326","Hindi",1,1986,0,"Yes",20,0,80,2,1,1,NA,1,1,3,2,3,2,1,3,120
"7327","Hindi",1,2002,0,"Yes",100,0,0,2,1,1,1,1,1,1,2,4,4,1,2,100
"7328","Hindi",1,2002,0,"Yes",100,0,0,1,1,1,1,1,1,1,1,1,4,1,1,90
"7329","Hindi",1,2003,0,"Yes",70,0,30,1,2,1,1,1,2,3,2,2,3,1,3,50
"7330","Hindi",1,1985,0,"Yes",98,0,2,3,1,2,1,3,2,1,3,1,1,1,3,300
"7331","Hindi",2,2001,0,"Yes",0,0,100,2,2,2,1,1,1,1,1,1,1,1,1,135
"7332","Hindi",1,1994,1,"Yes",0,100,0,2,4,1,3,3,1,2,3,1,3,1,2,40
"7333","Hindi",1,2004,0,"Yes",0,0,100,1,3,1,2,1,1,2,1,2,3,1,1,200
"7334","Hindi",1,2008,0,"Yes",85,0,15,3,1,2,1,3,1,3,2,1,2,1,1,60
"7335","Hindi",1,1997,0,"Yes",60,0,40,4,1,2,3,1,1,1,1,1,3,1,2,140
"7336","Hindi",1,2006,0,"Yes",100,0,0,3,1,1,1,1,1,1,4,1,2,1,1,300
"7337","Hindi",1,2008,0,"Yes",100,0,0,1,2,1,2,1,1,1,2,4,2,1,1,82
"7338","Hindi",1,2006,0,"Yes",100,0,0,1,1,1,1,1,1,1,3,3,3,1,3,125
"7339","Hindi",2,1996,0,"Yes",100,0,0,3,2,2,3,1,1,3,1,1,4,1,3,120
"7340","Hindi",1,2002,0,"Yes",5,0,95,1,3,2,3,1,1,3,2,1,3,1,2,250
"7341","Hindi",1,1988,0,"Yes",0,0,100,2,1,1,2,1,1,3,2,1,3,1,2,50
"7342","Hindi",4,1976,0,"Yes",100,0,0,3,2,4,4,1,3,3,4,3,4,2,1,180
"7343","Hindi",1,2009,0,"Yes",100,0,0,1,1,1,1,1,1,3,3,3,4,1,3,40
"7344","Hindi",1,2005,0,"Yes",100,0,0,3,2,2,3,1,1,4,2,2,3,2,3,1000
"7345","Hindi",2,1991,0,"Yes",60,0,40,3,2,1,1,1,1,3,4,2,3,1,1,175
"7346","Hindi",1,2001,0,"No",0,0,100,3,2,1,2,1,1,2,2,3,4,1,2,70
"7347","Hindi",1,1987,0,"No",100,0,0,1,1,1,4,2,1,1,1,1,1,1,2,10
"7348","Hindi",1,1994,0,"No",100,0,0,4,2,2,4,3,2,1,3,3,3,1,3,16
"7349","Hindi",1,1985,0,"Yes",100,0,0,2,1,1,NA,2,1,3,1,3,4,1,1,200
"7350","Hindi",1,1960,0,"No",100,0,0,1,1,1,NA,2,1,3,4,3,1,1,1,20
"7351","Hindi",1,1990,0,"No",100,0,0,1,1,1,NA,3,1,3,NA,4,1,1,3,10
"7352","Hindi",3,1976,0,"No",100,0,0,3,2,2,3,1,1,1,4,4,4,2,4,15
"7353","Hindi",1,2010,0,"No",100,0,0,4,1,3,2,4,1,3,3,3,3,1,1,12
"7354","Hindi",1,2002,0,"No",100,0,0,1,1,1,NA,1,1,1,1,1,1,1,1,10
"7355","Hindi",1,2004,0,"No",100,0,0,1,1,1,NA,3,1,3,NA,3,1,1,3,8
"7356","Hindi",1,2004,1,"No",100,0,0,2,3,1,NA,1,1,1,4,1,3,1,1,30
"7357","Hindi",1,1995,0,"Yes",75,25,0,1,1,2,1,3,1,3,3,4,4,4,4,15
"7358","Hindi",1,1980,0,"No",100,0,0,2,1,1,NA,1,1,1,3,4,4,1,1,11
"7359","Hindi",2,2003,0,"No",100,0,0,2,3,2,1,1,1,1,2,3,2,1,3,10
"7360","Hindi",1,2002,0,"No",100,0,0,1,1,1,3,3,1,3,1,3,1,1,1,28
"7361","Hindi",1,2003,0,"No",100,0,0,2,1,1,NA,1,1,1,4,NA,1,1,3,12
"7362","Hindi",1,1996,0,"Yes",100,0,0,1,1,1,NA,2,1,2,4,4,1,1,1,22
"7363","Hindi",3,1990,0,"No",100,0,0,4,1,1,NA,3,1,1,3,1,3,1,1,9
"7364","Hindi",1,1999,0,"No",5,95,0,2,1,2,2,1,1,1,4,2,1,1,4,9
"7365","Hindi",1,2002,0,"No",100,0,0,2,1,1,3,1,1,3,1,3,2,1,1,14
"7366","Hindi",4,2002,0,"Yes",100,0,0,1,1,1,NA,1,1,3,1,4,1,1,1,25
"7367","Hindi",2,1995,0,"No",100,0,0,1,1,1,1,1,1,4,3,3,3,1,3,10
"7368","Hindi",1,1998,0,"No",100,0,0,4,1,1,NA,3,1,2,1,4,1,1,1,40
"7369","Hindi",1,2000,0,"Yes",100,0,0,1,4,1,1,4,1,3,4,3,4,NA,2,80
"7370","Hindi",3,1984,0,"Yes",100,0,0,2,1,1,NA,1,1,1,1,1,1,1,1,18
"7371","Hindi",2,1993,0,"Yes",100,0,0,2,1,3,NA,2,1,3,4,3,1,1,3,10
"7372","Hindi",1,1965,0,"Yes",100,0,0,3,1,3,NA,1,1,3,3,3,1,1,1,42
"7373","Hindi",1,1993,0,"No",100,0,0,1,1,1,NA,2,1,3,4,3,4,1,1,5
"7374","Hindi",1,1994,0,"No",100,0,0,1,1,1,NA,3,1,1,1,3,4,1,1,8
"7375","Hindi",2,1994,0,"No",100,0,0,3,2,2,1,4,1,2,4,3,3,1,2,100
"7376","Hindi",1,1995,0,"No",100,0,0,3,1,1,1,4,2,2,3,3,2,1,3,200
"7377","Hindi",1,2010,0,"No",100,0,0,3,1,1,1,1,1,4,1,1,3,1,1,30
"7378","Hindi",1,1995,0,"No",100,0,0,4,1,2,4,1,2,1,4,4,3,1,3,40
"7379","Hindi",2,1995,0,"Yes",60,40,0,4,2,1,1,1,1,4,3,3,3,1,3,400
"7380","Hindi",1,1985,0,"No",100,0,0,1,1,2,2,4,1,3,4,4,3,1,3,50
"7381","Hindi",2,1996,0,"No",100,0,0,4,2,1,1,1,1,3,3,2,1,1,3,60
"7382","Hindi",1,1997,0,"No",100,0,0,3,1,1,2,1,1,1,NA,3,4,1,NA,15
"7383","Hindi",1,2000,0,"No",100,0,0,3,2,1,1,4,1,3,3,3,3,1,3,125
"7384","Hindi",1,2011,0,"No",100,0,0,3,1,2,4,1,2,4,4,1,1,1,4,50
"7385","Hindi",1,1997,0,"No",100,0,0,4,3,2,1,1,1,3,3,3,4,1,3,30
"7386","Hindi",1,2000,0,"No",100,0,0,2,2,1,4,1,2,3,3,3,3,3,3,50
"7387","Hindi",1,2004,0,"No",100,0,0,4,1,2,3,1,4,4,4,4,1,1,1,20
"7388","Hindi",1,1988,0,"No",100,0,0,4,1,1,1,2,4,1,4,2,1,1,1,10
"7389","Hindi",1,2003,0,"No",100,0,0,4,2,1,1,1,1,3,3,3,2,1,2,42
"7390","Hindi",1,2002,0,"No",100,0,0,3,1,1,1,2,1,3,1,3,3,1,2,60
"7391","Hindi",1,2005,0,"No",100,0,0,2,1,1,1,1,1,1,3,1,3,1,2,18
"7392","Hindi",2,1992,0,"No",100,0,0,3,1,2,1,1,1,3,3,3,3,1,2,250
"7393","Hindi",1,2002,0,"No",100,0,0,4,1,1,1,1,1,1,3,4,3,1,2,6
"7394","Hindi",1,1997,0,"No",100,0,0,1,1,4,1,2,1,1,1,1,2,1,1,20
"7395","Hindi",1,2005,0,"Yes",100,0,0,2,1,1,2,1,1,2,4,3,2,1,2,22
"7396","Hindi",1,2002,0,"No",100,0,0,4,3,2,4,1,4,2,4,1,2,1,1,18
"7397","Hindi",1,1978,0,"No",100,0,0,1,1,1,1,4,1,4,4,3,3,1,2,20
"7398","Hindi",1,1981,0,"No",50,50,0,2,1,1,4,4,1,4,4,3,1,2,4,40
"7399","Hindi",1,1980,0,"No",100,0,0,3,1,1,1,1,1,1,4,3,1,1,1,10
"7400","Hindi",1,1982,0,"No",100,0,0,1,1,2,1,1,1,3,3,3,3,1,2,40
"7401","Hindi",1,1980,0,"No",100,0,0,3,1,1,3,1,1,1,3,3,3,1,3,40
"7402","Hindi",1,2007,0,"Yes",100,0,0,1,1,3,1,1,1,2,2,4,3,1,3,60
"7403","Hindi",1,2003,0,"No",100,0,0,3,1,3,1,4,3,1,1,2,1,1,2,65
"7404","Hindi",1,1984,0,"Yes",100,0,0,2,1,1,1,1,1,1,1,1,1,1,1,17
"7405","Hindi",1,1975,0,"Yes",100,0,0,2,1,1,NA,3,1,1,4,3,4,1,1,8
"7406","Hindi",3,1981,0,"No",100,0,0,3,1,3,1,1,1,4,4,1,3,1,1,16
"7407","Hindi",1,1962,0,"Yes",70,30,0,3,1,1,1,1,1,NA,4,3,3,1,1,10
"7408","Hindi",3,1981,0,"No",100,0,0,4,1,1,1,1,1,1,4,3,3,1,1,38
"7409","Hindi",2,1978,0,"Yes",80,0,20,1,4,1,2,3,1,4,4,3,3,1,3,65
"7410","Hindi",1,1993,0,"Yes",100,0,0,2,1,2,1,2,1,3,4,3,4,1,1,50
"7411","Hindi",2,1982,0,"Yes",100,0,0,2,1,1,1,1,1,1,4,1,3,1,1,150
"7412","Hindi",1,2002,0,"No",100,0,0,2,1,1,1,1,1,1,1,3,3,1,1,10
"7413","Hindi",1,1984,0,"No",100,0,0,3,1,3,1,4,1,1,4,3,3,1,1,6
"7414","Hindi",1,1990,0,"Yes",0,0,100,3,1,1,3,1,1,NA,4,3,3,1,1,10
"7415","Hindi",1,2006,0,"Yes",100,0,0,1,3,3,1,4,1,1,4,3,4,1,1,7
"7416","Hindi",2,2005,0,"Yes",0,0,100,4,1,1,1,1,1,1,4,1,4,4,1,48
"7417","Hindi",2,1979,0,"No",100,0,0,1,3,1,2,1,1,1,2,1,4,1,2,50
"7418","Hindi",2,1998,0,"No",100,0,0,4,2,1,1,2,1,1,2,1,4,1,2,19
"7419","Hindi",2,1969,0,"No",100,0,0,3,2,1,1,3,1,4,1,2,3,1,2,15
"7420","Hindi",1,1994,0,"No",100,0,0,3,1,1,2,2,1,4,1,3,1,1,2,14
"7421","Hindi",2,2004,0,"No",100,0,0,4,1,2,1,1,3,4,2,1,3,1,2,35
"7422","Hindi",1,1979,0,"No",100,0,0,4,2,1,2,1,2,1,2,2,3,1,2,30
"7423","Hindi",2,1993,0,"No",100,0,0,3,1,2,1,1,1,1,1,3,3,1,1,30
"7424","Hindi",3,2004,0,"No",100,0,0,4,3,1,2,2,1,2,2,1,4,1,1,50
"7425","Hindi",1,1980,0,"No",100,0,0,4,2,1,3,3,3,2,3,4,3,1,3,16
"7426","Hindi",1,1996,0,"No",100,0,0,4,3,1,4,3,3,3,1,4,3,1,3,125
"7427","Hindi",2,2006,0,"No",100,0,0,3,3,1,1,1,1,1,1,2,1,1,2,25
"7428","Hindi",1,1983,0,"No",100,0,0,1,1,1,1,1,1,1,3,3,3,1,1,100
"7429","Hindi",1,1981,0,"Yes",100,0,0,4,3,1,NA,1,1,1,4,3,1,3,3,30
"7430","Hindi",1,2013,0,"No",100,0,0,3,1,1,1,3,1,4,2,3,3,1,2,15
"7431","Hindi",1,1987,0,"No",100,0,0,2,2,1,1,1,1,3,3,3,3,1,2,17
"7432","Hindi",1,1985,0,"Yes",100,0,0,4,3,1,NA,1,1,1,4,4,1,1,1,28
"7433","Hindi",1,1995,0,"No",100,0,0,1,3,1,NA,1,1,1,3,3,4,1,1,50
"7434","Hindi",5,1986,0,"No",100,0,0,3,1,1,1,1,1,2,1,3,1,1,3,55
"7435","Hindi",3,1954,0,"No",100,0,0,1,1,1,1,1,1,1,2,1,4,1,4,23
"7436","Hindi",1,1988,0,"No",100,0,0,2,1,1,NA,1,1,1,1,3,4,1,1,16
"7437","Hindi",1,1990,0,"No",100,0,0,4,1,1,1,1,1,1,1,3,3,1,1,26
"7438","Hindi",1,1990,0,"Yes",100,0,0,3,2,1,1,3,1,4,1,1,4,1,3,50
"7439","Hindi",1,1992,0,"No",100,0,0,3,1,2,1,4,1,2,3,1,3,1,1,28
"7440","Hindi",5,1991,0,"No",100,0,0,3,1,1,3,3,1,3,1,1,3,1,1,26
"7441","Hindi",2,2002,0,"Yes",100,0,0,3,1,3,1,4,1,1,3,1,4,1,1,18
"7442","Hindi",1,1992,0,"Yes",100,0,0,4,1,1,1,3,1,NA,3,1,1,1,1,20
"7443","Hindi",1,2003,0,"No",100,0,0,3,1,2,1,4,1,4,1,1,4,1,3,12
"7444","Hindi",10,2001,0,"No",100,0,0,4,1,2,1,1,1,1,3,3,3,1,1,22
"7445","Hindi",1,2006,0,"Yes",100,0,0,1,1,1,1,2,1,1,1,1,1,1,1,21
"7446","Hindi",1,1992,0,"Yes",100,0,0,4,1,1,1,1,1,3,1,1,3,1,3,100
"7447","Hindi",1,2012,0,"No",100,0,0,3,1,1,1,1,1,1,1,1,4,1,1,22
"7448","Hindi",2,1979,0,"No",100,0,0,3,2,3,1,1,1,4,4,1,3,1,2,100
"7449","Hindi",2,1979,0,"No",100,0,0,1,1,2,1,1,1,1,2,2,2,1,1,40
"7450","Hindi",1,1995,0,"Yes",60,40,0,3,1,1,1,1,1,3,3,1,3,1,1,90
"7451","Hindi",1,2001,0,"No",100,0,0,3,1,1,1,1,1,1,1,1,3,1,1,8
"7452","Hindi",1,1981,0,"Yes",98,0,2,3,1,1,1,1,1,2,1,2,3,1,1,22
"7453","Hindi",1,1979,0,"No",100,0,0,1,4,2,1,1,1,3,1,3,3,1,1,10
"7454","Hindi",1,1960,0,"Yes",80,0,20,3,1,1,1,1,1,3,2,2,3,1,1,100
"7455","Hindi",2,1991,NA,"No",100,0,0,3,3,3,3,1,4,3,2,3,1,3,3,100
"7456","Hindi",1,1996,0,"Yes",100,0,0,2,1,3,1,1,1,1,1,1,4,1,3,55
"7457","Hindi",1,1990,0,"Yes",100,0,0,1,1,4,1,1,1,1,3,1,2,1,1,28
"7458","Hindi",2,2001,0,"No",100,0,0,3,1,3,1,1,1,2,3,1,1,1,1,20
"7459","Hindi",4,1996,0,"No",100,0,0,1,1,1,1,1,1,1,3,1,3,1,1,22
"7460","Hindi",3,2003,0,"No",100,0,0,1,2,2,3,2,2,3,3,1,3,1,2,34
"7461","Hindi",2,2005,0,"Yes",0,0,100,3,3,2,1,2,1,3,1,2,3,1,2,150
"7462","Hindi",1,1994,0,"Yes",100,0,0,3,1,1,1,1,2,4,2,1,3,1,3,30
"7463","Hindi",1,2002,0,"Yes",100,0,0,3,1,3,2,4,1,2,3,2,2,1,2,16
"7464","Hindi",1,1998,0,"No",100,0,0,1,4,2,1,3,3,1,2,2,4,1,3,60
"7465","Hindi",1,2002,0,"Yes",0,0,100,1,2,1,2,1,1,3,4,1,3,1,2,85
"7466","Hindi",2,2006,0,"No",100,0,0,2,1,1,1,1,1,4,3,3,1,1,2,200
"7467","Hindi",1,1995,0,"Yes",100,0,0,3,1,2,1,1,1,3,2,1,4,1,2,22
"7468","Hindi",2,1967,0,"No",100,0,0,1,1,2,2,1,1,4,1,1,3,1,3,40
"7469","Hindi",2,1989,0,"Yes",100,0,0,3,3,2,1,1,2,2,1,3,3,1,3,100
"7470","Hindi",3,2000,0,"No",100,0,0,4,3,2,2,1,1,3,4,4,4,1,2,6
"7471","Hindi",1,1982,0,"Yes",100,0,0,1,1,2,4,1,1,3,3,2,3,1,2,18
"7472","Hindi",1,1997,0,"Yes",0,0,100,1,2,1,1,1,1,1,3,2,2,1,1,280
"7473","Hindi",1,2002,0,"No",100,0,0,1,1,1,2,1,1,1,1,2,3,1,2,50
"7474","Hindi",1,1995,0,"No",100,0,0,1,2,2,2,1,1,2,NA,3,3,1,3,20
"7475","Hindi",1,1980,0,"Yes",40,0,60,3,2,1,3,3,1,3,4,3,2,1,2,500
"7476","Hindi",3,2000,0,"Yes",80,0,20,2,1,3,1,3,1,3,2,4,3,1,1,50
"7477","Hindi",1,1999,0,"No",100,0,0,2,1,1,2,1,1,4,4,3,2,1,2,10
"7478","Hindi",1,2004,0,"No",100,0,0,1,1,1,4,1,1,3,3,1,3,1,2,16
"7479","Hindi",1,1996,1,"No",100,0,0,3,1,2,NA,1,2,3,4,1,4,4,2,14
"7480","Hindi",1,1987,0,"Yes",40,60,0,2,1,2,2,4,1,4,2,1,1,1,3,15
"7481","Hindi",3,2008,0,"Yes",80,0,20,4,2,3,2,1,1,2,1,3,4,1,1,150
"7482","Hindi",1,1993,0,"No",100,0,0,1,1,1,1,1,1,1,4,1,1,1,1,100
"7483","Hindi",1,1977,0,"No",100,0,0,2,1,1,1,1,1,1,1,3,2,1,2,16
"7484","Hindi",3,1995,0,"Yes",100,0,0,2,1,1,2,4,3,3,1,4,4,3,1,10
"7485","Hindi",6,1993,0,"Yes",100,0,0,3,1,3,2,2,2,3,4,3,4,2,2,600
"7486","Hindi",1,1994,0,"No",100,0,0,2,3,1,1,1,1,4,4,3,1,1,1,25
"7487","Hindi",1,2000,0,"No",100,0,0,3,3,1,1,2,2,1,3,2,4,1,1,12
"7488","Hindi",1,2007,0,"No",100,0,0,2,2,2,1,1,1,1,4,2,3,1,1,60
"7489","Hindi",1,1971,0,"No",70,30,0,1,1,1,1,1,1,1,1,3,2,1,3,9
"7490","Hindi",1,1978,0,"Yes",100,0,0,2,1,2,3,1,1,1,4,4,4,1,4,45
"7491","Hindi",1,1974,0,"No",100,0,0,2,1,1,1,1,1,3,2,1,3,1,2,20
"7492","Hindi",3,1971,0,"Yes",80,10,10,1,1,1,3,1,1,3,1,4,2,1,2,70
"7493","Hindi",1,1994,0,"Yes",100,0,0,1,1,1,1,3,1,1,1,3,4,1,2,12
"7494","Hindi",1,1995,0,"No",100,0,0,1,1,3,2,1,1,1,1,1,3,1,1,40
"7495","Hindi",1,2003,0,"No",100,0,0,2,4,1,4,2,1,3,2,2,3,1,2,16
"7496","Hindi",8,1985,0,"No",100,0,0,3,2,2,3,1,1,4,4,4,3,1,2,20
"7497","Hindi",1,1997,0,"No",100,0,0,4,2,2,3,2,1,3,1,3,3,1,2,25
"7498","Hindi",1,1980,0,"No",100,0,0,1,2,3,2,3,1,1,4,3,3,1,3,15
"7499","Hindi",1,1971,0,"No",100,0,0,3,1,3,NA,1,1,3,1,3,3,1,2,20
"7500","Hindi",1,1989,0,"Yes",100,0,0,3,3,1,3,3,2,1,1,4,3,1,2,80
"7501","Hindi",1,1979,0,"No",95,0,5,1,2,3,2,2,2,1,4,4,4,1,1,100
"7502","Hindi",4,1992,0,"Yes",0,0,100,3,1,2,1,1,1,3,2,1,1,1,1,70
"7503","Hindi",1,1993,0,"No",100,0,0,1,1,1,1,1,1,1,2,1,4,4,3,10
"7504","Hindi",1,2006,0,"Yes",60,40,0,1,2,2,2,1,1,3,3,2,3,1,2,38
"7505","Hindi",2,2002,0,"Yes",100,0,0,1,1,2,3,1,1,1,4,2,4,1,2,40
"7506","Hindi",1,1984,0,"No",100,0,0,1,1,1,1,1,1,4,1,1,1,1,1,50
"7507","Hindi",5,1997,0,"Yes",100,0,0,2,1,1,4,1,1,3,4,4,1,1,1,40
"7508","Hindi",2,2000,0,"No",100,0,0,1,1,1,4,1,1,1,1,1,1,4,1,11
"7509","Hindi",1,1992,0,"No",100,0,0,2,1,4,1,1,1,3,4,4,1,1,3,15
"7510","Hindi",1,2009,0,"Yes",100,0,0,3,1,1,1,1,1,1,1,1,1,1,1,9
"7511","Hindi",1,2006,0,"No",100,0,0,1,1,1,1,1,3,3,1,1,1,1,1,6
"7512","Hindi",1,1993,0,"No",100,0,0,2,1,1,1,1,1,1,1,1,1,1,1,40
"7513","Hindi",1,2006,0,"Yes",93,7,0,1,4,1,1,1,2,4,1,2,2,1,1,73
"7514","Hindi",1,2000,0,"No",100,0,0,3,1,1,1,1,1,1,2,1,3,1,1,60
"7515","Hindi",1,1998,0,"No",1,99,0,1,1,1,1,1,1,1,1,4,3,1,3,150
"7516","Hindi",1,1996,0,"No",100,0,0,2,1,1,1,1,1,1,2,1,1,1,1,20
"7517","Hindi",1,1998,0,"Yes",100,0,0,4,1,1,1,1,1,4,2,1,1,1,1,10
"7518","Hindi",1,2001,0,"No",100,0,0,2,4,2,NA,4,1,3,3,3,3,1,2,70
"7519","Hindi",1,2002,0,"No",100,0,0,3,1,1,1,1,1,1,1,3,4,1,1,10
"7520","Hindi",1,2003,0,"Yes",100,0,0,3,2,3,1,1,1,1,1,1,1,1,1,100
"7521","Hindi",1,1985,0,"No",100,0,0,1,4,1,2,1,1,3,3,1,4,1,2,25
"7522","Hindi",1,1967,0,"No",100,0,0,1,1,1,1,1,1,1,4,4,3,1,1,25
"7523","Hindi",1,1995,0,"No",100,0,0,1,1,1,NA,1,1,1,1,1,3,1,1,8
"7524","Hindi",1,1995,0,"Yes",70,0,30,2,4,4,1,1,1,3,1,3,1,4,1,86
"7525","Hindi",4,1995,0,"Yes",100,0,0,1,1,1,1,1,1,1,1,1,1,1,1,173
"7526","Hindi",1,2011,0,"No",100,0,0,3,2,1,1,3,1,4,1,1,1,1,1,80
"7527","Hindi",1,1992,0,"Yes",60,20,20,1,1,1,1,1,3,1,1,1,1,1,1,60
"7528","Hindi",1,2005,0,"Yes",100,0,0,1,1,1,1,3,1,1,1,1,4,1,1,20
"7529","Hindi",1,1998,0,"Yes",90,0,10,1,4,1,1,1,1,1,1,1,1,1,1,500
"7530","Hindi",1,1992,0,"Yes",100,0,0,1,1,1,1,1,1,1,1,1,1,1,1,10
"7531","Hindi",1,2005,0,"No",100,0,0,2,1,1,2,3,1,4,1,3,2,1,1,85
"7532","Hindi",1,2000,0,"No",100,0,0,2,1,3,1,1,1,1,1,2,3,1,3,40
"7533","Hindi",1,1986,0,"Yes",96,0,4,1,1,1,1,1,1,1,3,1,3,1,1,105
"7534","Hindi",1,2013,0,"No",100,0,0,1,1,1,1,1,1,3,1,1,1,1,1,7
"7535","Hindi",4,1990,1,"Yes",100,0,0,1,3,1,1,2,1,1,1,1,3,1,1,350
"7536","Hindi",1,1986,0,"Yes",100,0,0,1,2,1,2,1,1,2,2,1,3,1,1,50
"7537","Hindi",3,1993,0,"Yes",100,0,0,3,4,1,1,1,1,4,1,1,1,1,1,375
"7538","Hindi",1,1992,0,"No",100,0,0,4,1,1,2,3,1,1,4,3,3,1,3,41
"7539","Hindi",1,1996,0,"Yes",100,0,0,1,1,2,1,1,1,3,2,2,2,1,1,20
"7540","Hindi",1,2008,0,"No",100,0,0,1,1,1,1,1,1,1,1,2,2,1,1,50
"7541","Hindi",1,2000,0,"No",100,0,0,1,1,1,1,1,1,2,1,2,1,1,1,8
"7542","Hindi",1,2008,0,"Yes",90,0,10,2,1,4,1,1,1,1,1,1,1,1,1,20
"7543","Hindi",1,1956,0,"No",75,25,0,2,1,3,3,1,4,1,1,3,2,1,1,17
"7544","Hindi",1,2006,0,"No",100,0,0,4,1,1,1,2,1,1,1,1,1,1,1,22
"7545","Hindi",1,1997,0,"No",100,0,0,1,1,1,1,1,1,1,2,1,1,1,2,15
"7546","Hindi",1,2001,0,"No",100,0,0,2,1,1,1,1,1,3,3,2,3,1,3,70
"7547","Hindi",1,1997,0,"Yes",100,0,0,3,1,1,3,1,1,3,3,3,3,1,3,18
"7548","Hindi",1,1965,0,"Yes",100,0,0,1,1,2,3,1,1,1,4,3,3,1,3,160
"7549","Hindi",6,1978,0,"Yes",100,0,0,2,1,2,1,1,1,3,1,1,3,1,1,17
"7550","Hindi",1,2003,0,"No",100,0,0,2,1,1,1,1,1,3,1,3,3,1,1,7
"7551","Hindi",1,1989,0,"No",100,0,0,3,NA,3,1,3,2,3,1,3,3,1,3,13
"7552","Hindi",3,1989,0,"No",100,0,0,3,2,1,1,1,2,3,1,1,1,1,2,32
"7553","Hindi",2,1998,0,"No",100,0,0,4,1,1,3,1,1,4,3,2,3,1,1,30
"7554","Hindi",2,1990,0,"No",100,0,0,1,3,3,2,3,1,3,1,3,3,1,3,13
"7555","Hindi",1,2000,0,"No",100,0,0,3,1,2,4,2,1,2,1,2,3,1,2,21
"7556","Hindi",1,2005,0,"No",100,0,0,4,1,1,3,1,1,3,2,2,4,1,2,22
"7557","Hindi",2,2006,0,"No",100,0,0,4,2,1,4,1,2,4,3,4,3,1,3,200
"7558","Hindi",1,2007,0,"Yes",0,25,75,4,1,3,1,1,1,3,3,3,4,1,1,20
"7559","Hindi",1,2001,0,"No",100,0,0,1,4,1,NA,1,1,3,1,2,3,1,2,20
"7560","Hindi",1,2008,0,"No",100,0,0,1,2,3,2,1,1,4,2,1,4,1,1,20
"7561","Hindi",1,2008,0,"No",100,0,0,1,2,1,1,1,1,1,1,4,2,1,1,10
"7562","Hindi",2,1995,0,"Yes",0,0,100,1,3,1,2,1,1,1,1,2,3,1,2,150
"7563","Hindi",1,2000,0,"No",100,0,0,4,1,1,1,1,1,3,1,4,1,1,1,12
"7564","Hindi",7,2005,0,"No",100,0,0,4,1,1,1,1,1,1,1,3,3,1,1,70
"7565","Hindi",1,2009,0,"Yes",100,0,0,1,1,1,1,1,1,1,1,1,3,1,1,35
"7566","Hindi",1,2005,0,"No",100,0,0,4,1,1,1,1,1,3,2,2,3,1,3,5
"7567","Hindi",2,1997,0,"Yes",100,0,0,4,3,3,3,2,1,1,3,1,4,1,3,44
"7568","Hindi",3,1983,0,"No",100,0,0,1,1,1,1,1,1,1,1,2,2,1,1,20
"7569","Hindi",1,2007,0,"No",100,0,0,4,1,1,1,1,2,1,1,1,4,3,1,12
"7570","Hindi",1,1994,0,"No",100,0,0,4,1,1,2,3,1,1,4,1,4,1,4,50
"7571","Hindi",1,2013,0,"Yes",100,0,0,1,2,2,1,2,1,3,2,3,3,1,1,20
"7572","Hindi",1,2009,0,"No",0,0,100,2,4,2,2,1,1,2,3,2,3,1,2,20
"7573","Hindi",1,1976,0,"Yes",100,0,0,3,1,1,NA,1,1,1,4,3,3,1,2,19
"7574","Hindi",1,2003,0,"Yes",25,0,75,4,3,3,1,1,1,1,3,1,3,1,1,20
"7575","Hindi",1,1999,0,"No",100,0,0,1,1,1,NA,1,1,1,1,1,4,1,1,8
"7576","Hindi",1,1998,0,"Yes",100,0,0,2,1,1,1,1,1,2,4,1,3,1,3,10
"7577","Hindi",1,1988,0,"No",100,0,0,4,1,1,NA,2,1,3,1,4,4,1,1,17
"7578","Hindi",1,2004,0,"No",100,0,0,3,1,1,NA,3,1,3,1,3,4,1,1,14
"7579","Hindi",1,2001,0,"No",100,0,0,4,1,1,2,1,1,3,1,4,3,1,3,40
"7580","Hindi",1,2002,0,"Yes",100,0,0,4,1,1,1,1,1,4,3,4,3,1,3,150
"7581","Hindi",1,1972,0,"No",100,0,0,3,1,1,1,3,1,1,3,1,3,1,4,30
"7582","Hindi",1,1972,0,"Yes",0,0,100,4,3,1,1,1,1,1,3,3,4,1,1,40
"7583","Hindi",1,1995,1,"Yes",100,0,0,2,1,1,1,1,1,2,3,2,3,1,1,60
"7584","Hindi",1,1990,0,"No",100,0,0,2,2,2,1,1,1,1,4,1,3,1,1,8
"7585","Hindi",1,1996,0,"No",100,0,0,2,1,1,1,1,1,1,4,4,4,1,1,10
"7586","Hindi",1,1985,0,"Yes",5,0,95,3,1,1,1,1,1,1,1,3,3,1,1,70
"7587","Hindi",1,1991,0,"Yes",100,0,0,4,1,1,NA,1,1,1,4,3,4,1,1,50
"7588","Hindi",2,2007,0,"No",100,0,0,1,3,1,2,1,1,1,2,2,1,1,2,8
"7589","Hindi",4,2002,0,"No",100,0,0,4,1,1,2,1,1,2,3,2,3,1,1,60
"7590","Hindi",1,1986,0,"Yes",100,0,0,3,1,1,NA,1,1,4,4,3,1,3,1,40
"7591","Hindi",1,1987,0,"No",100,0,0,3,1,1,1,1,1,1,3,3,3,1,4,20
"7592","Hindi",2,2001,0,"No",100,0,0,3,1,1,1,1,1,3,3,3,2,1,3,10
"7593","Hindi",1,1989,0,"Yes",100,0,0,3,1,1,1,1,1,3,1,1,3,1,1,29
"7594","Hindi",1,1992,0,"No",100,0,0,1,1,1,1,3,1,1,1,1,3,1,1,10
"7595","Hindi",1,1989,0,"Yes",100,0,0,4,3,3,1,1,1,1,1,1,3,1,1,25
"7596","Hindi",1,1990,0,"No",100,0,0,4,1,3,1,4,1,1,3,1,3,1,1,30
"7597","Hindi",1,1997,0,"Yes",100,0,0,4,3,1,1,1,1,1,1,1,3,1,1,63
"7598","Hindi",1,2005,0,"No",100,0,0,3,4,2,3,1,1,4,4,4,4,1,4,10
"7599","Hindi",2,1979,0,"No",90,0,10,1,1,1,1,1,1,1,1,1,2,1,1,11
"7600","Hindi",1,1979,0,"Yes",100,0,0,1,2,4,4,2,2,4,3,2,4,1,4,40
"7601","Hindi",2,2004,0,"No",100,0,0,2,2,2,1,1,1,3,4,2,1,1,2,6
"7602","Hindi",1,1982,0,"No",100,0,0,2,1,1,1,3,1,3,3,3,3,1,2,40
"7603","Hindi",2,1997,0,"Yes",100,0,0,1,1,1,1,1,1,1,1,3,3,1,2,110
"7604","Hindi",1,2003,0,"No",100,0,0,2,1,2,1,1,1,4,3,1,4,1,1,30
"7605","Hindi",2,1987,0,"No",100,0,0,2,2,1,1,1,1,1,1,1,3,3,1,17
"7606","Hindi",1,2000,0,"Yes",20,0,80,2,3,1,1,1,1,3,2,2,4,1,2,110
"7607","Hindi",4,1993,0,"No",100,0,0,1,3,3,2,1,2,3,4,3,3,1,2,15
"7608","Hindi",3,1992,0,"No",100,0,0,2,3,1,1,1,1,3,1,1,1,1,3,75
"7609","Hindi",1,2002,0,"Yes",100,0,0,3,3,2,2,1,1,3,1,2,3,1,2,80
"7610","Hindi",1,1982,0,"No",100,0,0,2,1,2,2,2,1,4,1,2,3,1,2,100
"7611","Hindi",1,1999,0,"No",100,0,0,1,1,1,1,1,1,4,3,2,1,1,1,10
"7612","Hindi",1,1992,0,"Yes",100,0,0,1,2,4,1,4,1,4,1,1,4,1,1,12
"7613","Hindi",1,2007,0,"No",100,0,0,4,2,1,1,3,1,1,1,1,1,1,1,40
"7614","Hindi",1,1987,0,"Yes",100,0,0,1,2,1,4,3,1,3,1,1,1,1,1,25
"7615","Hindi",3,1995,0,"Yes",100,0,0,4,1,2,1,1,1,1,2,3,2,1,1,220
"7616","Hindi",1,2000,0,"No",100,0,0,3,4,2,3,1,1,4,2,2,4,1,2,17
"7617","Hindi",1,1988,0,"Yes",100,0,0,4,1,1,2,1,1,3,3,3,3,1,1,18
"7618","Hindi",1,1965,0,"No",100,0,0,1,1,1,1,1,1,3,1,1,1,1,1,80
"7619","Hindi",10,2005,0,"Yes",100,0,0,4,1,3,4,4,1,3,1,4,1,1,1,80
"7620","Hindi",1,1990,0,"Yes",100,0,0,3,1,1,4,1,1,4,4,3,1,1,3,26
"7621","Hindi",1,2002,0,"No",100,0,0,1,1,1,1,1,1,2,2,3,3,1,1,15
"7622","Hindi",2,2003,0,"Yes",0,0,100,1,1,1,2,1,1,3,3,1,3,1,3,300
"7623","Hindi",1,2000,0,"No",100,0,0,1,1,1,2,1,1,1,2,1,2,1,2,14
"7624","Hindi",2,2009,0,"Yes",100,0,0,4,2,2,3,2,1,3,4,1,3,1,3,22
"7625","Hindi",1,1992,0,"Yes",100,0,0,2,1,1,1,1,3,4,3,3,3,1,1,250
"7626","Hindi",1,2009,0,"Yes",100,0,0,1,1,1,1,1,1,1,1,1,1,1,1,15
"7627","Hindi",1,2009,0,"Yes",0,0,100,1,2,2,2,1,1,2,2,3,2,1,1,70
"7628","Hindi",1,2010,0,"No",100,0,0,4,1,1,4,1,4,2,1,1,1,1,1,50
"7629","Hindi",6,2011,0,"No",100,0,0,2,1,4,1,1,1,4,4,1,3,NA,2,20
"7630","Hindi",1,1993,0,"Yes",100,0,0,1,1,2,1,1,1,3,1,2,3,1,1,20
"7631","Hindi",1,2006,0,"No",100,0,0,3,2,1,2,1,1,4,3,4,3,1,1,25
"7632","Hindi",2,2006,0,"No",100,0,0,4,1,1,1,1,1,3,4,3,3,3,4,8
"7633","Hindi",2,1983,0,"Yes",100,0,0,2,1,2,4,1,1,1,1,2,3,1,2,25
"7634","Hindi",1,2010,0,"Yes",85,0,15,1,1,1,3,1,1,1,3,2,2,1,2,76
"7635","Hindi",1,1997,0,"Yes",99,0,1,4,3,2,3,1,2,4,3,3,3,1,2,500
"7636","Hindi",2,1998,0,"No",100,0,0,1,2,3,2,1,1,1,3,1,3,1,1,65
"7637","Hindi",1,2010,0,"No",100,0,0,1,2,1,NA,1,1,3,3,3,2,1,1,20
"7638","Hindi",2,1997,0,"Yes",100,0,0,3,2,1,1,4,3,4,4,4,3,1,2,40
"7639","Hindi",1,2009,0,"No",100,0,0,3,2,1,NA,2,1,3,4,2,1,1,1,50
"7640","Hindi",1,2002,0,"Yes",0,0,100,3,2,1,3,1,1,3,3,1,2,1,2,120
"7641","Hindi",1,2003,0,"No",100,0,0,4,1,1,NA,1,1,2,2,2,3,1,3,27
"7642","Hindi",2,1984,0,"Yes",85,0,15,2,1,2,1,1,1,2,1,3,3,1,1,350
"7643","Hindi",1,2010,0,"Yes",100,0,0,1,1,2,1,1,1,2,2,1,3,1,1,50
"7644","Hindi",3,2002,0,"Yes",100,0,0,1,1,2,1,1,1,4,2,3,3,1,1,30
"7645","Hindi",1,2010,0,"Yes",100,0,0,3,1,2,2,1,1,3,3,2,3,1,1,7
"7646","Hindi",1,2010,0,"Yes",85,0,15,1,1,1,2,3,1,2,2,3,3,1,2,50
"7647","Hindi",1,2011,0,"Yes",100,0,0,2,1,1,1,1,1,1,1,1,1,1,1,43
"7648","Hindi",100,2007,0,"Yes",100,0,0,1,1,3,1,1,1,1,1,1,3,1,1,20
"7649","Hindi",2,1968,0,"No",100,0,0,3,1,1,NA,1,1,3,3,3,4,1,1,9
"7650","Hindi",1,2011,0,"Yes",100,0,0,2,1,1,2,1,1,2,1,2,4,1,1,100
"7651","Hindi",6,2011,0,"Yes",97,0,3,1,1,2,1,1,1,1,1,3,4,1,3,900
"7652","Hindi",1,2006,0,"Yes",95,0,5,2,1,1,1,1,1,1,3,3,3,1,1,30
"7653","Hindi",2,2006,1,"Yes",100,0,0,1,1,1,1,1,1,1,1,3,2,1,1,100
"7654","Hindi",1,2006,0,"No",100,0,0,4,1,1,1,1,1,4,1,1,4,1,1,8
"7655","Hindi",1,1984,0,"No",100,0,0,2,1,1,3,2,2,1,1,1,2,1,2,10
"7656","Telugu",1,1976,0,"Yes",100,0,0,3,1,2,2,1,1,1,1,1,1,1,1,450
"7657","Telugu",1,2013,0,"Yes",80,0,20,4,1,1,1,1,1,2,2,2,2,1,2,13
"7658","Telugu",3,1987,0,"Yes",100,0,0,3,1,1,1,1,1,2,2,2,2,1,1,210
"7659","Telugu",6,1964,0,"Yes",100,0,0,3,1,1,1,1,1,2,2,3,2,1,2,76
"7660","Telugu",4,1987,0,"Yes",80,0,20,3,1,1,1,1,1,2,1,2,2,1,2,150
"7661","Telugu",2,1960,0,"Yes",90,0,10,2,1,1,1,1,1,2,1,2,2,1,1,225
"7662","Telugu",1,1983,0,"Yes",50,20,30,2,1,1,1,1,1,2,2,2,2,1,1,120
"7663","Telugu",3,1990,0,"Yes",100,0,0,3,1,1,1,1,1,3,2,2,2,1,1,70
"7664","Telugu",2,1994,0,"Yes",20,0,80,2,1,1,1,1,1,2,3,2,2,1,2,217
"7665","Telugu",3,2005,0,"Yes",85,0,15,3,1,1,1,1,1,3,2,3,2,1,1,650
"7666","Telugu",3,1995,0,"Yes",100,0,0,3,1,1,1,1,1,3,1,2,2,1,NA,155
"7667","Telugu",2,1996,0,"Yes",100,0,0,2,1,1,1,2,1,2,2,2,2,1,4,450
"7668","Telugu",2,1930,0,"Yes",75,0,25,2,1,1,1,1,1,3,2,1,2,1,2,360
"7669","Telugu",18,2004,0,"Yes",100,0,0,4,1,1,NA,1,1,1,1,1,2,1,1,218
"7670","Telugu",5,2006,0,"Yes",70,0,30,4,1,1,1,2,1,2,3,2,3,1,2,400
"7671","Telugu",1,NA,0,"No",100,0,0,4,1,3,NA,1,1,1,1,1,2,2,1,33
"7672","Telugu",2,1963,0,"Yes",100,0,0,4,1,1,NA,1,1,1,1,1,2,2,1,118
"7673","Telugu",1,1993,0,"No",100,0,0,2,1,1,NA,1,1,1,1,1,2,2,1,48
"7674","Telugu",1,2003,0,"No",100,0,0,3,1,1,NA,1,1,1,1,1,2,1,1,83
"7675","Telugu",2,1994,0,"No",100,0,0,2,1,1,1,1,1,2,2,1,2,1,2,300
"7676","Telugu",5,1991,0,"No",100,0,0,3,1,1,2,1,1,2,2,2,2,2,2,250
"7677","Telugu",2,2003,0,"No",100,0,0,2,1,1,1,1,1,2,2,2,2,2,2,230
"7678","Telugu",1,2006,0,"Yes",50,0,50,1,1,1,2,1,1,2,2,2,2,2,2,450
"7679","Telugu",2,2007,0,"No",30,25,45,2,1,1,1,1,1,2,2,2,2,2,2,300
"7680","Telugu",1,1991,0,"Yes",100,0,0,1,1,1,1,1,1,1,1,1,2,3,1,159
"7681","Telugu",2,2006,0,"Yes",100,0,0,3,1,1,1,1,1,2,4,1,3,1,2,269
"7682","Telugu",2,1987,0,"Yes",20,0,80,1,1,1,1,2,1,2,3,2,2,1,3,100
"7683","Telugu",3,1978,1,"Yes",90,0,10,2,1,1,1,1,1,1,3,2,1,1,2,250
"7684","Telugu",7,1994,0,"Yes",20,0,80,4,1,1,1,1,1,2,2,2,2,1,3,6500
"7685","Telugu",2,1978,0,"Yes",45,0,55,3,1,2,2,1,1,2,3,2,2,1,1,300
"7686","Telugu",6,1969,0,"Yes",100,0,0,4,1,1,1,1,1,1,2,2,2,2,2,1200
"7687","Telugu",2,1965,0,"Yes",80,0,20,3,1,1,1,1,1,2,2,2,2,1,2,200
"7688","Telugu",5,1982,0,"Yes",60,0,40,4,1,3,1,4,1,2,2,1,1,1,2,250
"7689","Telugu",2,1991,0,"Yes",70,0,30,2,1,1,1,1,1,2,4,1,3,1,2,124
"7690","Telugu",1,2013,0,"No",100,0,0,1,1,1,1,2,1,3,3,1,2,1,2,13
"7691","Telugu",1,1969,0,"Yes",75,0,25,2,1,1,1,1,1,2,2,2,2,2,2,400
"7692","Hindi",3,1982,0,"Yes",99,0,1,3,1,3,1,2,2,1,4,2,1,2,2,200
"7693","Telugu",1,2001,0,"No",100,0,0,3,1,1,1,1,1,3,2,2,2,1,2,95
"7694","Telugu",2,2001,0,"Yes",100,0,0,4,1,2,1,4,1,1,3,2,2,2,2,40
"7695","Telugu",2,1989,0,"Yes",90,0,10,2,1,1,2,1,1,2,3,2,2,2,2,250
"7696","Telugu",3,2005,0,"No",100,0,0,3,1,1,1,1,1,3,2,2,2,2,2,300
"7697","Telugu",3,2001,0,"Yes",100,0,0,4,1,2,1,1,1,2,3,2,2,2,2,35
"7698","Telugu",2,2005,0,"Yes",100,0,0,3,1,4,1,1,1,2,2,1,2,1,2,520
"7699","Telugu",1,1990,0,"No",100,0,0,3,1,NA,NA,1,1,1,1,1,NA,NA,1,18
"7700","Telugu",2,2009,0,"Yes",0,0,100,4,1,1,1,3,1,2,3,1,3,1,2,747
"7701","Telugu",25,1974,0,"Yes",70,0,30,2,1,2,1,1,1,1,2,2,2,1,2,800
"7702","Telugu",2,1983,0,"Yes",90,0,10,2,1,1,1,1,1,2,4,1,3,1,2,250
"7703","Telugu",1,2000,1,"No",100,0,0,3,1,1,2,3,1,3,1,1,1,1,2,11
"7704","Telugu",2,1979,0,"No",100,0,0,4,1,1,1,1,1,2,2,1,2,1,2,13
"7705","Telugu",1,2007,0,"Yes",100,0,0,3,1,1,1,2,1,3,1,1,4,1,2,44
"7706","Telugu",1,2005,0,"No",100,0,0,3,1,1,NA,1,1,3,1,1,2,2,1,31
"7707","Telugu",1,1979,0,"No",100,0,0,1,1,1,NA,1,1,1,3,1,2,3,1,79
"7708","Telugu",1,1971,0,"No",100,0,0,1,1,1,NA,1,1,4,2,1,4,4,1,216
"7709","Telugu",1,1998,0,"No",100,0,0,4,1,1,1,2,1,2,2,1,2,1,2,11
"7710","Telugu",1,1968,0,"No",100,0,0,1,1,1,NA,1,1,1,4,1,2,2,1,118
"7711","Telugu",1,2010,0,"No",100,0,0,4,1,1,1,2,1,2,3,1,3,1,2,10
"7712","Telugu",1,1978,0,"No",100,0,0,1,1,1,NA,1,1,3,4,1,3,2,1,71
"7713","Telugu",1,1978,0,"No",100,0,0,1,1,1,NA,1,1,4,3,1,2,1,2,47
"7714","Telugu",1,1961,0,"No",100,0,0,1,1,1,NA,1,1,1,4,1,2,2,1,68
"7715","Telugu",1,1974,0,"No",100,0,0,1,1,1,NA,1,1,3,2,1,2,2,1,49
"7716","Telugu",1,1971,0,"No",100,0,0,4,1,1,NA,1,1,1,2,1,2,2,1,7
"7717","Telugu",1,2007,0,"No",75,25,0,2,1,2,2,1,1,2,2,2,2,2,2,15
"7718","Telugu",1,1998,0,"No",100,0,0,3,1,1,NA,1,1,1,2,1,2,1,1,29
"7719","Telugu",1,2003,0,"No",100,0,0,3,1,1,NA,1,1,1,3,2,4,2,1,21
"7720","Telugu",1,2001,0,"No",100,0,0,3,1,1,NA,1,1,1,1,1,2,1,1,29
"7721","Telugu",1,2001,0,"No",100,0,0,4,1,1,NA,1,1,1,1,1,2,1,1,38
"7722","Telugu",1,2001,0,"No",100,0,0,4,1,1,1,1,1,1,2,1,2,1,1,7
"7723","Telugu",1,2010,0,"No",100,0,0,3,1,2,2,1,1,4,2,2,2,1,2,14
"7724","Telugu",2,2006,0,"No",100,0,0,3,1,1,1,1,1,2,2,1,3,1,2,12
"7725","Telugu",1,1978,0,"No",100,0,0,3,1,1,1,1,1,3,2,2,2,1,2,10
"7726","Telugu",1,1978,0,"No",100,0,0,3,1,1,1,1,1,3,1,2,2,1,2,6
"7727","Hindi",1,1995,0,"No",100,0,0,2,1,1,1,1,1,2,2,2,2,1,2,9
"7728","Telugu",1,2004,0,"No",100,0,0,3,1,1,1,1,1,3,2,2,2,1,2,14
"7729","Telugu",1,1982,0,"No",100,0,0,4,1,1,1,2,1,2,2,1,2,1,2,11
"7730","Telugu",4,1997,0,"Yes",100,0,0,2,1,1,1,1,1,2,2,2,2,1,2,800
"7731","Telugu",1,2013,0,"No",100,0,0,2,1,1,1,2,1,2,2,2,2,1,1,19
"7732","Telugu",1,2000,0,"No",100,0,0,3,1,1,1,1,1,3,2,2,2,1,2,150
"7733","Hindi",1,1994,1,"No",100,0,0,2,1,4,1,1,1,2,2,2,2,1,2,10
"7734","Telugu",1,1985,0,"No",100,0,0,3,1,1,1,1,1,2,3,2,4,1,3,25
"7735","Telugu",2,1985,0,"Yes",100,0,0,2,1,1,1,1,1,2,2,2,2,1,1,100
"7736","Telugu",2,1995,0,"Yes",100,0,0,2,1,1,1,1,1,2,4,2,3,2,2,100
"7737","Telugu",1,2009,0,"Yes",100,0,0,3,1,1,1,2,1,3,2,2,2,1,3,32
"7738","Telugu",1,2005,0,"No",100,0,0,3,1,1,1,1,1,2,2,2,2,1,2,9
"7739","Telugu",1,2005,0,"No",100,0,0,2,1,1,1,1,1,1,2,2,2,2,2,10
"7740","Telugu",1,2010,0,"No",100,0,0,3,1,1,1,1,1,2,2,1,1,1,2,15
"7741","Telugu",1,2000,0,"No",100,0,0,4,1,3,1,1,1,2,2,2,2,1,2,12
"7742","Telugu",1,2005,1,"No",100,0,0,2,1,1,1,1,1,4,2,2,2,1,2,15
"7743","Telugu",1,1998,0,"No",100,0,0,3,1,1,1,1,1,3,2,2,2,1,2,25
"7744","Telugu",1,2012,0,"No",100,0,0,3,1,1,2,1,1,2,2,2,2,2,2,10
"7745","Telugu",1,2006,0,"No",100,0,0,3,1,1,NA,1,1,3,1,1,2,1,1,38
"7746","Telugu",1,1972,0,"No",100,0,0,4,1,NA,NA,1,1,1,3,1,3,4,1,85
"7747","Telugu",2,2006,0,"No",100,0,0,4,1,1,NA,1,1,1,1,1,2,1,1,18
"7748","Telugu",1,2003,0,"No",100,0,0,3,1,1,NA,1,1,3,1,1,2,4,1,9
"7749","Telugu",1,1994,0,"Yes",100,0,0,3,1,1,NA,1,1,1,4,2,3,2,2,173
"7750","Telugu",1,2003,1,"No",100,0,0,3,1,1,NA,1,1,1,1,1,2,4,1,36
"7751","Telugu",1,2003,0,"No",100,0,0,4,1,1,NA,1,1,2,2,1,3,4,1,9
"7752","Telugu",1,2006,0,"No",100,0,0,3,1,1,NA,1,1,1,1,1,2,1,1,33
"7753","Telugu",4,1988,0,"No",100,0,0,4,1,2,NA,1,1,2,1,1,1,1,2,38
"7754","Telugu",1,2003,0,"No",100,0,0,3,1,1,NA,1,1,1,3,1,4,1,1,27
"7755","Telugu",2,2006,0,"No",100,0,0,4,1,1,NA,1,1,1,1,1,2,2,1,33
"7756","Hindi",1,2001,0,"No",100,0,0,4,1,3,NA,1,1,4,1,1,2,2,2,23
"7757","Telugu",1,1991,0,"No",100,0,0,3,1,1,NA,1,1,1,1,1,2,2,1,43
"7758","Telugu",14,1993,0,"Yes",100,0,0,4,1,1,NA,1,1,1,2,1,2,1,1,117
"7759","Telugu",1,2003,0,"No",100,0,0,3,1,1,NA,1,1,1,1,1,2,3,1,36
"7760","Telugu",1,1993,0,"No",100,0,0,4,1,1,NA,1,1,1,1,1,2,1,1,18
"7761","Telugu",1,1993,0,"No",100,0,0,1,1,1,NA,1,1,3,4,1,2,1,1,23
"7762","Telugu",1,1997,0,"No",100,0,0,4,1,1,NA,1,1,3,2,1,2,2,1,18
"7763","Telugu",1,2001,0,"No",100,0,0,3,1,1,NA,1,1,1,1,1,2,2,1,17
"7764","Telugu",1,2001,0,"No",100,0,0,4,1,1,NA,1,1,2,1,1,2,1,1,14
"7765","Telugu",7,2010,0,"Yes",100,0,0,3,1,1,1,1,1,2,2,2,2,1,2,23
"7766","Telugu",1,1998,0,"Yes",100,0,0,2,1,1,1,2,1,2,3,1,2,1,2,8
"7767","Telugu",2,1990,1,"Yes",40,0,60,2,1,1,1,1,1,2,2,2,2,1,1,40
"7768","Telugu",6,1990,0,"Yes",20,0,80,4,1,1,1,1,1,2,2,2,2,2,2,105
"7769","Telugu",1,1993,0,"Yes",100,0,0,1,1,1,1,1,1,2,2,1,3,1,1,30
"7770","Telugu",1,1975,0,"No",100,0,0,2,1,1,1,1,1,2,2,2,2,1,2,21
"7771","Telugu",2,2013,0,"Yes",100,0,0,3,1,1,1,4,2,3,2,1,1,1,2,15
"7772","Telugu",5,1980,0,"Yes",41,0,59,4,1,1,1,1,1,2,2,1,2,2,2,492
"7773","Telugu",2,1975,0,"Yes",100,0,0,3,1,1,1,1,1,2,2,2,1,1,2,8
"7774","Telugu",1,1992,0,"Yes",10,0,90,2,1,1,1,1,1,2,4,1,3,1,2,44
"7775","Telugu",1,2007,0,"No",100,0,0,3,1,2,1,3,1,4,2,1,2,1,2,35
"7776","Telugu",2,2003,0,"Yes",100,0,0,2,1,1,1,1,1,2,2,3,2,1,2,25
"7777","Telugu",1,1990,0,"Yes",100,0,0,2,1,1,1,1,1,3,2,2,2,1,1,15
"7778","Telugu",2,2006,0,"No",100,0,0,4,1,1,1,2,1,2,2,2,2,1,2,62
"7779","Telugu",1,1995,0,"Yes",100,0,0,4,1,1,1,1,1,2,2,2,2,1,2,20
"7780","Telugu",1,2005,0,"No",100,0,0,2,1,2,1,1,1,4,2,1,1,1,1,100
"7781","Telugu",2,1978,0,"No",80,0,20,3,1,1,1,1,1,2,2,2,4,1,2,10
"7782","Telugu",5,2008,0,"Yes",100,0,0,3,1,1,1,1,2,3,2,1,1,1,2,65
"7783","Telugu",2,2008,0,"Yes",100,0,0,3,1,1,1,1,1,2,3,1,3,1,2,43
"7784","Telugu",1,2009,0,"No",100,0,0,4,2,2,2,2,1,3,2,2,3,1,1,25
"7785","Telugu",1,1970,0,"No",100,0,0,2,1,1,1,2,1,2,4,1,3,1,2,14
"7786","Telugu",1,1988,0,"No",100,0,0,3,1,1,1,2,1,3,2,1,1,1,2,33
"7787","Telugu",1,2012,0,"No",100,0,0,2,1,1,1,3,1,3,3,2,2,1,2,8
"7788","Telugu",7,1952,0,"Yes",100,0,0,2,1,1,1,2,1,2,2,2,2,1,2,110
"7789","Telugu",1,1985,0,"No",100,0,0,2,1,1,1,1,1,3,2,2,2,1,2,27
"7790","Telugu",1,2013,0,"No",100,0,0,2,1,1,1,3,1,4,2,2,2,1,2,8
"7791","Telugu",1,2010,0,"No",100,0,0,3,1,2,1,1,1,3,1,1,1,1,2,6
"7792","Telugu",1,1948,0,"Yes",100,0,0,3,1,2,1,1,1,3,1,1,1,1,2,60
"7793","Telugu",1,2007,0,"Yes",100,0,0,2,1,1,1,1,1,2,2,2,2,1,4,31
"7794","Telugu",1,1988,0,"No",100,0,0,3,1,1,1,1,1,2,1,1,1,1,2,20
"7795","Telugu",1,2012,0,"No",100,0,0,3,1,2,1,2,1,2,1,1,2,1,2,6
"7796","Telugu",1,1995,0,"Yes",100,0,0,3,1,1,1,2,1,3,2,1,1,1,2,21
"7797","Telugu",1,1995,0,"Yes",100,0,0,2,1,1,1,2,1,3,2,1,2,1,1,12
"7798","Telugu",5,2011,0,"Yes",100,0,0,3,1,1,1,1,1,2,2,1,2,1,2,21
"7799","Telugu",6,2005,0,"Yes",90,0,10,3,1,1,1,1,1,2,2,1,2,1,2,150
"7800","Telugu",2,1998,0,"Yes",30,0,70,4,1,1,1,1,1,2,2,2,3,1,2,250
"7801","Telugu",1,2006,0,"No",100,0,0,2,1,1,1,3,1,3,1,1,2,1,1,10
"7802","Telugu",2,1999,0,"Yes",100,0,0,3,1,1,1,1,1,3,2,1,2,1,4,50
"7803","Telugu",1,1995,0,"Yes",100,0,0,4,1,2,1,1,1,2,2,1,1,1,2,55
"7804","Telugu",2,1969,0,"Yes",70,0,30,3,1,1,1,1,1,3,2,2,2,1,4,20
"7805","Telugu",1,2005,0,"No",100,0,0,4,1,1,1,3,1,3,2,2,2,1,2,16
"7806","Telugu",2,1998,0,"No",100,0,0,3,1,2,1,1,1,2,1,1,1,1,2,9
"7807","Telugu",2,1981,0,"Yes",100,0,0,3,1,2,1,1,1,3,1,1,1,1,2,30
"7808","Telugu",3,2000,0,"Yes",60,0,40,2,1,1,1,1,1,2,2,2,2,1,2,100
"7809","Telugu",2,1989,0,"Yes",20,0,80,2,1,1,1,1,1,3,3,2,2,1,2,170
"7810","Telugu",5,2005,0,"Yes",90,0,10,4,1,1,1,1,1,2,2,3,4,1,2,350
"7811","Telugu",2,2006,0,"Yes",35,0,65,3,1,1,1,3,1,3,2,2,2,1,2,22
"7812","Telugu",2,1995,0,"Yes",40,0,60,3,1,1,1,2,1,3,2,2,2,1,2,250
"7813","Telugu",1,1982,0,"No",100,0,0,3,1,1,1,1,1,3,1,2,2,1,2,9
"7814","Telugu",1,1985,0,"No",100,0,0,4,1,1,1,1,1,2,3,1,1,1,2,15
"7815","Telugu",1,2003,0,"No",100,0,0,4,1,1,1,2,1,2,3,1,3,1,3,16
"7816","Telugu",2,1996,0,"No",100,0,0,3,1,1,2,1,1,2,2,1,1,1,2,150
"7817","Telugu",1,2011,0,"No",100,0,0,3,1,1,1,3,1,3,2,1,1,1,2,14
"7818","Telugu",1,1994,0,"No",100,0,0,2,1,1,1,1,1,2,2,2,2,1,2,15
"7819","Telugu",2,2001,0,"Yes",100,0,0,4,1,1,1,1,1,2,3,1,3,1,2,22
"7820","Telugu",1,1997,0,"No",100,0,0,2,1,1,1,2,1,2,4,2,2,1,2,9
"7821","Telugu",2,2005,0,"No",100,0,0,3,1,1,1,1,1,3,1,2,2,1,2,22
"7822","Telugu",1,2010,0,"No",100,0,0,3,1,1,1,3,1,2,2,2,2,1,2,27
"7823","Telugu",1,2013,0,"Yes",100,0,0,2,1,1,1,3,1,3,2,2,2,1,2,10
"7824","Telugu",2,1998,0,"No",50,0,50,2,1,1,2,3,1,2,1,1,2,1,1,24
"7825","Telugu",3,1990,0,"Yes",80,0,20,3,1,2,1,1,1,2,2,2,2,1,2,450
"7826","Telugu",2,2012,0,"Yes",100,0,0,4,1,1,1,1,1,2,3,2,3,1,2,15
"7827","Telugu",1,1972,1,"Yes",100,0,0,4,1,1,1,2,1,2,2,1,2,1,2,8
"7828","Telugu",1,2002,0,"Yes",100,0,0,3,1,2,1,1,1,3,2,2,2,1,2,50
"7829","Telugu",1,1989,0,"Yes",100,0,0,2,1,1,1,1,1,2,2,2,2,1,NA,21
"7830","Telugu",1,2011,0,"No",100,0,0,2,2,1,1,2,1,3,2,2,2,1,2,14
"7831","Telugu",1,1997,0,"Yes",100,0,0,3,1,1,1,2,2,2,2,2,2,1,NA,16
"7832","Telugu",2,1985,0,"No",100,0,0,4,1,1,1,1,1,2,2,2,2,1,2,50
"7833","Telugu",2,2012,0,"Yes",100,0,0,3,1,1,1,1,1,3,2,2,2,1,2,9
"7834","Telugu",2,1991,0,"Yes",100,0,0,1,1,1,1,1,1,2,2,1,2,1,1,35
"7835","Telugu",1,2013,0,"No",100,0,0,3,1,1,1,2,2,2,2,2,2,1,2,9
"7836","Telugu",1,1991,0,"No",100,0,0,2,1,1,1,1,1,3,4,1,1,1,2,12
"7837","Telugu",1,1998,0,"No",100,0,0,2,1,1,2,3,1,2,2,2,2,1,1,19
"7838","Telugu",1,2004,0,"No",100,0,0,3,1,1,2,2,1,3,2,2,2,1,2,14
"7839","Telugu",1,2010,0,"No",100,0,0,3,2,1,1,3,1,3,1,1,1,1,2,6
"7840","Telugu",1,2005,0,"Yes",100,0,0,3,1,1,1,3,1,3,2,2,2,1,2,11
"7841","Telugu",3,2006,0,"Yes",100,0,0,3,1,1,1,1,1,2,2,2,2,2,2,45
"7842","Telugu",1,2009,0,"Yes",100,0,0,3,1,1,2,2,1,3,2,1,1,1,2,16
"7843","Telugu",1,2006,0,"No",100,0,0,3,1,2,1,3,1,2,3,1,1,1,2,8
"7844","Telugu",1,1994,0,"No",100,0,0,4,1,1,1,1,1,2,1,1,2,1,2,14
"7845","Telugu",1,1990,0,"No",100,0,0,4,1,1,1,1,1,2,2,2,2,1,2,60
"7846","Telugu",1,2009,0,"No",100,0,0,4,1,1,1,1,1,2,2,1,1,1,2,6
"7847","Telugu",2,2005,0,"Yes",100,0,0,3,1,1,1,1,1,2,2,1,2,1,4,105
"7848","Telugu",2,2009,0,"Yes",100,0,0,3,1,1,1,1,1,2,4,1,3,1,2,109
"7849","Telugu",1,2008,0,"No",100,0,0,3,1,1,1,1,1,2,2,2,2,1,2,8
"7850","Telugu",2,1994,0,"No",100,0,0,3,1,1,1,1,1,3,2,2,2,1,2,30
"7851","Telugu",1,1993,0,"No",100,0,0,4,1,1,NA,1,1,2,3,1,2,1,1,17
"7852","Telugu",1,1995,0,"No",100,0,0,1,1,1,1,1,1,2,2,2,2,1,2,6
"7853","Telugu",1,2002,0,"No",100,0,0,3,1,1,1,1,1,2,2,2,2,1,2,20
"7854","Hindi",1,2003,0,"No",100,0,0,3,1,1,NA,1,1,1,2,1,2,1,1,28
"7855","Telugu",1,2002,0,"No",100,0,0,4,1,1,1,1,1,2,2,2,2,1,2,20
"7856","Telugu",1,2003,0,"No",75,0,25,3,1,1,1,1,1,2,3,1,3,1,2,15
"7857","Telugu",1,2006,0,"No",100,0,0,3,1,1,1,1,2,2,2,1,2,1,2,12
"7858","Telugu",1,2007,0,"Yes",100,0,0,4,1,1,1,1,1,2,2,2,2,2,1,12
"7859","Telugu",1,2007,0,"No",100,0,0,3,1,1,1,1,1,2,2,2,2,2,2,12
"7860","Telugu",1,2009,0,"No",100,0,0,4,1,1,1,1,1,3,2,1,1,1,2,21
"7861","Telugu",4,2012,0,"No",100,0,0,2,1,1,1,1,1,2,2,2,2,1,2,12
"7862","Telugu",1,1994,0,"No",100,0,0,3,1,1,NA,1,1,1,2,1,2,1,1,26
"7863","Telugu",1,2001,0,"No",100,0,0,3,1,1,NA,1,1,1,1,1,2,1,1,27
"7864","Telugu",1,2006,0,"Yes",100,0,0,1,1,1,NA,1,1,3,2,1,2,1,1,56
"7865","Telugu",1,2007,0,"No",100,0,0,3,1,1,NA,1,1,4,2,1,2,1,1,37
"7866","Telugu",1,1999,0,"No",100,0,0,4,1,1,NA,1,1,2,1,1,2,3,1,9
"7867","Telugu",1,1963,0,"No",100,0,0,1,1,1,NA,1,1,2,4,1,2,2,1,9
"7868","Telugu",1,2008,0,"No",100,0,0,3,1,1,1,1,1,2,2,2,2,1,2,6
"7869","Telugu",1,2009,1,"Yes",100,0,0,3,1,1,1,1,1,3,2,2,2,1,2,50
"7870","Telugu",2,2009,0,"Yes",100,0,0,2,1,1,1,1,1,2,3,2,2,1,2,20
"7871","Telugu",1,2007,0,"No",100,0,0,2,1,1,1,3,1,3,3,2,2,2,2,8
"7872","Telugu",1,2006,0,"No",100,0,0,4,1,1,1,2,1,3,2,2,2,2,2,14
"7873","Telugu",1,2006,0,"No",100,0,0,3,1,1,NA,1,1,1,4,1,2,1,1,9
"7874","Telugu",1,2007,0,"No",100,0,0,3,1,1,1,1,1,2,2,1,1,1,2,21
"7875","Telugu",2,1994,0,"No",100,0,0,2,1,1,NA,1,1,1,1,1,2,1,1,27
"7876","Telugu",1,2001,0,"No",100,0,0,2,1,1,NA,1,1,1,4,1,3,1,1,17
"7877","Telugu",2,2009,0,"Yes",100,0,0,3,1,1,1,1,1,2,2,2,2,1,2,10
"7878","Telugu",1,2006,0,"No",100,0,0,4,1,1,NA,1,1,1,2,1,2,1,1,16
"7879","Telugu",1,2012,0,"No",100,0,0,3,1,2,1,1,1,3,2,2,2,1,2,15
"7880","Telugu",1,2002,0,"No",100,0,0,2,1,1,1,1,1,2,2,2,2,1,2,20
"7881","Telugu",1,1983,0,"No",100,0,0,3,1,1,1,1,1,2,2,2,2,1,3,8
"7882","Telugu",3,1992,0,"Yes",100,0,0,3,1,1,1,1,1,2,3,1,2,1,4,98
"7883","Telugu",3,1993,0,"No",100,0,0,2,1,1,1,1,1,1,2,2,2,1,2,11
"7884","Telugu",1,1995,0,"No",100,0,0,4,1,1,1,1,1,1,2,2,2,2,2,9
"7885","Telugu",2,1995,0,"No",100,0,0,3,1,1,1,1,1,2,1,1,1,1,2,30
"7886","Telugu",1,2004,0,"No",100,0,0,2,1,2,1,1,1,1,1,2,2,1,2,10
"7887","Telugu",1,1998,0,"No",100,0,0,2,1,1,1,1,1,2,2,2,2,2,1,10
"7888","Telugu",1,1982,0,"No",100,0,0,2,1,1,1,1,1,3,2,2,2,2,2,20
"7889","Hindi",2,1995,0,"No",100,0,0,4,1,1,1,1,1,2,2,2,2,2,2,10
"7890","Telugu",1,2009,1,"No",100,0,0,3,1,2,1,1,1,2,1,1,1,1,2,19
"7891","Telugu",1,2001,0,"No",0,100,0,3,1,1,2,1,1,2,2,2,2,1,2,10
"7892","Telugu",3,2001,1,"No",100,0,0,3,1,2,1,1,1,2,1,2,1,1,2,10
"7893","Telugu",1,1997,0,"No",100,0,0,3,1,1,1,1,1,3,1,2,2,1,2,15
"7894","Telugu",1,2001,0,"No",100,0,0,2,1,1,1,1,1,2,2,2,2,1,2,8
"7895","Telugu",1,2011,0,"No",100,0,0,3,1,1,1,1,1,2,2,2,2,2,2,8
"7896","Telugu",1,2000,0,"No",100,0,0,3,1,1,1,2,1,3,2,2,2,2,2,15
"7897","Telugu",1,1995,0,"No",100,0,0,2,1,1,1,1,1,2,2,2,2,2,2,13
"7898","Telugu",4,1998,0,"No",100,0,0,1,1,1,1,1,1,4,2,2,2,2,2,8
"7899","Telugu",1,1998,0,"No",100,0,0,3,1,1,1,3,1,2,2,1,2,1,1,8
"7900","Telugu",1,2002,0,"No",100,0,0,3,1,1,1,1,1,2,4,2,1,2,2,30
"7901","Telugu",1,1999,1,"No",100,0,0,2,1,3,2,1,1,2,2,2,2,2,2,15
"7902","Telugu",1,2010,0,"No",100,0,0,3,1,1,1,2,1,3,2,2,2,1,2,12
"7903","Telugu",1,1996,0,"No",100,0,0,3,1,1,1,1,1,3,2,2,2,1,2,30
"7904","Telugu",1,1999,0,"No",100,0,0,3,1,4,1,2,1,2,2,2,2,1,2,19
"7905","Telugu",1,2003,0,"No",100,0,0,2,1,2,1,1,1,2,2,3,3,2,2,7
"7906","Telugu",2,1995,0,"Yes",100,0,0,4,1,2,2,1,1,2,1,1,2,1,2,35
"7907","Telugu",1,2007,0,"Yes",100,0,0,2,1,1,1,1,1,1,2,2,2,2,1,120
"7908","Telugu",1,1990,0,"No",100,0,0,2,1,2,1,1,1,2,1,2,2,1,2,40
"7909","Telugu",4,2006,0,"Yes",20,0,80,3,1,1,1,1,1,2,4,2,3,2,2,75
"7910","Telugu",1,2006,0,"Yes",100,0,0,3,1,1,2,1,1,2,2,1,2,1,2,20
"7911","Telugu",1,1997,0,"No",100,0,0,4,1,1,1,1,1,2,3,1,3,1,2,85
"7912","Telugu",2,2009,0,"Yes",100,0,0,2,1,1,1,1,1,1,1,2,2,1,1,31
"7913","Telugu",1,2013,0,"Yes",100,0,0,3,1,1,1,1,1,3,2,1,2,1,2,30
"7914","Telugu",1,2013,0,"No",100,0,0,3,1,1,1,2,1,3,3,2,2,1,2,12
"7915","Telugu",1,2008,0,"Yes",100,0,0,4,1,1,1,1,1,2,2,1,2,1,2,50
"7916","Telugu",3,2006,0,"Yes",100,0,0,2,1,2,1,1,1,2,4,2,3,2,3,50
"7917","Telugu",1,2008,0,"No",100,0,0,4,1,1,1,1,1,1,2,1,2,1,2,20
"7918","Telugu",1,1999,0,"No",100,0,0,4,1,1,1,1,1,3,2,2,3,2,1,8
"7919","Telugu",1,2005,0,"No",100,0,0,2,1,2,1,1,2,2,2,3,3,2,2,7
"7920","Telugu",2,2007,0,"No",100,0,0,3,1,2,1,1,1,2,1,1,1,1,2,12
"7921","Telugu",2,2008,0,"No",100,0,0,4,1,1,1,2,1,3,2,2,2,1,2,40
"7922","Telugu",3,2007,0,"Yes",94,0,6,3,1,1,1,2,1,1,1,4,4,3,3,170
"7923","Telugu",2,2001,0,"No",100,0,0,2,1,2,1,1,1,2,2,2,2,2,2,40
"7924","Telugu",7,2003,0,"Yes",70,0,30,2,1,2,1,1,1,2,1,1,1,1,2,210
"7925","Telugu",1,2011,0,"No",100,0,0,3,1,1,1,1,1,3,2,2,2,1,2,18
"7926","Telugu",1,1983,0,"No",100,0,0,3,1,1,1,1,1,2,4,3,2,1,2,12
"7927","Telugu",1,2003,0,"No",100,0,0,2,1,1,NA,1,1,1,1,1,1,2,1,76
"7928","Telugu",1,1996,0,"No",100,0,0,4,1,1,NA,1,1,2,2,1,2,3,1,11
"7929","Telugu",2,2007,0,"No",60,0,40,2,1,1,2,1,1,2,2,2,2,2,2,250
"7930","Telugu",1,2000,0,"No",100,0,0,3,1,1,2,1,1,3,2,2,2,2,2,6
"7931","Telugu",1,1988,0,"No",100,0,0,3,1,2,1,1,1,3,2,2,2,1,2,15
"7932","Telugu",1,2011,1,"No",100,0,0,3,1,1,2,1,1,3,2,2,2,1,2,10
"7933","Telugu",1,2006,0,"No",100,0,0,4,1,1,NA,1,1,2,1,1,1,3,1,23
"7934","Telugu",1,1989,0,"Yes",100,0,0,4,1,1,NA,1,1,1,1,1,2,1,1,36
"7935","Telugu",2,2012,0,"No",100,0,0,2,1,1,1,2,1,2,2,2,2,2,1,50
"7936","Telugu",1,2004,0,"No",100,0,0,4,1,1,NA,1,1,3,2,1,1,1,1,17
"7937","Telugu",1,2003,1,"No",100,0,0,2,1,1,NA,1,1,1,1,1,2,3,1,43
"7938","Telugu",1,2003,0,"No",100,0,0,4,1,1,NA,1,1,3,2,1,3,3,1,7
"7939","Telugu",2,1980,0,"No",100,0,0,4,1,1,1,1,1,2,2,2,2,1,1,100
"7940","Telugu",1,1975,0,"Yes",80,0,20,2,1,1,1,2,1,3,1,1,3,1,1,80
"7941","Telugu",1,1999,0,"No",100,0,0,4,1,1,1,1,1,2,3,1,3,1,2,14
"7942","Telugu",1,2004,0,"No",100,0,0,3,1,1,1,2,1,3,1,2,2,1,2,14
"7943","Telugu",1,2012,0,"No",100,0,0,2,1,1,1,2,1,2,3,1,4,1,2,10
"7944","Telugu",1,1988,0,"Yes",100,0,0,3,1,1,1,4,1,3,2,2,2,1,2,14
"7945","Telugu",1,2012,0,"No",100,0,0,3,1,1,1,2,2,3,2,1,2,1,2,10
"7946","Telugu",3,1985,0,"Yes",100,0,0,3,1,2,1,1,1,2,1,1,1,1,2,200
"7947","Hindi",2,2010,0,"Yes",100,0,0,2,1,2,4,3,3,2,4,4,1,3,3,20
"7948","Telugu",3,1996,0,"Yes",100,0,0,2,1,1,1,1,1,2,1,1,1,1,2,150
"7949","Telugu",5,2000,0,"Yes",80,0,20,3,1,2,1,1,1,2,1,1,1,1,2,120
"7950","Telugu",1,1957,0,"Yes",100,0,0,4,1,1,2,1,1,2,3,1,1,1,2,35
"7951","Telugu",1,2000,0,"No",100,0,0,2,2,1,1,1,1,3,2,1,1,1,2,26
"7952","Telugu",3,1995,0,"No",100,0,0,3,1,2,1,1,1,2,1,1,1,1,2,15
"7953","Telugu",1,2000,0,"No",75,0,25,4,1,1,1,1,1,3,2,2,2,1,2,40
"7954","Telugu",1,2010,0,"No",25,75,0,3,1,1,1,1,1,2,3,1,3,1,2,21
"7955","Hindi",2,1990,0,"No",100,0,0,4,1,1,1,2,1,2,2,2,2,2,2,6
"7956","Telugu",1,2006,0,"No",100,0,0,3,1,1,NA,1,1,3,1,1,2,2,1,31
"7957","Telugu",5,2006,0,"No",100,0,0,2,1,1,NA,1,1,1,1,1,2,2,1,53
"7958","Telugu",1,2006,0,"No",100,0,0,2,1,1,NA,1,1,2,2,1,2,1,2,9
"7959","Hindi",1,1991,0,"No",100,0,0,2,1,1,NA,1,1,1,1,2,2,4,1,178
"7960","Telugu",2,2009,1,"Yes",100,0,0,4,1,1,NA,1,1,1,1,1,2,1,1,63
"7961","Telugu",1,1990,0,"No",100,0,0,2,1,1,1,1,1,3,2,2,2,2,2,10
"7962","Telugu",1,1986,0,"No",100,0,0,3,1,1,1,1,1,2,2,1,1,1,2,18
"7963","Telugu",7,2012,0,"Yes",100,0,0,3,1,1,1,2,1,2,1,1,1,1,1,25
"7964","Telugu",2,1997,0,"Yes",100,0,0,3,1,1,2,1,1,2,2,2,2,2,2,30
"7965","Telugu",2,2001,0,"No",100,0,0,3,1,1,1,1,1,2,2,1,4,1,2,15
"7966","Telugu",5,1998,0,"No",100,0,0,4,1,2,1,1,1,2,1,1,1,1,2,23
"7967","Telugu",4,1991,0,"Yes",80,0,20,2,1,NA,1,1,1,1,1,2,1,1,2,120
"7968","Telugu",1,2008,0,"No",100,0,0,4,1,1,1,2,1,2,2,2,2,1,2,6
"7969","Telugu",4,2002,0,"Yes",80,0,20,2,1,1,2,1,1,2,2,1,1,1,1,200
"7970","Telugu",2,2006,0,"No",100,0,0,2,1,4,1,1,1,2,3,2,2,2,2,30
"7971","Telugu",1,1995,0,"No",100,0,0,3,1,1,1,1,1,2,2,2,2,1,2,15
"7972","Telugu",7,2007,0,"Yes",45,0,55,4,1,1,1,1,1,1,2,1,2,1,2,2000
"7973","Telugu",1,1995,0,"Yes",100,0,0,3,1,1,1,1,1,3,2,2,2,1,2,20
"7974","Telugu",2,1984,0,"No",85,15,0,2,1,1,1,1,1,2,2,2,2,1,2,30
"7975","Telugu",1,2011,0,"No",100,0,0,3,2,1,1,1,1,3,2,2,2,1,2,11
"7976","Telugu",1,1991,0,"No",80,0,20,2,1,1,1,1,1,2,2,2,2,1,2,12
"7977","Telugu",1,2006,0,"No",100,0,0,4,1,1,NA,1,1,1,2,1,2,1,1,21
"7978","Telugu",1,1993,0,"Yes",100,0,0,4,1,1,NA,1,1,1,1,1,2,1,1,18
"7979","Telugu",1,2003,0,"No",100,0,0,3,1,1,NA,1,1,3,1,1,2,2,1,18
"7980","Telugu",5,2010,0,"Yes",0,0,100,3,1,1,1,1,1,2,2,1,1,1,2,1250
"7981","Telugu",1,2012,0,"No",100,0,0,3,1,1,1,2,1,2,2,1,2,1,2,26
"7982","Telugu",1,1999,1,"No",100,0,0,3,1,2,1,3,1,3,1,1,2,1,2,32
"7983","Telugu",1,2000,0,"No",100,0,0,4,1,1,NA,3,1,1,2,1,2,1,1,70
"7984","Telugu",30,1982,0,"Yes",100,0,0,3,1,1,1,1,1,2,1,2,2,1,1,65
"7985","Telugu",3,2010,0,"Yes",100,0,0,2,1,1,1,1,1,2,4,2,3,2,2,351
"7986","Telugu",3,1999,0,"Yes",100,0,0,4,1,1,1,1,1,2,2,1,2,1,2,30
"7987","Telugu",3,2010,0,"No",100,0,0,3,1,2,1,1,1,2,1,2,2,1,1,9
"7988","Telugu",1,2003,0,"No",100,0,0,4,1,1,NA,1,1,3,1,1,2,1,1,23
"7989","Telugu",1,2000,0,"No",100,0,0,1,1,1,1,1,1,2,2,1,1,1,2,11
"7990","Telugu",1,2003,0,"No",100,0,0,2,1,1,NA,1,1,1,1,1,1,2,1,38
"7991","Telugu",7,1998,0,"Yes",70,0,30,3,1,2,2,1,1,2,2,2,2,1,2,600
"7992","Telugu",1,2009,0,"No",100,0,0,2,1,1,1,1,1,3,2,2,2,1,2,50
"7993","Telugu",2,2008,0,"Yes",100,0,0,4,1,2,1,1,1,3,1,2,2,1,2,18
"7994","Telugu",1,2006,0,"No",100,0,0,1,1,1,NA,1,1,3,2,1,1,1,1,8
"7995","Telugu",1,2010,0,"No",100,0,0,4,1,1,1,3,1,2,2,1,1,1,2,11
"7996","Telugu",1,2011,0,"No",100,0,0,4,1,1,1,1,1,2,2,1,1,1,2,10
"7997","Telugu",1,2011,0,"No",100,0,0,3,1,1,1,1,1,2,3,1,2,1,2,15
"7998","Telugu",1,1993,0,"No",100,0,0,2,1,1,NA,1,1,1,1,1,2,1,1,17
"7999","Telugu",1,1983,0,"Yes",100,0,0,3,1,2,1,NA,1,3,2,2,2,1,2,30
"8000","Telugu",2,2009,0,"Yes",90,0,10,1,1,1,1,1,1,1,1,1,1,1,1,58
"8001","Telugu",1,2006,0,"Yes",100,0,0,1,1,1,1,1,1,2,3,1,2,1,2,40
"8002","Telugu",3,2008,0,"No",100,0,0,3,1,4,1,1,1,2,2,2,2,2,2,11
"8003","Telugu",1,2009,0,"No",100,0,0,3,1,2,1,1,1,3,1,1,1,1,1,25
"8004","Telugu",1,2006,0,"No",100,0,0,2,1,2,1,2,1,3,1,1,1,1,2,7
"8005","Telugu",1,2005,0,"No",100,0,0,2,1,1,1,1,1,2,2,2,2,1,2,20
"8006","Telugu",1,2009,0,"No",100,0,0,4,1,1,1,2,1,2,2,2,2,1,2,8
"8007","Telugu",1,2011,0,"No",40,60,0,3,1,2,2,1,1,2,2,2,2,2,2,150
"8008","Telugu",1,2011,0,"No",100,0,0,2,1,1,1,1,1,2,1,2,2,1,1,15
"8009","Telugu",1,1984,0,"No",100,0,0,3,1,2,1,2,1,3,1,1,2,1,2,6
"8010","Telugu",1,2003,0,"No",100,0,0,3,1,2,2,1,1,3,3,1,4,1,2,6
"8011","Telugu",2,2010,0,"Yes",100,0,0,3,1,1,1,1,1,2,4,1,3,1,2,120
"8012","Telugu",1,2011,0,"No",100,0,0,2,1,1,1,1,1,2,2,2,2,1,2,9
"8013","Telugu",1,2010,0,"Yes",95,0,5,4,1,1,2,3,1,2,2,1,2,1,2,60
"8014","Telugu",4,2011,0,"Yes",100,0,0,3,1,1,1,1,1,3,2,2,2,1,2,9
"8015","Telugu",6,1992,0,"No",100,0,0,4,1,1,1,1,1,2,2,2,2,2,2,20
"8016","Telugu",1,2011,0,"No",100,0,0,3,1,1,1,1,1,3,2,2,2,1,2,6
"8017","Telugu",2,2001,0,"No",100,0,0,2,1,1,NA,1,1,1,4,2,2,2,1,38
"8018","Telugu",2,2004,0,"Yes",100,0,0,3,1,1,1,1,1,2,4,3,4,1,2,50
"8019","Telugu",1,2013,0,"No",100,0,0,2,1,1,1,2,1,3,2,1,2,1,2,9
"8020","Telugu",3,2010,0,"No",100,0,0,2,1,1,1,1,1,2,2,2,2,2,2,25
"8021","Telugu",1,2003,0,"No",100,0,0,3,1,1,NA,1,1,1,1,1,2,1,1,32
"8022","Telugu",1,2011,0,"No",100,0,0,4,1,1,NA,1,1,1,1,1,1,1,1,208
"8023","Telugu",2,2006,0,"No",100,0,0,3,1,1,NA,1,1,1,1,1,2,2,1,53
"8024","Telugu",1,2012,0,"No",100,0,0,3,1,1,1,1,1,2,2,1,4,1,2,35
"8025","Telugu",1,2011,0,"No",100,0,0,3,1,1,1,1,1,2,2,1,2,1,2,17
"8026","Telugu",2,2012,0,"No",0,0,100,3,2,1,1,1,1,2,1,2,2,1,2,30
"8027","Telugu",2,2006,0,"Yes",50,0,50,4,1,1,1,1,1,2,2,2,2,2,2,25
"8028","Telugu",2,2002,0,"No",100,0,0,4,1,1,NA,1,1,1,1,1,2,1,1,18
"8029","Telugu",1,2012,0,"No",100,0,0,2,1,1,1,1,1,2,1,2,2,1,2,12
"8030","Telugu",2,2009,0,"Yes",100,0,0,4,1,1,1,2,1,3,1,1,1,1,2,31
"8031","Telugu",1,2009,0,"Yes",100,0,0,4,1,1,1,1,1,3,3,2,3,1,2,16
"8032","Telugu",1,2010,NA,"No",100,0,0,3,1,2,1,1,1,3,1,1,2,1,2,15
"8033","Telugu",1,2011,0,"No",100,0,0,2,1,1,2,1,1,2,2,2,2,2,2,25
"8034","Telugu",1,1993,0,"No",100,0,0,3,1,1,NA,1,1,3,2,1,2,2,1,32
"8035","Telugu",2,2011,0,"Yes",80,0,20,4,1,1,1,3,1,2,2,2,2,1,2,53
"8036","Telugu",6,1964,0,"Yes",50,0,50,4,1,2,1,1,1,2,1,2,2,2,1,1600
"8037","Telugu",4,2012,0,"Yes",100,0,0,1,1,1,NA,1,1,1,4,2,2,1,1,58
"8038","Telugu",1,2010,0,"No",100,0,0,3,1,1,1,1,1,3,2,2,2,1,2,16
"8039","Telugu",1,2007,0,"Yes",100,0,0,2,1,1,1,2,1,4,1,1,4,1,2,44
"8040","Hindi",1,2004,0,"Yes",100,0,0,3,1,2,2,1,1,2,3,2,4,2,2,40
"8041","Hindi",1,2004,0,"Yes",100,0,0,4,1,2,2,1,1,2,1,1,1,1,1,66
"8042","Hindi",6,1973,0,"Yes",45,0,55,4,2,2,2,3,2,2,4,3,2,2,2,1400
"8043","Kannada",1,2003,0,"Yes",100,0,0,3,1,2,2,1,1,2,1,1,1,1,2,40
"8044","Kannada",1,1995,0,"Yes",100,0,0,3,1,2,2,1,1,2,2,2,2,1,4,350
"8045","Kannada",1,1995,0,"Yes",100,0,0,2,2,3,4,1,2,2,1,4,1,3,2,7
"8046","Hindi",1,2001,0,"Yes",100,0,0,4,1,3,1,1,1,2,3,2,3,2,2,70
"8047","Kannada",1,2001,0,"Yes",100,0,0,4,1,2,2,1,1,2,3,2,3,1,2,250
"8048","Kannada",1,1995,0,"Yes",100,0,0,3,1,2,2,2,1,2,2,1,2,1,2,60
"8049","Kannada",1,2000,0,"Yes",100,0,0,3,1,4,1,1,2,2,2,1,2,1,2,200
"8050","Kannada",1,1999,0,"Yes",100,0,0,4,1,2,2,1,1,2,2,1,2,1,2,150
"8051","Kannada",1,1995,0,"Yes",0,0,100,2,1,3,2,2,1,1,2,2,3,2,2,300
"8052","Kannada",1,2001,0,"Yes",100,0,0,3,1,2,1,1,1,2,4,2,4,2,3,170
"8053","Hindi",1,2003,0,"Yes",100,0,0,3,1,1,1,1,4,1,4,4,3,3,1,75
"8054","Kannada",1,1993,0,"Yes",100,0,0,3,1,2,2,2,1,2,4,3,3,2,2,52
"8055","Kannada",1,1998,0,"Yes",100,0,0,4,1,3,1,1,1,2,1,1,1,1,1,300
"8056","Kannada",1,1976,0,"Yes",80,0,20,2,1,2,2,2,2,3,3,3,3,2,1,115
"8057","Kannada",4,1980,0,"Yes",20,80,0,2,1,2,2,2,1,2,2,2,3,2,2,320
"8058","Kannada",1,2004,0,"Yes",100,0,0,3,1,2,2,2,1,2,1,1,1,1,4,59
"8059","Kannada",1,1995,0,"Yes",100,0,0,4,1,2,1,1,1,1,2,1,2,1,1,220
"8060","Kannada",1,2001,0,"Yes",100,0,0,4,1,2,2,1,1,2,3,2,3,2,2,80
"8061","Kannada",4,1985,0,"Yes",100,0,0,2,1,3,2,1,1,3,3,2,3,2,2,11
"8062","Kannada",1,2001,0,"Yes",100,0,0,4,1,2,2,2,1,2,3,2,3,2,4,48
"8063","Kannada",1,1975,0,"Yes",100,0,0,4,1,2,2,1,1,2,3,1,3,1,2,200
"8064","Kannada",1,2003,0,"Yes",100,0,0,3,1,2,2,NA,NA,2,1,1,1,1,2,105
"8065","Kannada",1,1994,0,"Yes",100,0,0,2,1,2,2,1,1,2,1,1,1,1,4,300
"8066","Kannada",1,1998,0,"Yes",100,0,0,2,1,2,1,1,NA,2,1,1,1,1,4,60
"8067","Kannada",1,1998,0,"Yes",100,0,0,4,1,1,1,1,1,2,2,2,2,2,2,180
"8068","Kannada",1,2004,0,"Yes",100,0,0,4,1,4,1,1,1,2,1,1,1,1,1,200
"8069","Kannada",1,2000,0,"Yes",100,0,0,4,1,2,2,2,NA,2,3,1,2,1,2,200
"8070","Kannada",2,1995,0,"Yes",70,0,30,4,1,2,1,1,1,2,2,2,2,1,1,80
"8071","Kannada",1,1997,1,"Yes",100,0,0,4,1,2,1,1,1,2,2,2,2,1,1,190
"8072","Kannada",1,1998,0,"Yes",100,0,0,2,1,2,1,1,1,2,3,2,3,2,4,110
"8073","Kannada",1,2004,0,"Yes",100,0,0,3,1,2,2,2,NA,2,3,2,3,2,4,65
"8074","Kannada",1,1998,0,"Yes",100,0,0,4,1,2,2,1,1,2,1,1,1,1,2,400
"8075","Kannada",1,1985,0,"Yes",100,0,0,3,1,2,2,1,1,2,3,2,3,2,4,300
"8076","Kannada",1,2001,0,"Yes",100,0,0,4,1,2,2,2,2,2,3,2,3,1,2,40
"8077","Kannada",1,1998,0,"Yes",100,0,0,2,1,3,1,1,1,2,3,2,3,2,1,200
"8078","Kannada",1,2003,0,"Yes",100,0,0,3,1,2,2,1,1,2,4,2,3,2,2,40
"8079","Kannada",1,1999,0,"Yes",100,0,0,2,1,2,2,2,1,1,2,2,2,2,1,60
"8080","Kannada",1,1996,0,"Yes",100,0,0,3,1,2,2,1,1,2,3,1,3,1,4,350
"8081","Kannada",1,2001,0,"No",100,0,0,2,2,2,2,3,2,2,2,2,3,2,2,150
"8082","Kannada",1,1999,0,"Yes",100,0,0,3,1,2,2,1,1,2,4,3,3,2,2,350
"8083","Kannada",1,2003,0,"Yes",100,0,0,2,1,2,2,1,1,2,3,2,4,2,2,90
"8084","Kannada",1,1990,0,"Yes",99,0,1,2,1,2,1,1,2,1,1,1,1,4,2,130
"8085","Kannada",1,1990,0,"Yes",100,0,0,2,1,2,1,1,1,2,2,2,3,2,2,70
"8086","Kannada",1,2005,0,"Yes",100,0,0,3,1,1,1,1,1,1,4,1,1,1,1,60
"8087","Kannada",1,2007,0,"Yes",100,0,0,3,1,2,2,1,1,2,4,2,3,2,2,250
"8088","Kannada",5,1995,0,"Yes",100,0,0,3,1,2,1,1,1,2,2,1,1,1,1,800
"8089","Kannada",1,2005,1,"Yes",100,0,0,4,1,1,1,1,1,2,1,1,1,1,1,100
"8090","Kannada",1,2001,1,"Yes",100,0,0,4,1,2,2,1,1,2,2,1,2,1,2,70
"8091","Kannada",1,2003,0,"Yes",100,0,0,2,1,2,2,2,1,2,1,1,1,1,4,165
"8092","Kannada",1,2000,0,"Yes",100,0,0,2,1,4,1,2,NA,2,3,1,3,1,2,170
"8093","Hindi",1,1997,0,"Yes",100,0,0,4,1,2,1,1,1,2,2,1,3,2,2,200
"8094","Kannada",1,2000,0,"Yes",100,0,0,3,1,1,1,1,1,1,1,1,1,1,4,70
"8095","Kannada",1,2001,0,"Yes",100,0,0,3,1,2,2,1,NA,2,4,2,3,2,2,200
"8096","Kannada",1,2000,0,"Yes",100,0,0,3,1,1,1,1,1,1,3,4,1,2,1,60
"8097","Kannada",1,1980,0,"Yes",100,0,0,2,1,2,2,1,2,2,3,2,3,2,2,90
"8098","Hindi",1,2001,0,"Yes",100,0,0,3,1,2,2,1,1,2,3,2,3,1,4,220
"8099","Kannada",1,1995,0,"No",100,0,0,2,1,2,NA,1,1,1,1,2,2,1,3,116
"8100","Kannada",1,1930,0,"Yes",100,0,0,1,1,2,2,1,1,1,2,3,2,3,2,450
"8101","Kannada",1,2001,0,"Yes",100,0,0,3,1,3,1,1,1,2,4,2,3,2,1,300
"8102","Kannada",1,1995,0,"Yes",100,0,0,4,1,2,2,1,1,2,2,1,2,1,2,60
"8103","Kannada",1,2003,0,"Yes",100,0,0,3,1,1,1,1,1,1,4,1,1,1,1,75
"8104","Kannada",7,1962,1,"Yes",70,15,15,2,1,1,3,2,2,1,3,3,2,2,3,500
"8105","Kannada",1,2005,0,"Yes",100,0,0,3,1,1,1,1,1,1,4,1,1,1,1,75
"8106","Kannada",5,1971,1,"Yes",100,0,0,1,1,1,1,1,2,1,NA,2,2,1,1,600
"8107","Kannada",1,2003,0,"Yes",100,0,0,3,1,2,1,1,1,2,2,2,2,1,1,400
"8108","Hindi",1,1993,0,"Yes",100,0,0,3,1,2,2,1,1,2,3,2,4,2,2,40
"8109","Kannada",1,2001,0,"Yes",100,0,0,4,1,3,1,2,1,2,3,2,3,2,1,100
"8110","Kannada",1,2008,0,"Yes",100,0,0,2,1,2,NA,1,1,1,2,1,2,1,1,7
"8111","Kannada",1,1989,0,"Yes",100,0,0,3,1,2,2,NA,NA,2,1,1,1,1,2,306
"8112","Hindi",1,2002,0,"Yes",100,0,0,3,1,3,2,1,1,1,3,3,3,4,1,60
"8113","Kannada",1,1995,0,"Yes",100,0,0,4,1,2,2,1,1,2,1,1,1,1,2,40
"8114","Kannada",1,2002,0,"Yes",100,0,0,3,1,2,2,2,1,2,4,2,3,2,2,60
"8115","Kannada",1,2001,0,"Yes",100,0,0,3,1,1,1,1,1,1,4,1,1,1,1,80
"8116","Kannada",1,1980,0,"Yes",100,0,0,2,1,2,2,1,1,2,4,2,3,2,2,70
"8117","Kannada",1,2002,0,"Yes",100,0,0,3,1,2,2,NA,NA,2,1,1,1,1,2,120
"8118","Kannada",1,2001,1,"Yes",100,0,0,3,1,2,2,1,1,2,3,2,4,2,2,70
"8119","Kannada",1,2001,0,"Yes",100,0,0,4,1,2,2,1,1,2,2,1,2,1,2,105
"8120","Kannada",1,1983,0,"Yes",100,0,0,3,1,2,2,NA,NA,2,1,1,1,1,2,350
"8121","Kannada",1,2003,0,"Yes",100,0,0,3,1,2,2,2,1,2,3,2,4,2,2,75
"8122","Kannada",1,2012,1,"No",100,0,0,3,1,3,1,1,NA,2,3,2,4,2,1,45
"8123","Kannada",1,1999,0,"Yes",100,0,0,2,1,2,2,2,1,2,3,2,3,2,4,40
"8124","Kannada",1,2002,0,"Yes",100,0,0,3,1,2,2,1,2,2,3,2,3,2,4,52
"8125","Kannada",1,1980,1,"Yes",100,0,0,2,1,3,2,1,1,2,2,2,3,2,2,20
"8126","Kannada",1,1996,0,"Yes",100,0,0,3,1,2,2,NA,NA,2,1,1,1,1,2,140
"8127","Kannada",1,1995,0,"Yes",100,0,0,2,2,2,2,3,2,2,2,2,3,2,2,20
"8128","Kannada",1,1985,0,"Yes",100,0,0,4,1,2,1,1,1,2,3,1,3,1,2,40
"8129","Hindi",2,1969,0,"Yes",100,0,0,2,1,2,2,2,1,3,3,1,3,2,2,29
"8130","Kannada",1,2005,0,"Yes",100,0,0,2,1,3,1,2,1,2,3,2,3,2,4,80
"8131","Kannada",1,2001,0,"Yes",100,0,0,3,1,2,2,1,1,2,2,1,2,1,4,250
"8132","Hindi",1,1997,0,"Yes",100,0,0,3,1,2,2,NA,NA,2,1,1,1,1,2,120
"8133","Kannada",1,1995,0,"Yes",100,0,0,3,1,2,2,NA,NA,2,1,1,1,1,2,205
"8134","Kannada",1,2001,0,"Yes",100,0,0,3,1,2,2,1,1,2,4,3,3,2,2,49
"8135","Kannada",1,1991,0,"No",100,0,0,4,1,2,1,1,1,1,3,2,3,2,1,70
"8136","Hindi",1,1993,1,"Yes",100,0,0,3,1,2,2,NA,NA,2,1,1,1,1,2,140
"8137","Kannada",1,2000,0,"Yes",100,0,0,3,1,2,2,1,2,2,4,3,3,2,2,40
"8138","Kannada",1,1983,0,"Yes",100,0,0,3,1,2,2,1,1,2,1,1,1,1,4,16
"8139","Kannada",1,1999,0,"Yes",100,0,0,3,1,1,1,1,1,2,3,1,3,1,4,250
"8140","Kannada",1,2002,0,"Yes",100,0,0,1,1,2,2,1,2,2,3,2,2,2,2,48
"8141","Kannada",1,2000,0,"Yes",100,0,0,3,1,2,2,NA,NA,2,1,1,1,1,2,180
"8142","Kannada",1,1995,0,"Yes",100,0,0,3,1,2,2,1,1,2,2,1,2,1,4,80
"8143","Kannada",1,2001,0,"Yes",100,0,0,4,1,2,2,2,1,2,1,1,1,1,2,70
"8144","Kannada",4,1980,0,"Yes",100,0,0,2,1,2,2,1,1,1,1,2,2,2,1,17
"8145","Kannada",1,1994,1,"Yes",90,0,10,3,2,1,1,1,2,1,1,1,1,1,2,120
"8146","Kannada",1,1990,0,"No",100,0,0,1,2,3,2,3,2,2,2,3,2,1,2,30
"8147","Kannada",1,1990,0,"Yes",100,0,0,3,1,2,2,NA,NA,2,1,1,1,1,2,40
"8148","Kannada",1,1995,0,"Yes",100,0,0,3,1,3,1,2,1,2,1,1,1,1,1,60
"8149","Kannada",1,2000,0,"Yes",100,0,0,2,1,2,1,2,1,2,3,2,3,1,2,80
"8150","Kannada",1,2001,0,"Yes",100,0,0,4,1,2,2,1,1,2,1,1,1,1,1,60
"8151","Kannada",1,1998,0,"Yes",100,0,0,3,1,2,2,NA,NA,2,1,1,1,1,2,80
"8152","Kannada",1,2000,1,"Yes",100,0,0,3,1,1,1,1,1,2,3,2,3,1,1,150
"8153","Kannada",1,2011,0,"Yes",100,0,0,4,1,2,2,1,1,2,3,2,3,2,2,40
"8154","Kannada",1,1988,0,"Yes",100,0,0,3,1,2,2,1,1,2,3,2,3,1,4,280
"8155","Kannada",1,1994,0,"Yes",100,0,0,3,1,2,2,NA,NA,2,1,1,1,1,2,110
"8156","Kannada",1,1987,0,"No",100,0,0,2,1,2,2,1,2,1,1,1,2,1,NA,12
"8157","Kannada",1,2000,1,"Yes",100,0,0,3,1,1,1,1,1,2,2,1,3,1,1,200
"8158","Kannada",1,1995,0,"Yes",100,0,0,2,1,3,2,3,2,2,3,3,3,2,2,35
"8159","Kannada",1,2001,0,"Yes",100,0,0,4,1,2,1,1,1,2,2,1,2,1,1,100
"8160","Kannada",1,2001,0,"Yes",100,0,0,3,1,1,1,1,1,1,4,4,4,3,1,70
"8161","Kannada",1,2002,0,"Yes",100,0,0,2,1,2,2,2,1,2,3,2,3,2,4,35
"8162","Kannada",6,1987,0,"Yes",100,0,0,2,1,2,2,3,2,2,2,3,3,2,2,35
"8163","Kannada",1,2000,0,"Yes",100,0,0,4,1,2,2,1,1,2,1,1,1,1,2,60
"8164","Kannada",1,2001,0,"Yes",100,0,0,2,1,4,1,1,1,2,1,1,1,1,2,45
"8165","Kannada",1,1999,0,"Yes",100,0,0,4,1,2,2,1,1,2,3,2,3,2,2,70
"8166","Kannada",1,1997,0,"Yes",100,0,0,3,1,2,2,1,1,2,3,1,3,1,4,25
"8167","Kannada",1,2001,0,"Yes",100,0,0,3,1,3,1,1,1,2,3,2,4,2,1,180
"8168","Kannada",1,1990,0,"Yes",100,0,0,1,1,1,1,1,1,1,2,1,2,1,1,50
"8169","Kannada",1,1973,0,"Yes",100,0,0,3,1,2,2,NA,NA,2,1,1,1,1,2,180
"8170","Kannada",1,2003,0,"Yes",100,0,0,2,1,2,2,2,1,2,3,2,3,2,3,40
"8171","Kannada",1,1999,1,"Yes",100,0,0,3,1,2,2,NA,NA,2,1,1,1,1,2,270
"8172","Kannada",1,2001,0,"Yes",100,0,0,3,1,4,1,2,2,2,2,1,2,1,2,32
"8173","Kannada",1,1980,0,"Yes",100,0,0,2,1,3,1,1,1,3,3,2,3,3,2,15
"8174","Kannada",1,2000,0,"Yes",100,0,0,3,1,2,2,NA,NA,2,1,1,1,1,2,23
"8175","Kannada",1,1998,0,"Yes",100,0,0,2,1,2,2,1,1,2,3,2,4,2,2,105
"8176","Kannada",1,NA,0,"Yes",100,0,0,4,1,2,1,1,1,2,3,3,3,2,3,150
"8177","Kannada",2,1995,0,"No",100,0,0,1,1,1,1,1,1,1,4,2,2,3,2,30
"8178","Kannada",1,2001,0,"No",100,0,0,1,1,1,1,1,1,2,2,2,2,1,1,5
"8179","Kannada",1,1998,0,"Yes",100,0,0,2,1,2,2,1,1,2,4,2,3,1,2,31
"8180","Kannada",1,2001,0,"Yes",100,0,0,3,1,4,1,2,1,2,2,1,2,1,2,39
"8181","Kannada",1,2005,0,"Yes",100,0,0,3,1,2,2,NA,NA,2,1,1,1,1,2,250
"8182","Kannada",1,2000,0,"Yes",100,0,0,3,1,2,1,1,1,2,1,1,1,1,1,200
"8183","Kannada",1,2001,0,"Yes",100,0,0,3,1,1,1,1,1,1,2,4,3,2,1,60
"8184","Kannada",6,2001,0,"Yes",100,0,0,2,1,1,2,2,2,3,3,3,2,3,2,50
"8185","Kannada",1,1980,0,"Yes",100,0,0,4,1,2,1,1,1,2,2,1,1,1,2,22
"8186","Kannada",1,2000,1,"Yes",100,0,0,3,1,2,2,1,1,2,4,2,3,2,2,25
"8187","Kannada",1,1998,0,"Yes",100,0,0,3,1,2,2,NA,NA,2,1,1,1,1,2,80
"8188","Kannada",1,1979,0,"Yes",100,0,0,3,1,2,2,NA,NA,2,1,1,1,1,2,75
"8189","Kannada",1,2002,0,"Yes",100,0,0,3,1,2,2,1,1,2,3,2,3,2,2,60
"8190","Kannada",1,2001,0,"Yes",100,0,0,4,1,2,2,2,1,2,2,1,2,1,2,60
"8191","Kannada",1,2000,0,"Yes",100,0,0,3,1,2,2,1,1,2,2,1,2,1,4,270
"8192","Kannada",1,2003,0,"Yes",100,0,0,2,1,2,1,1,1,2,2,3,2,2,2,15
"8193","Kannada",1,1998,0,"Yes",100,0,0,2,1,2,2,2,1,2,4,2,3,2,2,51
"8194","Kannada",2,1984,0,"Yes",60,0,40,2,2,3,2,2,2,2,3,1,3,3,2,50
"8195","Kannada",1,1999,1,"Yes",100,0,0,2,1,2,2,2,2,2,4,3,3,2,2,40
"8196","Kannada",1,1998,0,"Yes",100,0,0,2,1,2,1,1,1,1,1,3,4,2,3,15
"8197","Kannada",1,2003,0,"No",100,0,0,2,1,1,NA,1,1,1,2,1,2,1,1,30
"8198","Kannada",1,1985,0,"Yes",100,0,0,4,1,2,2,1,1,2,3,2,3,2,2,48
"8199","Kannada",1,2006,0,"Yes",100,0,0,3,1,2,2,1,1,2,4,3,3,3,2,300
"8200","Kannada",1,2009,0,"Yes",100,0,0,4,1,3,1,1,1,1,2,3,4,1,1,15
"8201","Kannada",1,1969,0,"Yes",100,0,0,3,1,2,2,NA,NA,2,1,1,1,1,2,101
"8202","Kannada",1,1995,0,"Yes",100,0,0,3,1,2,2,2,1,2,4,2,3,1,2,60
"8203","Kannada",1,2004,0,"Yes",100,0,0,2,1,2,2,1,1,2,4,2,3,2,2,35
"8204","Kannada",1,2001,0,"Yes",100,0,0,3,1,3,1,1,1,2,2,1,2,1,4,160
"8205","Kannada",1,2001,1,"Yes",100,0,0,4,1,1,1,1,1,2,1,1,1,1,1,180
"8206","Kannada",13,2006,0,"Yes",100,0,0,2,1,2,2,3,1,1,1,1,3,1,2,73
"8207","Kannada",1,1989,0,"No",100,0,0,2,2,2,2,3,2,2,3,3,3,1,2,40
"8208","Kannada",1,1998,0,"Yes",100,0,0,3,1,2,2,1,1,2,4,3,3,2,2,25
"8209","Kannada",3,1978,0,"Yes",100,0,0,2,1,2,2,2,1,2,2,2,3,1,2,25
"8210","Kannada",1,2000,1,"Yes",100,0,0,3,1,2,2,1,1,2,3,1,2,1,4,70
"8211","Kannada",1,1996,0,"Yes",100,0,0,3,1,2,2,NA,NA,2,1,1,1,1,2,180
"8212","Kannada",1,1998,0,"Yes",100,0,0,3,1,2,2,1,NA,2,3,1,3,1,4,250
"8213","Kannada",1,2007,0,"Yes",100,0,0,4,1,2,2,1,1,2,2,1,2,1,2,50
"8214","Kannada",1,1998,0,"Yes",100,0,0,3,1,2,2,1,1,2,3,1,3,1,4,160
"8215","Kannada",1,2006,0,"Yes",100,0,0,3,1,2,2,1,1,2,4,2,3,2,2,50
"8216","Kannada",1,1998,0,"Yes",100,0,0,2,1,2,2,2,1,2,3,2,3,2,2,12
"8217","Kannada",2,2011,0,"Yes",100,0,0,3,1,2,2,NA,2,2,4,2,3,2,2,250
"8218","Kannada",1,1997,0,"Yes",100,0,0,2,1,3,1,2,1,2,4,2,3,1,2,40
"8219","Kannada",1,2002,0,"Yes",100,0,0,3,1,3,1,4,2,3,3,3,3,1,1,40
"8220","Kannada",1,1998,0,"No",100,0,0,1,1,2,1,1,1,1,3,3,3,2,1,16
"8221","Kannada",1,1999,1,"Yes",100,0,0,3,1,2,2,2,2,2,3,2,2,2,2,30
"8222","Kannada",1,1998,0,"Yes",100,0,0,4,1,2,1,1,1,2,3,3,3,2,2,190
"8223","Kannada",1,1995,0,"Yes",100,0,0,2,2,2,1,1,1,2,1,1,1,1,1,15
"8224","Kannada",1,2000,0,"Yes",100,0,0,2,2,3,2,2,2,2,2,2,3,2,1,25
"8225","Kannada",1,1998,0,"Yes",100,0,0,2,1,2,2,2,2,2,3,3,3,2,2,40
"8226","Kannada",1,1996,0,"Yes",100,0,0,3,1,2,2,1,NA,2,3,2,3,2,2,25
"8227","Kannada",1,1980,0,"Yes",95,5,0,2,1,2,1,2,2,2,2,2,3,1,2,46
"8228","Kannada",1,1998,0,"Yes",100,0,0,3,1,2,2,1,1,2,4,2,3,2,2,81
"8229","Kannada",1,2001,0,"Yes",100,0,0,2,1,2,2,1,1,2,3,2,4,2,2,40
"8230","Kannada",1,1983,0,"No",100,0,0,1,1,1,2,1,1,3,2,3,3,3,3,25
"8231","Kannada",1,2005,0,"Yes",100,0,0,3,1,2,2,2,NA,2,3,2,3,2,4,50
"8232","Kannada",1,2003,0,"No",100,0,0,3,2,2,2,4,2,2,2,1,3,1,3,80
"8233","Kannada",1,1993,0,"Yes",100,0,0,2,1,4,1,1,1,2,1,1,1,1,2,49
"8234","Kannada",1,1999,0,"Yes",100,0,0,2,1,2,1,1,1,2,3,2,4,2,2,45
"8235","Kannada",1,2004,0,"Yes",100,0,0,4,1,1,1,1,1,2,2,2,2,2,1,350
"8236","Kannada",1,2002,0,"Yes",100,0,0,4,1,2,1,1,1,2,3,2,3,2,1,100
"8237","Kannada",6,2001,0,"Yes",100,0,0,2,1,1,2,3,1,3,2,2,3,3,2,60
"8238","Telugu",1,2002,0,"Yes",100,0,0,4,1,3,1,1,1,2,3,2,3,2,2,85
"8239","Kannada",1,1988,0,"Yes",100,0,0,2,1,3,2,1,1,2,2,2,3,2,2,30
"8240","Kannada",1,2000,0,"Yes",100,0,0,3,1,2,2,1,1,2,1,1,1,1,4,320
"8241","Kannada",1,1996,0,"Yes",100,0,0,2,1,2,2,1,1,3,2,2,2,2,1,14
"8242","Kannada",1,1995,0,"Yes",100,0,0,3,1,2,2,NA,NA,2,1,1,1,1,2,130
"8243","Kannada",1,2001,0,"Yes",100,0,0,3,1,2,1,1,1,2,3,2,3,2,4,48
"8244","Kannada",1,2001,0,"Yes",100,0,0,4,1,2,1,2,1,2,1,1,1,1,2,125
"8245","Kannada",1,1998,0,"No",100,0,0,2,2,1,2,3,1,2,2,3,3,2,2,25
"8246","Kannada",1,2005,0,"Yes",100,0,0,2,1,2,2,1,1,2,4,1,2,1,2,65
"8247","Kannada",1,2009,0,"Yes",100,0,0,3,1,2,1,1,1,2,4,2,3,2,3,250
"8248","Kannada",1,2003,0,"Yes",100,0,0,3,1,2,2,1,1,2,4,3,3,2,2,60
"8249","Kannada",1,1998,0,"Yes",100,0,0,4,1,2,1,1,1,1,1,1,1,1,1,30
"8250","Kannada",1,NA,0,"Yes",100,0,0,3,1,3,1,1,NA,1,1,1,3,2,2,15
"8251","Kannada",1,2000,1,"Yes",100,0,0,2,1,1,1,1,1,2,2,1,2,1,3,75
"8252","Kannada",1,2006,0,"Yes",100,0,0,3,1,2,NA,1,1,1,1,1,2,1,1,30
"8253","Kannada",1,1997,0,"Yes",100,0,0,2,1,2,2,3,2,3,2,2,3,3,1,7
"8254","Kannada",1,2002,1,"Yes",100,0,0,4,1,2,2,1,1,2,2,1,2,1,2,20
"8255","Kannada",1,1976,0,"Yes",100,0,0,2,2,1,1,1,NA,1,2,3,2,3,3,18
"8256","Kannada",1,1987,0,"No",40,0,60,2,1,1,1,1,1,1,2,1,1,1,1,40
"8257","Kannada",1,2002,0,"Yes",100,0,0,4,1,2,2,1,1,2,3,2,3,2,2,60
"8258","Kannada",1,2002,0,"Yes",100,0,0,3,1,2,2,2,1,2,1,1,1,1,2,80
"8259","Kannada",1,1995,0,"Yes",100,0,0,3,1,2,2,1,1,2,3,2,4,2,2,30
"8260","Kannada",1,2003,0,"Yes",100,0,0,3,1,2,2,2,1,2,4,2,3,2,2,40
"8261","Kannada",1,1996,0,"Yes",100,0,0,3,1,2,1,1,1,2,3,2,4,1,2,170
"8262","Kannada",1,1998,0,"Yes",100,0,0,4,1,2,1,1,1,2,2,1,2,1,1,100
"8263","Kannada",1,2002,0,"Yes",100,0,0,4,1,2,1,1,1,2,3,2,2,2,1,100
"8264","Kannada",1,2005,0,"Yes",100,0,0,3,1,2,2,1,1,2,3,2,3,2,4,57
"8265","Kannada",1,1978,0,"Yes",100,0,0,2,1,2,1,1,1,2,1,2,3,2,2,15
"8266","Kannada",1,1977,0,"No",100,0,0,2,2,2,2,3,2,3,3,2,2,1,2,35
"8267","Kannada",1,1996,0,"Yes",100,0,0,4,1,2,2,2,1,2,3,2,3,2,2,22
"8268","Kannada",1,2000,0,"Yes",100,0,0,3,1,2,1,2,1,2,3,1,2,1,2,140
"8269","Hindi",1,1996,0,"Yes",100,0,0,4,1,2,2,1,1,2,1,1,1,1,2,35
"8270","Kannada",1,2000,0,"Yes",100,0,0,2,1,3,3,3,2,2,2,2,3,2,2,15
"8271","Kannada",1,1985,0,"Yes",100,0,0,2,1,2,1,1,1,2,2,2,2,3,2,60
"8272","Kannada",1,2000,0,"No",100,0,0,3,2,2,3,3,2,2,3,2,3,1,1,7
"8273","Kannada",1,1994,0,"Yes",100,0,0,3,1,2,2,1,1,2,4,2,3,2,2,270
"8274","Kannada",2,1978,0,"Yes",100,0,0,2,1,2,1,3,1,1,3,2,3,2,2,50
"8275","Kannada",1,1992,0,"Yes",100,0,0,3,1,2,2,NA,NA,2,1,1,1,1,2,150
"8276","Kannada",1,1998,0,"Yes",100,0,0,3,1,2,1,2,1,2,3,2,4,2,2,40
"8277","Kannada",1,1998,0,"Yes",100,0,0,1,1,2,2,2,2,2,3,2,3,2,2,52
"8278","Kannada",1,1970,1,"Yes",100,0,0,2,1,2,2,3,1,2,2,3,3,2,1,8
"8279","Kannada",1,2003,0,"Yes",100,0,0,3,1,2,1,1,1,2,4,2,3,2,2,45
"8280","Kannada",1,1985,1,"Yes",100,0,0,3,1,3,2,1,1,2,3,2,3,2,4,120
"8281","Kannada",1,2002,0,"Yes",100,0,0,2,1,1,1,1,1,2,3,2,3,2,2,400
"8282","Hindi",1,2003,0,"Yes",100,0,0,3,1,2,2,1,1,2,3,2,3,2,2,180
"8283","Kannada",1,2005,0,"Yes",100,0,0,3,1,4,1,2,NA,2,3,2,3,2,1,60
"8284","Kannada",1,1998,0,"Yes",100,0,0,4,1,2,2,NA,1,2,1,1,1,1,2,200
"8285","Kannada",1,2000,0,"Yes",100,0,0,3,1,2,2,1,2,2,3,2,3,2,4,70
"8286","Kannada",1,2000,0,"Yes",100,0,0,2,1,2,2,1,1,3,2,2,2,2,2,40
"8287","Kannada",1,1995,0,"Yes",100,0,0,2,1,2,2,2,2,2,3,2,3,1,2,60
"8288","Kannada",1,2001,0,"Yes",100,0,0,3,1,2,2,NA,NA,2,1,1,1,1,2,140
"8289","Kannada",1,2008,0,"No",100,0,0,1,1,1,2,1,1,3,2,2,3,2,3,20
"8290","Kannada",1,2002,0,"No",100,0,0,1,1,1,2,1,1,4,2,3,4,2,3,30
"8291","Kannada",1,2002,0,"Yes",100,0,0,4,1,2,2,3,1,2,2,1,2,1,2,160
"8292","Kannada",1,1995,0,"Yes",100,0,0,2,1,2,2,1,1,2,3,2,4,2,2,30
"8293","Kannada",1,2004,0,"Yes",100,0,0,3,1,4,1,1,1,2,2,1,2,1,2,40
"8294","Kannada",1,1979,0,"Yes",100,0,0,3,1,1,1,1,1,1,2,1,2,1,2,16
"8295","Kannada",1,1998,0,"Yes",100,0,0,4,1,2,1,1,1,2,1,1,1,1,1,200
"8296","Kannada",1,2004,0,"Yes",100,0,0,3,1,2,1,2,1,2,3,2,2,4,2,60
"8297","Kannada",1,2008,0,"Yes",100,0,0,3,1,2,2,NA,NA,2,1,1,1,1,2,270
"8298","Kannada",1,1997,1,"Yes",100,0,0,4,1,1,1,1,1,2,1,1,1,1,1,210
"8299","Kannada",1,2005,0,"Yes",100,0,0,2,1,2,2,1,1,2,3,2,3,2,2,89
"8300","Kannada",1,1979,0,"Yes",100,0,0,3,1,2,2,NA,NA,2,1,1,1,1,2,170
"8301","Kannada",1,1984,1,"No",100,0,0,1,1,1,1,2,1,3,4,1,1,1,1,16
"8302","Kannada",1,1993,0,"No",100,0,0,4,1,3,1,1,1,2,3,1,3,1,1,20
"8303","Kannada",1,1995,1,"Yes",100,0,0,4,1,1,1,1,1,2,2,1,3,1,1,180
"8304","Kannada",2,1999,1,"Yes",100,0,0,2,1,3,2,1,1,2,3,2,2,2,2,65
"8305","Kannada",1,2000,0,"Yes",100,0,0,3,1,4,1,1,1,2,2,1,2,1,2,180
"8306","Kannada",1,1998,0,"Yes",100,0,0,4,1,2,2,1,1,2,2,1,2,1,2,106
"8307","Kannada",1,2002,0,"Yes",100,0,0,4,1,3,1,NA,NA,2,1,1,1,1,2,150
"8308","Kannada",1,1995,0,"Yes",100,0,0,4,1,2,2,2,1,2,2,1,2,1,2,60
"8309","Kannada",1,2001,0,"Yes",100,0,0,3,1,2,1,1,1,2,1,1,2,1,1,18
"8310","Kannada",1,1999,0,"No",100,0,0,4,1,2,1,1,1,2,1,1,1,1,1,40
"8311","Kannada",1,1999,1,"Yes",100,0,0,4,1,3,1,1,1,2,2,1,2,1,2,200
"8312","Kannada",1,1998,0,"Yes",100,0,0,3,1,2,2,1,NA,2,4,2,3,2,2,110
"8313","Kannada",1,2002,0,"Yes",100,0,0,3,1,2,2,NA,NA,2,1,1,1,1,2,170
"8314","Kannada",1,2002,0,"Yes",100,0,0,3,1,2,2,NA,NA,2,1,1,1,1,2,105
"8315","Kannada",1,1999,0,"Yes",100,0,0,1,1,2,2,3,2,2,2,3,3,2,2,20
"8316","Kannada",1,2001,1,"Yes",100,0,0,1,1,3,2,2,1,2,2,3,3,2,2,13
"8317","Kannada",1,1970,0,"Yes",100,0,0,3,1,2,2,NA,NA,2,1,1,1,1,2,150
"8318","Kannada",1,1996,0,"Yes",100,0,0,3,1,1,1,1,1,1,3,3,1,3,1,40
"8319","Kannada",1,2001,0,"Yes",100,0,0,4,1,2,1,1,1,2,3,1,2,1,2,75
"8320","Kannada",1,2000,0,"Yes",100,0,0,3,1,2,2,1,1,2,3,2,4,2,2,210
"8321","Kannada",1,2001,0,"Yes",100,0,0,3,1,3,1,2,1,2,1,1,1,1,3,40
"8322","Kannada",1,1999,0,"Yes",100,0,0,1,1,1,1,1,1,1,4,2,3,2,2,400
"8323","Kannada",1,2001,0,"Yes",100,0,0,3,1,2,2,1,1,2,4,2,3,2,2,40
"8324","Kannada",10,2000,0,"Yes",30,0,70,1,1,2,2,2,1,3,3,3,4,2,2,40
"8325","Kannada",1,2004,0,"Yes",100,0,0,3,1,2,2,1,1,2,4,2,3,2,2,85
"8326","Kannada",1,1996,0,"Yes",100,0,0,2,1,3,1,2,1,2,3,3,3,2,2,30
"8327","Kannada",1,1992,0,"No",100,0,0,3,1,2,1,1,1,2,2,3,3,2,1,24
"8328","Kannada",1,2007,0,"Yes",100,0,0,3,1,3,2,1,1,1,1,1,1,1,4,80
"8329","Kannada",1,1994,0,"Yes",100,0,0,2,1,2,2,4,1,2,3,3,2,1,1,7
"8330","Kannada",1,1998,0,"Yes",100,0,0,2,1,2,2,1,1,2,3,2,3,2,4,115
"8331","Kannada",1,1998,1,"Yes",100,0,0,2,1,1,1,2,1,2,2,1,3,1,2,25
"8332","Kannada",1,2005,0,"Yes",100,0,0,3,1,3,2,1,1,2,1,1,1,3,2,11
"8333","Kannada",1,2001,0,"Yes",100,0,0,4,1,2,2,NA,1,2,3,2,3,1,2,160
"8334","Kannada",1,1998,0,"Yes",100,0,0,2,1,2,3,2,3,2,3,2,3,3,3,20
"8335","Kannada",1,2010,0,"No",100,0,0,2,2,2,2,3,1,3,2,3,3,2,1,8
"8336","Kannada",1,2004,0,"Yes",100,0,0,3,1,2,2,NA,NA,2,1,1,1,1,2,150
"8337","Kannada",1,2001,0,"Yes",100,0,0,4,1,2,2,1,1,2,2,1,2,1,2,300
"8338","Kannada",1,2004,0,"No",100,0,0,2,1,1,1,1,1,2,3,4,4,3,3,30
"8339","Kannada",1,2005,0,"Yes",100,0,0,3,1,1,1,1,1,1,4,1,1,1,1,70
"8340","Kannada",1,2000,0,"Yes",100,0,0,3,1,1,1,1,1,1,4,3,4,3,1,45
"8341","Kannada",1,1989,0,"Yes",100,0,0,4,1,2,2,1,1,2,3,2,3,2,2,72
"8342","Kannada",1,1964,0,"Yes",100,0,0,1,1,2,1,1,1,2,3,2,3,2,1,10
"8343","Kannada",1,1995,0,"Yes",100,0,0,3,1,2,2,2,1,2,3,1,3,1,2,40
"8344","Kannada",2,1974,0,"Yes",100,0,0,1,1,1,1,3,3,3,3,3,3,1,1,13
"8345","Kannada",1,1977,0,"Yes",100,0,0,3,1,2,2,1,1,2,2,2,2,2,2,20
"8346","Kannada",1,1966,0,"Yes",100,0,0,3,1,2,2,NA,NA,2,1,1,1,1,2,130
"8347","Kannada",1,1983,0,"Yes",100,0,0,2,1,3,3,1,1,2,2,3,3,3,1,20
"8348","Kannada",1,1996,0,"Yes",100,0,0,3,1,2,2,2,1,2,4,2,2,2,2,70
"8349","Kannada",1,2009,0,"Yes",100,0,0,4,1,2,2,1,2,2,3,2,3,2,2,206
"8350","Kannada",1,2002,0,"Yes",100,0,0,1,1,1,1,1,1,2,3,2,2,2,2,200
"8351","Kannada",1,1998,0,"Yes",100,0,0,1,1,1,1,2,1,2,4,2,3,1,2,200
"8352","Kannada",1,1974,0,"No",100,0,0,2,2,2,2,3,1,1,2,1,1,1,1,27
"8353","Kannada",1,1996,0,"Yes",100,0,0,3,1,2,1,1,1,3,3,2,1,1,2,15
"8354","Kannada",1,2002,0,"Yes",100,0,0,4,1,2,1,1,1,2,3,2,3,2,2,70
"8355","Hindi",1,1980,0,"Yes",100,0,0,4,1,2,2,1,1,2,3,2,3,2,2,210
"8356","Kannada",1,2004,0,"No",100,0,0,3,2,1,2,2,2,3,2,3,3,2,1,8
"8357","Kannada",1,2002,0,"Yes",100,0,0,2,1,2,2,1,1,2,4,3,3,2,1,60
"8358","Kannada",1,1997,0,"Yes",100,0,0,3,1,2,2,1,1,2,4,3,3,3,2,180
"8359","Kannada",1,1991,0,"Yes",0,0,100,2,1,2,3,2,2,3,3,3,3,2,3,29
"8360","Kannada",1,1997,0,"Yes",100,0,0,3,1,2,2,NA,NA,2,1,1,1,1,2,130
"8361","Kannada",1,2003,1,"Yes",100,0,0,4,2,1,1,1,1,2,3,1,3,1,1,170
"8362","Kannada",1,2000,0,"Yes",100,0,0,4,1,3,1,1,1,2,3,1,3,1,1,25
"8363","Kannada",1,2005,0,"Yes",95,0,5,2,1,2,1,2,1,2,2,2,3,3,1,85
"8364","Hindi",1,1999,0,"Yes",100,0,0,2,1,2,2,2,1,2,3,2,3,2,2,72
"8365","Kannada",1,2008,0,"Yes",100,0,0,1,1,4,3,2,2,3,3,3,3,2,1,7
"8366","Kannada",1,2003,0,"Yes",100,0,0,2,1,2,2,2,2,2,3,1,3,1,2,40
"8367","Kannada",1,2010,0,"No",100,0,0,2,1,2,1,NA,1,1,1,1,2,1,1,12
"8368","Kannada",1,2000,0,"Yes",100,0,0,4,1,2,2,1,1,2,3,2,3,2,2,110
"8369","Kannada",1,2001,0,"Yes",100,0,0,2,1,2,2,1,1,2,4,2,3,2,2,81
"8370","Kannada",1,2003,0,"Yes",100,0,0,2,1,2,2,2,1,2,4,2,3,2,1,70
"8371","Kannada",1,2006,1,"No",100,0,0,2,2,2,2,3,1,2,4,2,3,1,3,16
"8372","Kannada",1,1995,0,"Yes",100,0,0,1,1,3,2,1,1,2,2,3,3,2,1,25
"8373","Kannada",1,2001,0,"Yes",100,0,0,4,1,2,1,1,2,2,3,1,3,1,2,45
"8374","Kannada",1,2002,0,"Yes",100,0,0,2,1,2,2,1,1,2,3,2,4,2,2,40
"8375","Kannada",1,1997,0,"Yes",100,0,0,4,1,1,1,1,2,2,2,1,2,1,1,150
"8376","Kannada",1,2010,0,"Yes",0,0,100,2,1,2,2,2,1,1,3,2,3,2,2,200
"8377","Kannada",4,1985,0,"Yes",100,0,0,2,1,3,3,3,1,2,2,3,2,2,1,30
"8378","Kannada",3,1996,0,"Yes",90,10,0,4,1,3,1,1,1,2,3,1,2,1,1,300
"8379","Kannada",1,2002,0,"Yes",100,0,0,2,1,2,2,2,1,2,4,3,3,2,2,30
"8380","Kannada",1,1998,0,"No",100,0,0,2,2,3,1,3,2,2,3,2,2,1,2,17
"8381","Kannada",1,2010,0,"Yes",100,0,0,4,1,2,1,2,1,2,3,2,3,2,2,250
"8382","Kannada",1,2002,0,"Yes",100,0,0,3,1,2,2,1,1,2,4,2,3,2,2,30
"8383","Kannada",1,1984,0,"Yes",100,0,0,4,1,2,2,1,1,2,3,2,3,2,2,180
"8384","Kannada",1,1997,0,"Yes",100,0,0,3,1,4,1,1,1,2,3,2,3,2,2,130
"8385","Kannada",1,2002,0,"Yes",100,0,0,4,1,2,2,1,1,2,2,1,2,1,2,160
"8386","Hindi",1,2003,0,"Yes",100,0,0,3,1,4,1,1,NA,2,2,1,2,1,2,100
"8387","Kannada",1,2004,0,"Yes",100,0,0,3,1,2,1,1,1,2,3,2,3,2,4,200
"8388","Kannada",1,2005,1,"Yes",100,0,0,3,1,3,2,1,1,2,2,2,3,1,2,40
"8389","Kannada",1,2002,1,"Yes",100,0,0,4,1,1,1,1,1,2,2,1,3,1,1,200
"8390","Kannada",1,2003,0,"Yes",100,0,0,2,1,2,2,2,1,2,3,2,3,2,2,70
"8391","Kannada",1,2000,0,"Yes",100,0,0,3,1,4,1,2,1,2,1,1,1,1,1,60
"8392","Kannada",1,2001,1,"Yes",100,0,0,3,1,2,2,1,1,2,3,2,3,2,2,70
"8393","Kannada",1,2007,0,"Yes",100,0,0,4,1,2,2,1,1,2,3,1,3,1,2,35
"8394","Hindi",1,2006,0,"Yes",100,0,0,3,1,2,2,2,1,2,4,2,3,2,2,40
"8395","Kannada",1,1997,0,"Yes",100,0,0,4,1,2,2,2,1,2,1,1,1,1,2,70
"8396","Kannada",1,2002,0,"Yes",100,0,0,3,1,2,1,1,1,2,1,1,1,1,2,59
"8397","Kannada",1,2004,0,"No",100,0,0,3,1,2,3,1,1,1,3,1,1,3,1,45
"8398","Kannada",1,2000,0,"Yes",100,0,0,4,1,1,1,1,1,2,2,1,2,1,2,180
"8399","Kannada",1,2001,0,"Yes",100,0,0,3,1,4,1,1,1,2,3,2,2,2,1,100
"8400","Kannada",1,2004,0,"Yes",100,0,0,4,1,2,1,1,1,2,1,1,1,1,1,100
"8401","Kannada",1,2010,0,"Yes",100,0,0,2,2,2,1,2,1,3,2,3,2,1,2,10
"8402","Kannada",1,2007,1,"Yes",100,0,0,2,1,4,1,1,1,2,3,1,3,1,1,250
"8403","Kannada",1,1995,0,"Yes",100,0,0,2,1,2,1,1,1,2,2,2,3,3,2,80
"8404","Kannada",1,1999,0,"Yes",100,0,0,4,1,3,1,1,1,2,2,1,1,1,1,17
"8405","Kannada",1,1993,0,"Yes",100,0,0,2,1,2,2,2,1,2,3,2,3,2,1,75
"8406","Kannada",1,1987,0,"Yes",100,0,0,2,1,2,1,1,1,2,1,3,3,2,2,30
"8407","Kannada",1,2003,1,"Yes",100,0,0,4,1,2,2,1,1,2,3,2,3,2,2,60
"8408","Kannada",1,1985,0,"No",100,0,0,2,3,2,2,2,1,2,2,1,1,1,2,16
"8409","Kannada",1,1998,0,"Yes",100,0,0,2,1,2,1,3,1,3,3,3,3,3,2,180
"8410","Hindi",1,1993,0,"Yes",100,0,0,3,1,2,2,NA,NA,2,1,1,1,1,2,236
"8411","Kannada",1,1997,0,"No",100,0,0,2,2,1,1,3,2,2,2,3,2,3,2,10
"8412","Kannada",1,1986,0,"Yes",90,10,0,3,3,3,3,3,2,3,3,2,3,3,3,25
"8413","Kannada",1,1998,0,"Yes",100,0,0,4,1,2,1,1,1,2,1,1,1,1,1,500
"8414","Kannada",1,2010,0,"No",100,0,0,2,1,2,1,1,1,2,4,2,3,2,1,14
"8415","Kannada",1,2003,0,"Yes",100,0,0,3,1,3,1,1,1,2,4,3,3,1,2,40
"8416","Kannada",1,2011,0,"No",100,0,0,3,2,1,1,1,1,1,1,2,4,3,2,10
"8417","Hindi",1,1992,0,"No",100,0,0,2,1,4,2,3,3,4,4,3,4,2,3,50
"8418","Hindi",2,1997,0,"DON'T KNOW (SPONTANEOUS)",100,0,0,NA,NA,2,2,NA,NA,NA,NA,NA,NA,NA,2,100
"8419","Hindi",1,1947,0,"Yes",100,0,0,3,2,3,2,3,3,2,3,1,1,3,4,70
"8420","Hindi",10,2002,0,"Yes",100,0,0,3,2,3,2,2,3,3,4,3,4,3,3,800
"8421","Hindi",1,1993,0,"Yes",60,40,0,1,1,2,2,1,1,1,2,1,2,1,2,45
"8422","Hindi",1,2007,0,"Yes",100,0,0,3,2,2,2,3,2,3,3,1,4,1,2,20
"8423","Hindi",1,1997,1,"Yes",65,0,35,4,2,3,3,4,2,4,4,4,1,3,3,255
"8424","Hindi",33,1964,0,"Yes",100,0,0,4,3,3,2,3,3,3,4,1,1,3,3,160
"8425","Hindi",1,1996,0,"Yes",100,0,0,3,2,3,2,3,3,3,3,1,4,3,3,75
"8426","Hindi",2,1991,1,"Yes",50,0,50,4,2,3,2,2,2,3,4,3,4,2,4,173
"8427","Hindi",3,1979,0,"Yes",100,0,0,2,1,3,3,3,3,3,4,3,4,1,3,50
"8428","Hindi",1,2007,0,"Yes",100,0,0,2,1,3,2,4,2,3,3,1,3,3,3,80
"8429","Gujarati",1,1984,0,"Yes",100,0,0,3,2,3,2,3,3,3,3,3,3,2,3,50
"8430","Hindi",1,1988,1,"Yes",100,0,0,4,4,3,2,4,2,2,4,4,1,1,2,225
"8431","Hindi",2,1988,0,"Yes",75,0,25,2,2,2,2,3,3,3,4,2,3,2,3,140
"8432","Hindi",4,1991,0,"Yes",60,0,40,1,1,3,2,1,1,1,2,2,2,1,1,84
"8433","Hindi",2,2000,0,"Yes",100,0,0,3,2,3,2,3,2,3,4,4,3,4,3,300
"8434","Hindi",4,1991,0,"Yes",65,0,35,1,1,2,1,1,1,1,3,2,2,2,2,162
"8435","Hindi",1,1980,0,"Yes",100,0,0,4,3,4,2,3,2,3,4,1,1,2,4,100
"8436","Hindi",1,1983,0,"Yes",100,0,0,3,2,3,2,3,4,3,3,1,1,3,4,65
"8437","Hindi",1,1997,0,"No",100,0,0,4,3,3,3,3,2,2,1,3,4,3,4,99
"8438","Hindi",1,1973,0,"No",100,0,0,4,2,3,2,3,2,3,4,4,3,2,3,43
"8439","Hindi",1,1995,1,"Yes",0,0,100,4,2,3,3,4,2,3,4,3,4,3,3,82
"8440","Hindi",1,1986,0,"Yes",70,0,30,1,2,2,1,4,2,2,4,1,4,4,2,230
"8441","Hindi",3,1997,0,"Yes",60,0,40,4,2,3,3,3,2,3,3,1,3,1,2,150
"8442","Hindi",6,2004,0,"Yes",95,0,5,1,1,3,3,1,1,1,2,1,1,1,4,150
"8443","Hindi",1,1990,0,"Yes",100,0,0,4,2,4,3,3,3,3,1,3,1,3,4,160
"8444","Hindi",2,2000,0,"Yes",100,0,0,1,1,3,2,1,1,2,3,2,3,1,1,150
"8445","Hindi",1,1980,0,"Yes",93,0,7,4,2,3,2,3,2,3,4,3,4,2,4,124
"8446","Hindi",1,1997,0,"Yes",90,0,10,4,2,3,3,3,2,3,4,4,4,3,3,107
"8447","Hindi",1,1997,0,"Yes",100,0,0,1,1,2,1,3,1,1,2,1,2,1,1,250
"8448","Hindi",1,1998,1,"No",100,0,0,3,3,3,2,2,2,3,4,1,1,3,3,30
"8449","Hindi",1,2005,0,"No",100,0,0,4,2,2,1,2,2,2,2,1,2,1,3,16
"8450","Hindi",1,2007,0,"Yes",100,0,0,3,2,3,3,2,3,3,1,2,3,2,3,50
"8451","Hindi",1,2009,0,"No",100,0,0,2,1,3,1,1,1,1,2,1,4,NA,1,14
"8452","Hindi",2,1980,1,"Yes",100,0,0,4,2,3,1,2,2,2,3,3,3,2,3,250
"8453","Gujarati",2,1986,0,"No",100,0,0,4,1,4,4,3,1,3,1,4,3,3,4,20
"8454","Hindi",1,1988,0,"Yes",100,0,0,3,2,3,2,3,3,4,3,3,4,2,2,45
"8455","Hindi",1,1993,0,"Yes",100,0,0,1,1,2,1,1,1,2,4,1,1,1,1,12
"8456","Hindi",1,1987,0,"Yes",100,0,0,2,1,2,2,3,3,2,3,1,3,1,3,34
"8457","Gujarati",1,1992,0,"Yes",100,0,0,3,1,3,4,4,1,2,2,4,4,2,3,16
"8458","Hindi",1,NA,0,"Yes",100,0,0,1,1,2,1,2,2,2,2,2,2,1,2,16
"8459","Hindi",1,1991,0,"Yes",40,0,60,2,1,2,2,2,2,2,3,4,3,1,3,95
"8460","Hindi",1,1996,0,"No",100,0,0,2,1,2,2,3,2,3,4,1,3,2,3,17
"8461","Hindi",2,1997,0,"No",100,0,0,2,1,2,NA,2,1,1,2,1,2,2,1,80
"8462","Hindi",1,1988,0,"No",100,0,0,3,1,NA,NA,1,2,2,3,1,1,2,3,26
"8463","Hindi",2,1998,0,"Yes",100,0,0,4,3,3,2,2,3,3,4,3,4,3,3,8
"8464","Hindi",1,1993,0,"Yes",100,0,0,2,2,3,2,3,3,3,4,4,4,2,4,75
"8465","Hindi",1,1997,0,"Yes",90,0,10,2,2,3,2,2,2,2,3,1,4,1,3,84
"8466","Hindi",7,1999,0,"Yes",50,0,50,4,2,3,3,2,3,3,1,3,1,3,4,50
"8467","Hindi",1,1995,0,"Yes",100,0,0,3,2,3,2,2,3,2,4,4,1,3,3,130
"8468","Hindi",1,2013,0,"No",100,0,0,3,2,2,2,3,2,2,4,1,3,1,3,78
"8469","Hindi",2,1988,0,"Yes",100,0,0,2,1,3,2,3,3,2,4,2,3,2,3,16
"8470","Hindi",2,1984,0,"Yes",65,0,35,1,1,2,3,2,2,2,2,2,3,2,2,150
"8471","Hindi",1,2002,0,"Yes",75,0,25,3,1,2,4,3,3,2,3,1,4,1,3,17
"8472","Gujarati",1,2005,0,"No",100,0,0,3,1,3,4,1,1,4,3,1,1,2,3,12
"8473","Hindi",1,2002,0,"Yes",100,0,0,3,2,3,2,3,2,2,4,2,1,3,4,62
"8474","Gujarati",1,1989,0,"No",100,0,0,4,1,3,3,1,1,2,3,4,1,2,3,15
"8475","Hindi",1,1986,0,"Yes",100,0,0,2,1,2,NA,4,1,2,3,1,3,2,2,35
"8476","Hindi",2,2002,0,"No",100,0,0,1,2,2,1,3,1,2,2,1,2,1,2,30
"8477","Hindi",2,2001,0,"No",100,0,0,3,2,3,2,3,2,3,4,4,3,4,4,15
"8478","Hindi",2,2009,0,"Yes",100,0,0,2,2,2,2,1,1,2,2,3,4,3,2,150
"8479","Hindi",1,1987,0,"No",100,0,0,1,1,1,NA,3,1,1,2,1,2,1,2,13
"8480","Hindi",1,1984,0,"Yes",100,0,0,4,2,3,2,3,3,2,3,4,4,2,3,40
"8481","Hindi",1,2002,0,"Yes",100,0,0,4,2,2,2,2,3,3,3,1,3,1,3,25
"8482","Hindi",1,1995,1,"Yes",100,0,0,2,2,3,3,2,2,4,4,2,4,1,3,35
"8483","Hindi",1,2004,0,"Yes",100,0,0,2,2,2,2,2,2,3,3,2,3,2,3,35
"8484","Gujarati",1,1996,0,"No",100,0,0,4,1,4,3,3,1,4,4,3,3,3,3,25
"8485","Gujarati",1,2005,0,"No",100,0,0,4,2,3,3,3,3,3,4,4,3,3,3,37
"8486","Hindi",1,1998,0,"Yes",100,0,0,2,1,4,3,2,2,3,3,1,3,1,3,40
"8487","Hindi",1,2007,0,"Yes",100,0,0,4,2,3,2,3,3,2,3,1,1,3,3,74
"8488","Hindi",1,1989,0,"No",100,0,0,3,2,4,2,3,3,2,3,4,4,2,3,42
"8489","Gujarati",1,2001,0,"No",100,0,0,2,1,4,4,2,1,3,4,3,4,2,4,11
"8490","Hindi",1,1959,0,"Yes",100,0,0,2,1,2,1,3,3,2,4,1,1,3,4,175
"8491","Hindi",1,1985,1,"Yes",100,0,0,4,3,2,2,3,3,3,4,1,1,3,3,200
"8492","Hindi",1,2000,0,"Yes",100,0,0,1,1,2,1,3,2,3,2,1,2,1,1,50
"8493","Hindi",4,1997,0,"No",100,0,0,4,2,1,1,1,1,1,1,1,1,2,1,11
"8494","Hindi",1,1979,0,"Yes",70,0,30,4,2,2,2,3,2,4,3,2,3,1,2,120
"8495","Hindi",1,1991,0,"Yes",0,0,100,4,2,2,2,3,2,3,4,1,3,1,2,117
"8496","Hindi",1,1991,0,"No",100,0,0,4,2,3,2,3,3,3,3,4,1,2,3,25
"8497","Hindi",1,1991,0,"No",50,0,50,4,1,1,NA,3,2,1,1,1,3,1,1,100
"8498","Gujarati",1,1995,1,"No",100,0,0,4,2,3,3,2,3,3,3,3,4,3,3,20
"8499","Hindi",1,NA,0,"Yes",100,0,0,3,1,2,2,2,2,3,1,1,4,1,2,45
"8500","Hindi",1,1987,0,"No",100,0,0,2,1,1,NA,3,2,1,2,1,1,1,1,12
"8501","Gujarati",1,2007,0,"Yes",100,0,0,3,1,4,4,4,1,3,4,1,1,2,3,5
"8502","Hindi",1,1997,0,"Yes",100,0,0,2,2,3,2,3,2,2,4,1,2,1,2,62
"8503","Gujarati",2,2002,0,"Yes",70,0,30,4,2,3,2,2,3,2,4,3,2,2,4,125
"8504","Gujarati",1,1985,0,"DON'T KNOW (SPONTANEOUS)",100,0,0,4,1,3,3,4,1,3,3,1,1,1,3,12
"8505","Hindi",1,2008,0,"No",100,0,0,4,2,3,2,3,2,4,3,1,1,3,3,12
"8506","Hindi",1,1997,0,"No",100,0,0,3,2,3,2,3,3,3,3,1,1,3,3,40
"8507","Gujarati",1,2006,0,"No",100,0,0,4,1,4,4,3,1,3,4,1,1,2,3,50
"8508","Hindi",2,1996,1,"Yes",60,0,40,2,2,4,3,2,2,2,1,3,1,3,NA,11
"8509","Hindi",2,1998,0,"Yes",100,0,0,4,2,3,3,3,3,3,4,4,3,3,3,15
"8510","Hindi",3,2001,0,"No",90,0,10,3,2,3,2,3,3,3,4,3,4,3,4,55
"8511","Hindi",1,1996,0,"No",100,0,0,3,2,3,2,3,2,2,3,4,1,2,4,30
"8512","Hindi",1,1985,0,"No",100,0,0,1,2,3,2,3,3,4,4,4,1,3,3,75
"8513","Hindi",1,2010,0,"Yes",100,0,0,1,1,3,2,1,1,1,2,1,1,1,1,20
"8514","Hindi",1,2011,0,"No",100,0,0,3,2,3,2,2,2,2,4,3,4,2,3,8
"8515","Hindi",1,1996,0,"No",100,0,0,2,1,1,2,1,2,1,2,1,1,1,1,118
"8516","Gujarati",2,1993,0,"Yes",60,40,0,1,1,2,2,1,1,3,2,NA,4,NA,1,35
"8517","Hindi",2,1979,1,"Yes",10,0,90,3,2,2,2,3,3,2,3,2,3,3,2,3000
"8518","Hindi",2,1991,1,"Yes",90,0,10,2,1,1,1,1,1,1,4,4,1,3,2,200
"8519","Hindi",2,1930,0,"Yes",40,30,30,2,1,2,4,3,3,2,4,4,1,3,3,2500
"8520","Hindi",1,2000,0,"Yes",100,0,0,2,1,3,1,2,2,2,3,3,4,3,2,100
"8521","Hindi",2,1962,0,"Yes",95,0,5,3,1,1,1,1,1,1,1,1,1,1,1,350
"8522","Hindi",1,1983,1,"Yes",40,0,60,3,1,1,1,1,1,1,1,3,4,1,1,250
"8523","Hindi",6,1945,1,"Yes",70,0,30,2,1,1,2,1,1,1,3,1,3,1,1,80
"8524","Hindi",1,1973,0,"Yes",90,0,10,2,1,2,1,1,1,1,2,3,3,1,1,650
"8525","Hindi",1,1985,1,"No",100,0,0,3,2,1,1,4,4,4,1,1,4,2,4,39
"8526","Hindi",1,1990,1,"No",100,0,0,4,3,4,3,4,4,4,4,1,4,2,4,41
"8527","Hindi",3,1980,1,"Yes",20,0,80,1,1,1,4,2,2,1,1,1,1,1,3,179
"8528","Hindi",1,1986,0,"Yes",50,0,50,4,3,1,1,3,3,4,4,1,4,1,4,38
"8529","Hindi",2,1984,0,"Yes",100,0,0,4,3,1,4,4,4,1,4,3,4,3,4,249
"8530","Hindi",2,1999,1,"Yes",70,0,30,2,1,4,1,2,3,3,4,2,3,2,3,270
"8531","Hindi",2,1993,0,"Yes",40,0,60,4,2,1,3,1,1,1,4,1,1,2,4,69
"8532","Hindi",1,1985,0,"Yes",75,0,25,1,2,4,3,4,4,4,1,4,1,2,4,46
"8533","Hindi",4,1998,1,"Yes",50,0,50,2,1,4,1,2,1,2,3,3,4,3,3,43
"8534","Hindi",3,1993,1,"Yes",98,0,2,3,1,1,1,1,1,1,3,1,1,1,1,300
"8535","Hindi",1,1962,1,"Yes",100,0,0,3,1,1,1,1,1,1,1,3,4,1,1,450
"8536","Hindi",3,1993,0,"Yes",100,0,0,3,1,3,1,1,1,1,1,3,3,1,1,120
"8537","Hindi",2,2003,0,"Yes",50,40,10,2,3,3,3,3,3,3,3,2,3,2,3,22
"8538","Hindi",1,2000,0,"No",100,0,0,4,3,1,4,1,1,4,4,4,4,2,1,17
"8539","Hindi",3,1974,0,"Yes",47,0,53,2,1,1,1,1,1,1,4,3,3,1,1,599
"8540","Hindi",1,2006,0,"Yes",100,0,0,1,1,3,4,2,1,1,2,3,1,1,1,200
"8541","Hindi",1,2005,1,"Yes",5,0,95,1,1,1,2,3,1,1,1,4,4,1,1,383
"8542","Hindi",2,1974,0,"Yes",60,20,20,2,2,2,4,2,2,2,2,2,2,2,1,400
"8543","Hindi",3,2000,1,"Yes",40,0,60,3,1,3,1,1,1,1,2,1,1,1,1,300
"8544","Hindi",1,1984,0,"Yes",100,0,0,4,2,3,1,2,1,2,3,1,3,2,2,45
"8545","Hindi",1,1976,0,"Yes",100,0,0,2,1,2,1,1,1,1,1,2,2,1,1,80
"8546","Hindi",4,1943,1,"Yes",95,0,5,2,1,3,1,1,1,2,1,2,1,1,1,3156
"8547","Hindi",1,1956,0,"Yes",100,0,0,3,1,1,1,1,1,3,1,1,1,1,1,620
"8548","Hindi",1,1960,0,"Yes",90,0,10,2,1,1,1,1,1,1,1,3,3,1,1,750
"8549","Hindi",2,1978,0,"Yes",10,0,90,2,1,1,1,1,1,2,3,2,3,2,4,650
"8550","Hindi",6,1954,0,"Yes",90,0,10,2,1,1,1,1,1,1,1,2,2,1,1,300
"8551","Hindi",6,2003,0,"Yes",100,0,0,2,1,4,2,3,3,3,3,1,3,1,3,431
"8552","Hindi",40,2006,1,"Yes",100,0,0,2,1,2,1,1,1,2,2,1,1,1,1,135
"8553","Hindi",1,1975,0,"Yes",5,0,95,2,1,1,1,3,1,1,4,1,3,1,1,1000
"8554","Hindi",2,1979,0,"Yes",4,0,96,4,1,1,1,1,1,1,2,2,3,1,1,450
"8555","Hindi",7,1986,0,"Yes",30,0,70,2,1,1,1,1,1,1,1,3,4,1,1,400
"8556","Hindi",5,1962,0,"Yes",75,0,25,2,1,3,1,1,1,1,1,3,3,1,1,1050
"8557","Hindi",1,1990,0,"Yes",15,0,85,1,1,1,1,1,1,1,3,1,1,1,1,200
"8558","Hindi",4,1985,1,"Yes",100,0,0,1,1,3,3,2,2,2,1,1,1,1,4,1500
"8559","Hindi",1,1995,1,"Yes",20,0,80,1,1,2,2,3,1,3,3,1,4,3,1,600
"8560","Hindi",2,1987,0,"Yes",100,0,0,3,2,3,3,2,2,2,2,4,4,2,2,116
"8561","Hindi",6,1967,0,"Yes",100,0,0,1,1,1,1,1,1,1,1,2,2,1,1,400
"8562","Hindi",15,1943,0,"Yes",80,0,20,1,1,3,1,1,1,1,1,2,1,1,1,360
"8563","Hindi",2,1990,0,"Yes",10,0,90,2,1,1,1,1,1,1,2,1,1,1,1,234
"8564","Hindi",1,2000,0,"Yes",100,0,0,1,1,1,1,2,1,1,2,3,3,2,1,48
"8565","Hindi",7,1995,1,"Yes",40,0,60,3,1,1,1,1,1,1,2,1,2,1,1,700
"8566","Hindi",6,1966,0,"Yes",80,0,20,1,1,1,1,1,1,1,1,1,1,1,1,353
"8567","Hindi",1,1980,0,"Yes",50,40,10,4,2,4,4,1,3,4,4,1,4,4,1,216
"8568","Hindi",2,1963,0,"Yes",100,0,0,2,1,1,1,1,1,1,3,3,3,1,1,620
"8569","Hindi",1,1969,1,"Yes",90,0,10,3,2,3,2,3,3,4,4,1,1,2,3,257
"8570","Hindi",5,1968,1,"Yes",100,0,0,1,1,1,1,1,1,1,1,1,1,1,1,500
"8571","Hindi",6,1981,0,"Yes",44,5,51,3,1,1,1,1,1,1,2,1,2,1,1,500
"8572","Hindi",1,1995,0,"Yes",4,0,96,2,1,3,1,1,1,1,1,2,3,1,1,400
"8573","Hindi",30,2000,1,"Yes",0,0,100,1,1,1,1,1,1,1,1,1,1,1,1,40
"8574","Hindi",29,1991,1,"Yes",0,0,100,1,1,1,1,1,1,1,1,1,1,1,1,866
"8575","Hindi",3,1991,1,"Yes",60,40,0,3,4,4,3,1,4,1,4,1,1,2,4,661
"8576","Hindi",1,1988,0,"Yes",100,0,0,1,1,1,1,1,2,1,1,2,2,3,1,250
"8577","Hindi",2,1950,0,"Yes",100,0,0,4,4,4,1,4,3,4,4,1,4,1,1,325
"8578","Hindi",4,1970,0,"Yes",30,0,70,1,1,4,3,2,1,1,1,2,1,2,1,112
"8579","Hindi",2,1985,0,"Yes",10,0,90,1,1,1,1,1,1,1,1,1,1,1,1,150
"8580","Hindi",2,1944,0,"No",100,0,0,4,1,3,1,3,2,1,3,2,3,2,3,376
"8581","Hindi",1,1931,0,"Yes",100,0,0,2,1,2,1,3,3,2,3,1,3,4,4,153
"8582","Hindi",1,1938,0,"No",100,0,0,3,2,4,1,3,3,2,2,1,2,2,2,255
"8583","Hindi",1,1969,0,"Yes",100,0,0,2,1,3,1,3,3,2,4,4,1,1,3,225
"8584","Hindi",2,1999,0,"Yes",100,0,0,2,1,3,1,2,3,2,3,3,1,4,2,314
"8585","Hindi",2,1981,0,"Yes",100,0,0,4,1,3,1,2,2,1,3,1,2,1,2,415
"8586","Hindi",2,1969,0,"Yes",70,0,30,3,1,3,1,3,3,2,4,4,1,4,2,650
"8587","Hindi",1,1980,0,"No",100,0,0,2,1,3,1,4,4,2,4,4,3,1,4,700
"8588","Hindi",1,1981,0,"No",100,0,0,2,1,3,1,4,3,3,4,4,3,1,3,150
"8589","Hindi",1,1964,0,"No",100,0,0,2,1,4,1,3,3,3,4,4,4,2,3,180
"8590","Hindi",1,1969,0,"No",100,0,0,4,1,3,1,3,4,3,4,1,4,2,3,400
"8591","Hindi",1,2010,0,"Yes",100,0,0,3,1,2,4,2,3,2,4,1,4,3,3,10
"8592","Hindi",1,1947,0,"No",70,0,30,3,1,3,1,3,3,2,4,4,1,1,3,200
"8593","Hindi",1,1964,0,"Yes",100,0,0,2,1,4,1,3,2,2,4,3,4,1,3,260
"8594","Hindi",1,1986,0,"Yes",60,0,40,3,1,4,3,3,3,3,4,4,4,3,3,80
"8595","Hindi",1,2004,0,"No",100,0,0,3,1,4,1,2,2,2,4,4,4,1,3,30
"8596","Hindi",1,1983,0,"Yes",90,0,10,2,1,3,1,3,3,2,4,3,4,1,3,15
"8597","Hindi",1,1991,0,"No",100,0,0,2,1,4,3,3,3,3,4,3,4,1,3,80
"8598","Hindi",1,2000,0,"Yes",70,0,30,2,1,3,4,3,3,2,4,4,1,4,3,600
"8599","Hindi",1,1947,0,"Yes",100,0,0,1,1,3,1,3,3,2,4,4,3,3,3,150
"8600","Hindi",1,1999,0,"Yes",100,0,0,3,1,3,1,3,3,3,4,4,3,4,3,625
"8601","Hindi",2,1964,0,"Yes",100,0,0,4,1,2,4,2,3,1,2,1,2,1,2,360
"8602","Hindi",4,2003,0,"Yes",100,0,0,2,1,2,1,1,1,3,2,2,1,1,3,150
"8603","Hindi",1,1975,0,"Yes",100,0,0,3,1,4,1,3,2,2,2,1,2,1,3,250
"8604","Hindi",1,1974,0,"Yes",100,0,0,2,1,2,4,2,1,1,2,2,1,1,2,300
"8605","Hindi",1,1963,0,"Yes",100,0,0,4,1,4,1,4,4,4,1,1,3,2,4,550
"8606","Hindi",1,1964,0,"Yes",100,0,0,2,1,4,1,4,4,3,1,1,4,2,4,700
"8607","Hindi",1,1983,1,"Yes",80,0,20,3,1,4,1,4,3,3,1,1,1,2,1,300
"8608","Hindi",2,1946,0,"Yes",100,0,0,1,1,3,1,1,1,2,2,1,1,1,1,450
"8609","Hindi",1,1984,0,"Yes",100,0,0,2,1,3,1,3,3,3,4,4,4,1,4,10
"8610","Hindi",1,1980,0,"Yes",100,0,0,4,1,2,1,1,3,3,2,4,1,1,2,30
"8611","Hindi",1,1994,0,"Yes",100,0,0,3,1,3,1,3,3,2,2,1,4,1,2,45
"8612","Hindi",1,1998,0,"No",100,0,0,3,1,2,1,3,3,1,2,4,1,1,3,9
"8613","Hindi",1,1974,0,"No",100,0,0,2,1,4,1,4,1,4,1,1,4,2,4,20
"8614","Hindi",1,1958,0,"Yes",100,0,0,2,1,4,1,4,4,4,4,4,1,2,4,25
"8615","Hindi",1,1995,1,"Yes",100,0,0,1,1,1,1,2,1,1,1,4,2,1,1,80
"8616","Hindi",1,2008,0,"No",100,0,0,3,1,1,1,1,1,1,3,2,2,2,4,15
"8617","Hindi",1,2001,0,"No",100,0,0,3,1,1,1,1,1,1,1,3,2,1,1,15
"8618","Hindi",3,1960,0,"Yes",30,30,40,2,1,4,2,3,3,3,3,3,1,2,3,187
"8619","Hindi",1,1969,0,"Yes",0,0,100,3,1,1,1,1,1,1,1,2,1,1,1,25
"8620","Hindi",1,1986,0,"Yes",100,0,0,2,1,1,1,1,1,1,3,3,2,1,1,100
"8621","Hindi",5,1991,1,"Yes",0,0,100,3,1,1,1,1,1,1,1,1,1,1,1,102
"8622","Hindi",2,1978,1,"No",100,0,0,2,1,1,1,1,1,1,2,1,1,1,1,30
"8623","Hindi",4,2003,0,"Yes",100,0,0,1,1,2,2,1,1,1,4,3,4,2,2,49
"8624","Hindi",1,1970,0,"Yes",20,0,80,1,1,3,3,1,1,3,1,1,1,1,3,90
"8625","Hindi",1,1980,0,"Yes",50,0,50,4,3,4,3,1,4,4,4,4,1,2,3,33
"8626","Hindi",1,1967,0,"No",100,0,0,1,2,3,3,2,1,1,1,3,3,2,2,46
"8627","Hindi",1,1965,1,"No",100,0,0,1,1,2,1,3,2,2,3,1,3,1,3,42
"8628","Hindi",1,2008,0,"Yes",10,0,90,2,2,4,4,1,1,2,3,2,3,3,1,50
"8629","Hindi",1,1965,0,"Yes",50,0,50,2,3,1,4,4,4,4,1,4,4,2,4,46
"8630","Hindi",1,1991,0,"Yes",20,0,80,1,1,3,3,2,1,2,2,2,1,1,2,140
"8631","Hindi",1,2002,1,"No",100,0,0,1,1,3,1,1,1,2,1,1,1,1,2,70
"8632","Hindi",1,1983,0,"Yes",20,0,80,3,2,1,1,1,4,1,4,1,4,2,4,85
"8633","Hindi",1,2008,0,"Yes",50,0,50,1,1,3,3,3,2,3,1,1,1,2,3,67
"8634","Hindi",1,1994,0,"No",100,0,0,1,1,2,1,1,1,2,1,1,1,1,2,10
"8635","Hindi",1,1991,0,"No",100,0,0,4,1,4,4,4,1,1,1,4,1,1,4,45
"8636","Hindi",1,1988,0,"Yes",0,0,100,1,1,1,1,3,1,1,1,1,1,1,1,22
"8637","Hindi",1,1985,0,"No",100,0,0,3,2,4,3,3,3,3,3,1,1,3,3,25
"8638","Hindi",1,1988,1,"Yes",100,0,0,4,3,4,1,4,4,1,1,1,4,1,4,15
"8639","Hindi",1,2002,0,"No",100,0,0,3,1,1,1,1,1,1,3,1,1,1,1,22
"8640","Hindi",1,1960,0,"Yes",97,0,3,2,1,1,1,1,1,1,3,3,3,1,1,65
"8641","Hindi",1,2003,1,"No",100,0,0,1,1,1,1,1,1,2,1,1,1,1,2,20
"8642","Hindi",1,1998,1,"No",80,20,0,1,1,2,2,1,1,1,1,1,1,1,2,34
"8643","Hindi",4,1999,0,"Yes",100,0,0,1,1,1,1,4,1,1,2,1,1,1,1,145
"8644","Hindi",1,2003,0,"No",100,0,0,1,1,1,1,1,1,1,1,1,1,1,1,20
"8645","Hindi",1,1999,1,"Yes",100,0,0,2,3,3,2,1,1,2,2,1,2,1,1,31
"8646","Hindi",1,1991,1,"Yes",99,1,0,1,1,1,1,4,1,1,4,1,1,1,1,16
"8647","Hindi",1,1997,0,"Yes",100,0,0,4,3,3,4,4,4,1,4,1,4,2,4,118
"8648","Hindi",1,1965,1,"Yes",100,0,0,2,1,1,1,1,1,1,2,3,4,1,1,30
"8649","Hindi",1,1958,0,"Yes",0,0,100,3,1,1,1,1,1,1,1,4,1,1,3,40
"8650","Hindi",1,1999,0,"No",100,0,0,1,2,3,2,2,2,2,2,4,4,2,1,6
"8651","Hindi",1,1989,1,"No",100,0,0,3,1,1,1,1,1,1,2,1,1,1,1,9
"8652","Hindi",1,1980,0,"Yes",100,0,0,2,1,4,2,1,1,3,2,1,2,1,1,36
"8653","Hindi",2,1974,0,"Yes",100,0,0,3,2,3,2,3,3,3,3,3,3,3,3,90
"8654","Hindi",1,1972,0,"Yes",95,0,5,3,1,1,1,1,1,1,1,1,1,1,1,75
"8655","Hindi",1,1995,0,"Yes",90,0,10,3,1,1,1,1,1,1,3,1,1,1,1,35
"8656","Hindi",1,2003,1,"No",100,0,0,4,2,3,3,4,2,3,4,1,1,2,3,25
"8657","Hindi",1,2003,0,"Yes",100,0,0,4,2,3,2,3,3,3,4,4,1,2,3,56
"8658","Hindi",1,1994,0,"Yes",100,0,0,4,1,1,1,1,1,1,2,1,1,1,1,19
"8659","Hindi",1,1995,0,"Yes",100,0,0,3,1,1,1,1,1,1,2,1,1,1,1,50
"8660","Hindi",1,1987,0,"Yes",70,0,30,2,1,1,1,1,1,1,1,3,3,2,1,30
"8661","Hindi",1,1983,0,"Yes",100,0,0,4,1,4,4,1,4,4,4,4,4,1,4,63
"8662","Hindi",1,1980,0,"Yes",100,0,0,4,3,1,4,4,2,4,4,3,1,3,1,49
"8663","Hindi",1,1990,0,"No",100,0,0,2,1,2,1,1,1,2,4,3,3,1,3,93
"8664","Hindi",1,1997,0,"Yes",100,0,0,1,2,4,1,1,1,1,4,1,1,4,4,75
"8665","Hindi",1,2006,0,"No",100,0,0,1,1,2,1,1,1,1,1,1,1,1,2,27
"8666","Hindi",1,2009,0,"No",100,0,0,3,1,1,1,1,1,1,2,3,3,3,1,30
"8667","Hindi",1,1965,0,"Yes",100,0,0,4,1,1,1,2,1,1,3,1,3,1,1,48
"8668","Hindi",1,1993,0,"Yes",100,0,0,3,1,2,1,1,1,1,2,3,4,1,1,42
"8669","Hindi",1,1981,0,"Yes",100,0,0,4,2,3,2,3,1,3,3,2,3,2,3,195
"8670","Hindi",1,1998,0,"No",100,0,0,3,2,3,2,3,3,3,3,1,1,2,3,10
"8671","Hindi",1,1997,0,"Yes",100,0,0,2,2,2,1,1,2,3,2,1,2,2,2,46
"8672","Hindi",1,2004,0,"Yes",100,0,0,3,1,1,1,1,1,1,2,1,1,1,1,25
"8673","Hindi",1,1985,0,"Yes",80,0,20,3,1,1,1,1,1,1,1,4,1,1,1,40
"8674","Hindi",3,2001,1,"Yes",1,0,99,1,1,2,1,1,1,1,1,2,2,1,1,300
"8675","Hindi",1,1988,0,"No",100,0,0,2,2,2,1,1,1,1,1,1,1,1,2,12
"8676","Hindi",1,1951,0,"Yes",100,0,0,3,1,2,1,1,1,1,1,1,1,1,1,11
"8677","Hindi",3,1979,0,"Yes",60,0,40,3,1,1,1,1,1,1,1,3,2,3,1,135
"8678","Hindi",1,1959,0,"No",100,0,0,2,1,3,1,3,3,3,4,4,1,3,3,45
"8679","Hindi",1,1940,0,"No",100,0,0,2,1,2,1,3,2,2,1,3,4,2,3,26
"8680","Hindi",1,1958,0,"No",100,0,0,4,1,3,1,3,2,2,4,4,1,3,4,35
"8681","Hindi",5,1991,0,"Yes",70,0,30,2,1,3,1,2,3,3,4,4,1,2,2,300
"8682","Hindi",1,1959,0,"No",100,0,0,2,1,3,1,3,2,1,3,4,1,3,4,5
"8683","Hindi",1,1970,0,"No",100,0,0,3,1,3,2,2,3,1,3,3,3,1,3,15
"8684","Hindi",1,2000,0,"No",100,0,0,2,1,3,1,3,3,1,4,4,1,1,4,20
"8685","Hindi",1,1999,0,"No",100,0,0,3,1,3,1,3,2,2,3,3,3,1,4,40
"8686","Hindi",1,1996,0,"Yes",100,0,0,3,1,3,1,3,3,1,3,3,1,4,3,14
"8687","Hindi",1,1972,0,"Yes",80,0,20,2,1,3,1,3,3,3,3,1,4,2,3,50
"8688","Hindi",1,1976,0,"No",100,0,0,2,1,2,1,2,2,2,4,4,1,2,2,7
"8689","Hindi",1,1993,0,"No",100,0,0,2,1,3,1,3,3,1,4,1,1,3,4,11
"8690","Hindi",1,1940,0,"Yes",100,0,0,4,2,3,2,3,2,3,3,3,3,1,3,175
"8691","Hindi",2,1994,0,"No",100,0,0,3,1,2,4,4,3,2,4,4,1,4,2,30
"8692","Hindi",2,1997,0,"No",100,0,0,2,1,3,2,3,3,2,3,1,3,1,3,18
"8693","Hindi",1,1988,0,"Yes",100,0,0,2,1,2,4,2,3,2,4,1,4,3,3,35
"8694","Hindi",1,1973,0,"Yes",50,20,30,3,1,3,1,3,2,3,4,4,1,4,3,45
"8695","Hindi",1,2002,0,"Yes",100,0,0,2,1,3,1,3,3,2,4,4,1,2,2,44
"8696","Hindi",1,2003,1,"No",100,0,0,3,1,2,1,3,3,3,3,2,3,2,3,10
"8697","Hindi",1,1992,0,"No",100,0,0,3,1,4,1,4,4,4,1,1,3,2,4,35
"8698","Hindi",1,2002,0,"No",100,0,0,2,1,3,4,2,2,2,4,4,1,2,3,7
"8699","Hindi",1,2008,0,"Yes",100,0,0,2,1,2,1,3,2,3,4,4,1,4,2,8
"8700","Hindi",10,2000,0,"Yes",100,0,0,2,1,2,4,2,2,2,3,3,1,4,2,28
"8701","Hindi",1,2002,0,"Yes",100,0,0,4,1,2,1,3,2,1,3,3,3,2,3,10
"8702","Hindi",1,1990,0,"No",100,0,0,4,1,2,1,3,3,1,2,1,2,1,2,22
"8703","Hindi",1,1991,0,"No",100,0,0,4,1,2,1,2,3,2,2,3,3,2,2,22
"8704","Hindi",1,1964,0,"No",100,0,0,3,1,3,1,4,4,3,4,1,3,1,3,10
"8705","Hindi",1,1961,0,"No",100,0,0,4,1,4,1,4,4,3,4,1,4,2,3,75
"8706","Hindi",1,1975,0,"No",100,0,0,2,1,3,1,4,3,3,4,4,3,4,3,45
"8707","Hindi",1,1976,0,"No",100,0,0,4,1,4,1,3,3,3,4,1,4,2,4,40
"8708","Hindi",1,1978,0,"No",100,0,0,2,1,3,1,3,4,2,4,1,4,1,4,60
"8709","Hindi",1,1994,0,"No",100,0,0,4,1,4,1,3,3,3,4,4,1,2,3,70
"8710","Hindi",1,1991,0,"No",100,0,0,1,1,4,1,3,4,4,4,1,3,1,4,300
"8711","Hindi",1,1989,0,"No",100,0,0,1,1,4,1,3,4,3,4,4,4,1,3,32
"8712","Hindi",1,1986,0,"No",100,0,0,2,1,3,1,3,4,3,4,4,3,1,3,45
"8713","Hindi",1,1995,0,"No",100,0,0,1,1,3,1,3,4,3,4,4,4,1,3,300
"8714","Tamil",1,1964,1,"No",100,0,0,4,1,4,1,4,4,3,1,4,3,1,4,8
"8715","Hindi",1,1964,0,"No",100,0,0,1,1,3,1,3,4,3,4,4,3,4,3,60
"8716","Hindi",1,1967,0,"No",100,0,0,2,1,4,3,3,3,3,4,3,4,2,3,40
"8717","Hindi",1,1972,0,"No",100,0,0,1,1,4,1,3,3,3,4,4,4,1,3,40
"8718","Hindi",1,2006,0,"No",100,0,0,1,1,3,1,3,3,3,3,3,4,1,4,125
"8719","Hindi",1,2009,0,"No",100,0,0,2,1,4,3,3,3,4,4,4,3,4,3,170
"8720","Hindi",1,1993,0,"No",100,0,0,3,1,4,1,4,4,3,4,4,1,1,3,8
"8721","Hindi",1,1979,0,"Yes",100,0,0,3,1,4,3,3,3,2,4,4,4,1,3,375
"8722","Hindi",1,2010,0,"No",100,0,0,3,1,3,1,4,3,3,4,3,4,1,4,6
"8723","Hindi",1,1972,0,"No",100,0,0,4,1,4,3,2,3,2,4,4,3,4,3,24
"8724","Hindi",1,1972,0,"No",100,0,0,3,1,3,1,3,3,2,4,4,1,4,4,9
"8725","Hindi",1,1978,0,"No",100,0,0,3,1,3,1,3,3,2,4,4,4,1,3,7
"8726","Hindi",1,1931,0,"No",100,0,0,2,1,4,3,3,3,2,4,4,1,4,2,15
"8727","Hindi",1,1988,0,"No",100,0,0,2,1,3,1,3,3,3,4,4,1,3,4,6
"8728","Hindi",1,1952,0,"Yes",100,0,0,3,1,3,1,3,3,3,4,4,4,3,3,3000
"8729","Hindi",1,1965,0,"Yes",60,0,40,2,1,3,1,3,3,2,4,4,1,3,3,120
"8730","Hindi",1,1964,0,"No",100,0,0,3,1,3,1,3,3,2,4,4,1,1,3,40
"8731","Hindi",1,1931,0,"Yes",70,0,30,3,1,3,4,3,3,2,4,4,3,1,3,180
"8732","Hindi",1,1972,0,"No",70,0,30,2,1,3,1,3,3,2,3,1,3,4,3,104
"8733","Hindi",1,1989,0,"No",80,0,20,2,1,3,1,2,2,2,4,3,4,4,3,12
"8734","Hindi",1,1999,0,"No",100,0,0,2,1,4,3,3,3,2,3,4,3,1,3,20
"8735","Hindi",1,1999,0,"Yes",100,0,0,3,1,3,4,4,3,2,4,4,1,1,3,20
"8736","Hindi",1,2008,0,"Yes",70,0,30,3,1,4,1,3,3,2,4,4,4,1,3,50
"8737","Hindi",1,1973,0,"Yes",100,0,0,3,1,4,3,3,3,2,4,1,3,4,3,150
"8738","Hindi",1,1993,0,"No",100,0,0,3,1,3,1,3,4,3,1,4,3,4,3,12
"8739","Hindi",1,1992,0,"Yes",100,0,0,3,1,3,1,3,3,2,4,4,4,3,3,175
"8740","Hindi",1,1985,0,"No",100,0,0,1,1,4,3,3,3,2,4,4,4,3,4,6
"8741","Hindi",1,1978,0,"No",100,0,0,3,1,3,1,3,3,3,4,1,3,2,4,7
"8742","Hindi",1,2004,0,"No",100,0,0,2,1,3,1,3,3,2,4,1,4,3,3,8
"8743","Hindi",1,2008,0,"No",100,0,0,3,1,4,1,3,3,3,4,4,3,4,4,10
"8744","Hindi",1,1971,0,"No",100,0,0,3,1,4,3,3,3,2,3,3,1,2,4,15
"8745","Hindi",1,1994,0,"No",100,0,0,2,1,3,1,3,2,2,4,4,1,4,3,10
"8746","Hindi",2,1995,0,"Yes",100,0,0,2,1,3,1,3,3,2,4,3,4,3,3,18
"8747","Hindi",1,1997,0,"No",100,0,0,3,1,4,1,3,3,3,4,4,1,4,3,25
"8748","Hindi",1,1984,0,"No",100,0,0,3,1,3,1,3,3,2,4,4,1,4,3,22
"8749","Hindi",1,1998,0,"No",100,0,0,3,1,4,1,3,3,3,4,4,1,4,3,6
"8750","Hindi",1,1994,0,"No",100,0,0,3,1,3,1,3,3,3,4,4,1,4,3,6
"8751","Hindi",1,1998,0,"Yes",100,0,0,3,1,3,4,3,3,2,3,4,1,2,3,12
"8752","Hindi",1,1975,0,"No",100,0,0,3,1,3,1,3,3,3,4,4,4,1,4,8
"8753","Hindi",1,1988,0,"No",100,0,0,3,1,4,1,3,3,2,4,3,4,4,3,45
"8754","Hindi",1,1992,0,"No",100,0,0,4,1,3,1,2,2,3,3,1,2,1,3,10
"8755","Hindi",1,1997,0,"No",100,0,0,3,1,1,3,1,2,2,3,3,1,1,2,15
"8756","Hindi",1,1996,0,"No",100,0,0,4,1,2,4,1,2,2,2,2,1,1,2,36
"8757","Hindi",1,1974,0,"Yes",100,0,0,3,1,4,1,3,2,1,3,1,3,1,3,20
"8758","Hindi",1,1987,0,"No",100,0,0,3,1,4,1,3,3,1,3,2,3,2,3,14
"8759","Hindi",2,2007,0,"No",100,0,0,4,1,3,2,3,2,3,2,1,2,1,4,70
"8760","Hindi",1,1992,0,"No",100,0,0,2,1,4,3,2,3,1,3,3,3,1,2,40
"8761","Hindi",1,1996,0,"No",100,0,0,4,1,3,1,2,3,2,3,1,3,1,2,30
"8762","Hindi",1,1996,0,"No",100,0,0,2,1,3,1,1,1,1,3,1,1,1,3,50
"8763","Hindi",1,2006,1,"Yes",100,0,0,3,1,4,3,3,3,1,3,1,2,2,4,70
"8764","Hindi",1,2001,0,"Yes",100,0,0,4,1,4,1,4,4,4,4,4,1,3,4,150
"8765","Hindi",1,2003,0,"No",100,0,0,2,1,2,1,1,1,2,2,4,1,1,2,9
"8766","Hindi",1,1991,0,"No",100,0,0,3,1,4,2,3,1,3,2,1,2,1,3,12
"8767","Hindi",2,1996,0,"No",100,0,0,3,1,4,1,2,2,3,2,1,2,1,2,100
"8768","Hindi",1,1947,0,"Yes",100,0,0,2,1,1,1,2,2,1,3,1,3,1,4,72
"8769","Hindi",1,2010,0,"No",100,0,0,4,1,3,4,3,1,2,2,1,1,1,2,7
"8770","Hindi",1,1977,0,"No",100,0,0,4,1,3,1,3,2,1,2,1,2,1,3,8
"8771","Hindi",1,1992,0,"No",100,0,0,3,1,3,1,2,2,1,4,3,3,1,3,9
"8772","Hindi",1,1972,1,"No",100,0,0,3,1,2,1,3,2,1,3,2,3,1,4,10
"8773","Hindi",1,1995,0,"No",100,0,0,2,1,3,1,3,3,3,4,4,1,2,3,13
"8774","Hindi",1,1992,0,"No",100,0,0,3,1,3,2,3,2,1,3,2,3,2,4,15
"8775","Hindi",1,1982,0,"Yes",100,0,0,2,1,3,1,2,2,2,4,2,3,1,2,45
"8776","Hindi",1,1991,1,"Yes",100,0,0,2,1,4,1,4,3,3,4,4,3,1,3,110
"8777","Hindi",1,1991,0,"No",100,0,0,3,1,3,1,3,3,2,4,4,4,1,4,80
"8778","Hindi",1,2002,0,"Yes",100,0,0,1,1,3,1,3,3,3,1,4,1,2,4,12
"8779","Hindi",1,2002,0,"No",100,0,0,2,1,3,1,2,3,2,4,4,1,3,3,25
"8780","Hindi",1,1958,0,"Yes",100,0,0,2,1,3,1,3,3,2,4,4,1,2,4,250
"8781","Hindi",1,1987,0,"No",100,0,0,2,1,3,1,3,3,3,1,1,4,2,3,10
"8782","Hindi",1,1981,0,"Yes",90,0,10,2,1,4,1,3,3,4,4,4,1,4,3,12
"8783","Hindi",1,1984,0,"No",100,0,0,2,1,3,1,4,4,3,4,4,1,2,3,7
"8784","Hindi",1,1982,0,"No",100,0,0,3,1,4,1,4,4,4,4,4,1,2,3,7
"8785","Hindi",12,2004,0,"No",100,0,0,4,1,4,1,1,4,4,4,4,1,1,4,15
"8786","Hindi",1,1994,0,"No",100,0,0,3,1,4,1,4,4,4,4,1,4,2,4,20
"8787","Hindi",1,1957,0,"No",100,0,0,2,1,3,1,4,3,2,4,1,4,2,3,20
"8788","Hindi",1,1930,0,"Yes",100,0,0,2,1,1,1,1,1,1,3,3,3,1,1,100
"8789","Hindi",1,1988,0,"No",100,0,0,3,1,4,1,4,4,3,1,1,4,2,4,20
"8790","Hindi",1,1990,0,"No",100,0,0,3,1,3,1,3,3,3,1,1,4,2,4,20
"8791","Hindi",1,1990,0,"No",100,0,0,2,1,3,1,3,3,3,4,4,1,2,4,15
"8792","Tamil",1,1989,0,"No",100,0,0,3,1,4,1,4,4,3,4,4,1,2,3,20
"8793","Hindi",1,1988,0,"No",100,0,0,2,1,3,1,3,4,3,4,4,1,1,4,20
"8794","Hindi",1,1991,0,"No",100,0,0,3,1,4,1,4,3,3,4,1,4,2,3,10
"8795","Hindi",1,1994,0,"No",100,0,0,3,1,4,1,3,4,3,4,4,1,2,4,10
"8796","Hindi",1,1995,0,"No",100,0,0,1,1,3,1,4,3,3,4,4,1,2,3,6
"8797","Hindi",1,NA,0,"No",100,0,0,1,1,1,4,4,4,4,1,1,3,2,4,10
"8798","Hindi",1,2004,0,"Yes",100,0,0,4,1,1,4,4,4,3,1,1,4,3,4,9
"8799","Hindi",1,1994,0,"No",70,0,30,2,1,3,1,3,3,2,1,1,4,2,3,17
"8800","Hindi",1,1973,0,"Yes",90,0,10,2,1,3,1,4,3,3,4,4,1,2,3,12
"8801","Hindi",1,1971,0,"No",90,0,10,4,1,1,4,4,4,4,4,4,1,2,4,40
"8802","Hindi",1,1994,0,"No",100,0,0,2,1,4,1,4,4,3,1,1,4,2,4,32
"8803","Hindi",1,1995,1,"Yes",100,0,0,2,1,3,1,3,2,1,2,1,3,1,2,13
"8804","Hindi",1,NA,0,"No",100,0,0,2,1,3,1,3,3,3,4,3,4,1,4,65
"8805","Hindi",1,1989,0,"No",100,0,0,3,1,2,1,2,2,1,2,1,3,1,3,9
"8806","Hindi",1,2000,0,"Yes",100,0,0,3,1,1,4,4,4,4,4,4,1,2,4,15
"8807","Hindi",1,2007,0,"Yes",80,0,20,3,1,4,1,4,4,3,1,1,4,2,1,40
"8808","Hindi",1,2001,0,"No",100,0,0,4,1,4,1,4,4,4,4,1,4,2,4,15
"8809","Hindi",1,2005,0,"Yes",90,0,10,2,1,3,1,3,3,3,4,4,4,3,3,130
"8810","Hindi",1,1976,0,"No",100,0,0,2,1,4,1,3,3,3,4,3,4,2,4,40
"8811","Hindi",1,1987,0,"Yes",100,0,0,1,1,3,1,3,3,2,4,4,1,4,3,16
"8812","Hindi",1,1994,0,"No",50,30,20,2,1,3,1,3,3,3,4,4,1,4,3,30
"8813","Hindi",1,1984,0,"No",100,0,0,1,1,1,1,1,1,1,2,1,1,1,1,8
"8814","Hindi",1,1995,0,"No",100,0,0,2,1,1,1,1,1,1,1,2,3,3,1,30
"8815","Hindi",1,1994,0,"No",40,0,60,3,1,1,1,1,1,2,2,1,4,1,1,8
"8816","Hindi",2,1955,0,"No",100,0,0,2,1,1,1,1,1,1,3,1,3,1,1,138
"8817","Hindi",1,2000,0,"No",60,0,40,2,1,1,1,1,1,1,1,3,3,3,1,50
"8818","Hindi",2,1952,0,"Yes",100,0,0,2,1,2,1,1,1,2,2,1,2,1,2,128
"8819","Hindi",1,2004,1,"No",100,0,0,3,1,1,1,1,1,1,1,3,3,2,1,40
"8820","Hindi",2,1979,0,"Yes",100,0,0,3,1,1,1,1,1,1,4,4,3,1,1,150
"8821","Hindi",1,1990,0,"Yes",100,0,0,1,1,1,1,1,3,1,1,3,2,1,1,15
"8822","Hindi",1,1990,1,"Yes",100,0,0,3,2,3,2,4,4,3,3,1,1,3,3,15
"8823","Hindi",1,1960,0,"No",100,0,0,2,1,1,1,1,1,1,1,2,3,3,1,23
"8824","Hindi",1,1973,0,"Yes",60,0,40,3,1,1,1,1,1,1,3,1,4,1,1,26
"8825","Hindi",1,1993,1,"Yes",75,0,25,2,1,1,1,1,1,1,1,4,3,1,1,142
"8826","Hindi",1,1999,0,"No",100,0,0,1,1,4,3,4,1,1,1,1,1,1,1,10
"8827","Hindi",1,1973,0,"Yes",70,30,0,1,1,1,4,1,1,1,1,3,1,1,1,28
"8828","Hindi",6,1998,1,"Yes",100,0,0,3,1,1,1,1,1,1,1,4,1,1,1,80
"8829","Hindi",1,2000,0,"No",100,0,0,1,1,1,1,1,1,4,2,2,2,1,1,11
"8830","Hindi",1,1963,1,"Yes",100,0,0,3,1,2,1,1,1,2,1,1,1,1,1,8
"8831","Hindi",1,1993,0,"No",100,0,0,3,1,1,1,1,1,2,1,3,4,1,1,22
"8832","Hindi",1,2003,0,"Yes",100,0,0,3,1,1,1,2,1,2,2,1,1,1,1,30
"8833","Hindi",1,1972,0,"Yes",100,0,0,1,1,1,1,3,1,1,1,2,2,1,1,11
"8834","Hindi",1,1999,0,"No",100,0,0,2,1,2,4,2,3,3,3,1,4,3,2,6
"8835","Hindi",1,1965,0,"No",100,0,0,2,1,2,4,3,2,2,4,3,4,2,4,18
"8836","Hindi",1,1981,0,"No",100,0,0,4,1,1,4,2,2,2,3,1,1,2,4,10
"8837","Hindi",2,2005,0,"No",100,0,0,2,1,3,1,3,3,3,3,3,1,4,3,52
"8838","Hindi",1,1968,0,"No",100,0,0,2,1,2,1,2,2,2,2,1,2,1,2,12
"8839","Hindi",1,2006,0,"Yes",100,0,0,2,1,2,4,3,3,2,4,4,1,1,2,300
"8840","Hindi",1,1997,0,"No",100,0,0,2,1,3,1,3,2,2,3,3,4,2,1,7
"8841","Hindi",1,1966,0,"Yes",100,0,0,2,1,3,1,3,2,2,3,3,1,4,2,30
"8842","Hindi",1,1997,0,"No",100,0,0,2,1,2,4,3,3,2,3,1,3,4,3,13
"8843","Hindi",1,2007,0,"No",100,0,0,2,1,2,1,1,1,1,2,3,1,1,2,60
"8844","Hindi",2,1990,0,"Yes",100,0,0,2,1,3,1,3,3,2,3,1,3,4,3,100
"8845","Hindi",4,1974,0,"Yes",100,0,0,3,1,3,1,4,2,2,4,4,1,4,3,110
"8846","Hindi",1,1992,0,"No",100,0,0,2,1,3,1,4,3,3,4,3,1,1,4,9
"8847","Tamil",1,2008,0,"No",100,0,0,2,1,4,3,3,3,2,4,4,4,1,3,40
"8848","Hindi",1,1985,0,"No",100,0,0,1,1,3,1,3,3,3,4,4,4,3,3,50
"8849","Hindi",1,1965,0,"No",100,0,0,3,1,3,1,4,3,3,4,4,1,4,3,100
"8850","Hindi",1,1981,0,"No",100,0,0,4,1,4,1,3,3,3,4,4,3,4,3,130
"8851","Hindi",1,1980,0,"Yes",100,0,0,3,1,3,1,4,3,3,4,4,1,2,4,17
"8852","Hindi",1,1964,0,"No",100,0,0,2,1,4,1,2,3,1,4,4,1,4,3,15
"8853","Hindi",1,NA,0,"No",70,0,30,2,1,4,1,3,3,3,4,4,1,1,3,28
"8854","Hindi",1,2002,0,"No",100,0,0,2,1,3,1,3,3,2,4,4,1,3,3,12
"8855","Hindi",1,1984,0,"No",100,0,0,3,2,3,1,3,3,2,4,4,1,3,3,65
"8856","Hindi",2,1970,0,"No",100,0,0,3,1,4,1,4,3,3,4,4,1,4,3,7
"8857","Hindi",1,1980,0,"No",100,0,0,2,1,4,1,4,4,2,4,4,4,1,4,25
"8858","Hindi",1,1974,0,"No",100,0,0,4,1,4,1,3,3,3,4,1,3,1,4,10
"8859","Hindi",1,1987,0,"No",80,0,20,2,1,3,1,3,2,2,4,4,1,4,3,12
"8860","Hindi",1,1998,0,"Yes",100,0,0,4,1,2,1,1,1,1,2,2,2,1,2,230
"8861","Hindi",1,1992,0,"Yes",100,0,0,3,1,3,1,2,2,1,2,1,2,1,4,30
"8862","Hindi",2,1995,0,"No",100,0,0,3,1,3,1,3,2,2,4,1,3,1,3,40
"8863","Hindi",1,1984,0,"No",100,0,0,4,1,3,1,2,3,1,3,3,3,2,3,14
"8864","Hindi",1,1998,0,"Yes",100,0,0,2,1,3,1,1,1,1,2,3,1,1,2,28
"8865","Hindi",1,1995,0,"No",100,0,0,4,1,4,1,4,4,3,1,1,4,2,4,15
"8866","Hindi",1,1982,0,"No",100,0,0,3,1,4,1,3,4,3,4,4,1,2,4,20
"8867","Hindi",1,1974,0,"No",100,0,0,3,1,4,1,1,1,4,4,4,1,2,4,25
"8868","Tamil",3,1983,0,"No",100,0,0,2,1,4,1,3,3,2,4,4,1,1,3,8
"8869","Hindi",1,1988,0,"Yes",20,0,80,2,1,1,1,1,1,1,3,4,3,1,1,18
"8870","Hindi",1,1991,0,"Yes",90,0,10,2,1,3,1,3,3,3,4,4,1,2,4,15
"8871","Hindi",1,1971,0,"No",100,0,0,3,1,4,1,4,4,4,4,4,1,2,4,7
"8872","Hindi",1,1992,0,"Yes",100,0,0,3,1,4,1,4,3,3,4,4,1,2,4,25
"8873","Hindi",1,1996,1,"Yes",90,0,10,4,1,4,1,4,4,4,4,1,1,2,4,18
"8874","Hindi",1,2003,0,"No",100,0,0,2,1,3,1,2,2,2,3,4,1,3,1,18
"8875","Hindi",1,1989,0,"Yes",90,0,10,4,1,4,1,4,4,4,1,1,4,3,4,75
"8876","Hindi",1,2008,0,"No",100,0,0,2,1,3,2,3,3,2,3,1,3,4,4,11
"8877","Hindi",1,2006,0,"Yes",80,0,20,2,1,3,4,3,1,3,3,1,3,1,3,25
"8878","Hindi",1,2009,0,"Yes",70,0,30,3,1,4,1,4,4,4,1,1,4,2,4,26
"8879","Hindi",1,1994,0,"No",100,0,0,2,1,3,1,3,4,3,4,1,1,2,4,10
"8880","Hindi",1,1998,0,"Yes",70,0,30,2,1,1,1,1,1,1,1,3,3,1,1,255
"8881","Hindi",1,2008,0,"Yes",100,0,0,2,1,1,1,1,1,2,3,1,4,1,1,120
"8882","Hindi",2,2003,0,"Yes",100,0,0,3,1,1,1,1,1,1,2,3,4,3,1,120
"8883","Hindi",1,2009,0,"Yes",50,0,50,3,2,3,4,4,3,3,3,1,4,2,3,30
"8884","Hindi",2,1990,0,"Yes",30,35,35,1,1,3,3,1,2,1,2,4,4,2,2,134
"8885","Hindi",2,1979,0,"Yes",100,0,0,2,1,2,1,2,1,2,2,1,2,1,2,26
"8886","Hindi",1,1963,0,"Yes",10,0,90,2,1,1,1,1,1,1,3,3,3,1,1,20
"8887","Hindi",1,1994,0,"Yes",80,0,20,3,1,3,1,3,3,3,2,1,2,1,4,100
"8888","Hindi",1,1991,0,"Yes",100,0,0,4,1,3,1,3,1,1,3,2,3,2,1,40
"8889","Hindi",1,2010,0,"No",100,0,0,2,1,3,1,3,3,3,4,4,4,1,3,75
"8890","Hindi",1,1999,0,"No",100,0,0,3,1,4,1,3,3,3,4,4,1,4,3,25
"8891","Hindi",1,1991,0,"No",100,0,0,3,1,4,1,4,4,3,4,4,1,2,4,15
"8892","Hindi",1,2010,1,"Yes",100,0,0,2,1,4,3,1,4,4,1,1,4,2,4,15
"8893","Hindi",26,1972,0,"Yes",60,0,40,1,1,3,3,1,1,1,2,3,2,2,2,85
"8894","Hindi",1,1990,0,"Yes",100,0,0,3,2,4,3,4,3,4,4,1,4,2,1,42
"8895","Hindi",1,2004,1,"Yes",100,0,0,3,2,3,4,NA,3,4,1,1,1,3,3,40
"8896","Hindi",1,2003,0,"No",100,0,0,1,1,3,2,1,1,2,2,3,4,3,2,28
"8897","Hindi",1,2002,0,"No",80,20,0,2,1,4,1,2,1,2,4,1,4,1,1,25
"8898","Hindi",1,2009,1,"Yes",100,0,0,2,1,1,1,4,1,1,3,1,4,1,1,18
"8899","Hindi",1,2000,0,"Yes",100,0,0,3,2,3,2,3,3,3,3,4,4,2,3,30
"8900","Hindi",2,1998,0,"Yes",100,0,0,3,1,1,1,1,1,1,1,2,3,2,1,150
"8901","Hindi",1,2000,0,"Yes",40,60,0,1,1,1,1,1,1,1,1,2,1,1,1,20
"8902","Hindi",3,1982,0,"Yes",100,0,0,4,1,3,1,2,2,3,4,2,1,2,3,150
"8903","Tamil",1,1952,0,"No",100,0,0,2,1,2,1,2,2,2,2,3,3,3,2,650
"8904","Tamil",1,1980,0,"No",100,0,0,4,1,4,4,3,1,3,4,1,1,2,3,250
"8905","Tamil",3,1986,1,"Yes",100,0,0,3,4,3,3,4,2,4,3,4,3,3,3,280
"8906","Tamil",1,1990,0,"No",75,25,0,1,2,3,3,3,2,3,4,2,1,2,3,512
"8907","Tamil",1,1996,0,"No",100,0,0,4,1,4,3,3,1,4,4,3,3,3,3,70
"8908","Telugu",1,2002,1,"Yes",10,0,90,3,2,3,4,4,1,4,3,3,4,3,4,75
"8909","Tamil",1,1982,0,"Yes",0,0,100,1,4,3,4,3,4,3,4,3,1,4,4,362
"8910","Tamil",1,1986,0,"No",0,0,100,1,3,4,3,4,4,4,4,1,1,3,4,268
"8911","Tamil",1,1957,1,"Yes",0,0,100,1,3,3,4,4,4,3,4,3,1,3,3,485
"8912","Tamil",3,2006,0,"No",100,0,0,3,2,3,3,3,3,2,3,3,3,2,2,20
"8913","Tamil",1,1996,0,"Yes",0,0,100,1,3,3,3,4,3,3,4,1,1,2,4,1100
"8914","Tamil",1,1978,0,"Yes",0,0,100,1,4,3,4,3,4,4,3,1,1,2,1,1350
"8915","Tamil",1,1997,0,"Yes",0,0,100,1,3,4,3,4,3,3,4,1,1,2,4,85
"8916","Tamil",1,1985,0,"Yes",0,0,100,3,2,3,4,2,4,3,3,1,3,2,3,400
"8917","Tamil",2,1985,0,"Yes",30,0,70,4,1,4,4,4,1,3,3,3,1,1,3,208
"8918","Tamil",2,1995,1,"Yes",0,0,100,4,2,3,3,3,1,3,3,2,3,2,3,150
"8919","Tamil",1,1997,1,"Yes",50,25,25,4,2,4,3,2,1,2,3,1,3,1,3,55
"8920","Hindi",2,1989,1,"Yes",0,5,95,3,2,4,1,4,2,4,4,4,4,4,4,125
"8921","Tamil",1,2006,0,"Yes",0,60,40,3,1,3,3,4,1,4,3,4,1,3,3,30
"8922","Tamil",2,2005,1,"No",0,50,50,4,1,4,4,4,1,4,3,4,1,3,4,40
"8923","Hindi",1,2004,1,"No",100,0,0,4,4,4,3,3,2,3,1,2,3,2,2,100
"8924","Hindi",3,1983,0,"Yes",100,0,0,3,4,4,4,3,1,4,4,2,4,2,4,100
"8925","Tamil",1,1991,0,"Yes",100,0,0,3,1,2,1,3,1,2,4,2,3,2,3,53
"8926","Tamil",2,1983,0,"Yes",100,0,0,3,2,3,3,2,1,4,4,3,1,2,3,25
"8927","Tamil",1,1996,0,"Yes",100,0,0,2,1,2,1,3,1,1,2,2,3,1,1,110
"8928","Tamil",1,1995,0,"Yes",100,0,0,4,2,3,3,3,3,2,3,2,3,2,3,40
"8929","Hindi",4,1977,0,"No",100,0,0,4,4,4,4,2,1,3,3,3,4,3,4,25
"8930","Tamil",3,1998,1,"Yes",40,60,0,4,3,4,3,1,4,4,4,4,3,4,4,217
"8931","Tamil",1,1993,0,"Yes",0,0,100,1,3,4,3,4,4,4,4,1,1,3,4,120
"8932","Tamil",1,2001,1,"No",100,0,0,4,3,3,3,4,4,2,2,3,4,2,2,20
"8933","Tamil",1,2000,0,"Yes",0,50,50,2,1,4,4,4,1,3,3,1,1,3,4,50
"8934","Tamil",1,2000,0,"Yes",100,0,0,4,2,4,4,4,1,2,3,1,1,3,4,35
"8935","Hindi",1,1998,0,"Yes",100,0,0,4,1,4,4,2,2,3,4,3,4,2,4,280
"8936","Tamil",2,1991,0,"Yes",100,0,0,2,1,3,1,2,1,3,2,1,2,1,3,60
"8937","Tamil",1,1998,0,"Yes",20,0,80,3,2,2,3,3,2,2,3,3,4,2,3,60
"8938","Tamil",1,2000,0,"Yes",0,0,100,3,2,3,4,1,1,1,3,1,3,2,3,75
"8939","Tamil",1,1997,0,"Yes",40,0,60,2,2,3,2,2,3,3,2,3,2,3,3,88
"8940","Tamil",5,1980,1,"Yes",75,25,0,3,2,3,4,4,1,4,2,3,4,2,3,250
"8941","Tamil",1,2002,0,"Yes",0,0,100,4,2,3,4,2,1,3,3,2,3,2,2,50
"8942","Tamil",1,1980,0,"Yes",25,15,60,4,1,2,4,3,1,3,2,1,3,3,1,185
"8943","Tamil",1,1980,0,"Yes",50,50,0,3,1,3,4,3,1,3,4,4,1,1,4,180
"8944","Hindi",1,1982,1,"No",100,0,0,1,3,3,3,4,2,3,4,1,1,2,3,15
"8945","Tamil",1,1985,0,"No",0,100,0,4,1,4,4,4,1,3,1,3,4,2,4,70
"8946","Tamil",7,1981,0,"Yes",75,20,5,1,1,3,4,4,2,3,3,4,1,1,3,1350
"8947","Tamil",3,1985,1,"Yes",100,0,0,1,2,3,3,4,2,3,4,1,4,3,3,150
"8948","Tamil",1,1983,0,"Yes",0,0,100,1,4,3,4,4,3,3,3,1,1,3,3,615
"8949","Hindi",2,2001,0,"No",2,0,98,4,1,4,4,3,1,3,4,3,3,2,3,138
"8950","Tamil",1,1992,0,"Yes",30,0,70,4,1,4,4,3,1,4,1,3,4,2,1,50
"8951","Tamil",2,1990,0,"No",100,0,0,4,1,4,4,3,1,4,4,3,4,3,4,400
"8952","Tamil",1,2002,0,"No",0,0,100,4,1,4,4,3,1,4,1,2,3,2,4,110
"8953","Tamil",1,1983,0,"Yes",0,0,100,1,3,4,3,3,3,3,3,1,1,3,4,800
"8954","Tamil",1,1980,0,"No",100,0,0,2,1,2,1,1,1,2,2,1,2,1,2,60
"8955","Tamil",2,1980,0,"Yes",60,0,40,4,1,4,4,3,3,4,1,3,4,2,4,150
"8956","Tamil",1,1991,0,"Yes",0,0,100,1,3,3,2,4,4,3,3,1,1,2,4,600
"8957","Tamil",1,2002,0,"Yes",0,50,50,2,1,4,2,1,2,2,3,1,3,2,3,30
"8958","Tamil",1,1979,0,"No",100,0,0,1,3,3,3,4,3,3,4,2,3,4,3,165
"8959","Tamil",1,2002,0,"No",100,0,0,1,2,4,3,4,2,3,3,1,1,2,3,75
"8960","Tamil",1,1982,1,"Yes",0,100,0,3,1,3,3,1,1,1,1,3,4,2,1,50
"8961","Tamil",1,2004,0,"Yes",0,20,80,3,2,3,4,4,1,1,3,3,4,3,3,80
"8962","Tamil",1,2000,0,"No",100,0,0,3,2,1,1,2,1,1,1,2,3,1,1,40
"8963","Tamil",1,2004,1,"Yes",40,0,60,3,1,3,4,2,1,3,2,1,3,2,3,60
"8964","Tamil",2,1992,0,"Yes",100,0,0,4,4,4,4,2,1,1,3,1,1,3,3,85
"8965","Tamil",1,1995,0,"Yes",100,0,0,2,1,4,1,2,2,2,3,3,3,2,3,70
"8966","Hindi",1,2000,0,"Yes",100,0,0,4,1,4,4,3,2,4,2,3,4,2,3,50
"8967","Tamil",1,1994,0,"No",0,100,0,3,1,4,3,1,1,1,2,3,4,3,1,25
"8968","Tamil",1,1997,0,"No",0,100,0,4,1,3,3,1,1,1,2,4,1,2,1,30
"8969","Tamil",1,1995,0,"No",0,100,0,3,1,3,3,1,1,1,4,3,4,3,1,20
"8970","Tamil",1,1995,0,"Yes",100,0,0,2,1,2,2,2,2,1,3,2,1,2,3,20
"8971","Tamil",1,1993,0,"No",0,100,0,3,1,3,1,1,2,1,3,4,1,1,1,15
"8972","Tamil",1,2003,0,"No",100,0,0,3,1,3,4,4,1,4,4,3,4,2,3,12
"8973","Tamil",1,2000,0,"No",100,0,0,3,1,3,4,4,1,2,4,4,1,2,2,15
"8974","Tamil",1,2001,0,"No",90,0,10,3,2,4,3,4,1,2,2,3,4,2,2,15
"8975","Tamil",1,1997,0,"No",100,0,0,3,1,2,3,4,1,2,4,3,4,3,2,20
"8976","Tamil",1,2007,1,"Yes",100,0,0,3,2,3,3,4,1,2,3,3,4,2,1,15
"8977","Tamil",1,1998,1,"Yes",100,0,0,4,1,3,2,3,1,2,2,1,2,1,2,60
"8978","Tamil",1,2000,0,"Yes",0,0,100,4,3,3,4,4,1,3,3,3,4,1,3,20
"8979","Tamil",2,2000,1,"Yes",100,0,0,4,2,3,4,3,2,1,4,3,1,2,3,40
"8980","Tamil",3,1995,1,"Yes",100,0,0,4,1,4,3,3,1,3,2,3,4,2,3,120
"8981","Tamil",1,1990,1,"Yes",100,0,0,4,2,2,1,4,2,2,3,1,3,2,3,20
"8982","Tamil",1,2001,0,"No",100,0,0,4,2,3,3,NA,3,3,3,3,2,3,3,36
"8983","Tamil",1,2001,0,"Yes",100,0,0,3,1,2,1,1,2,2,2,2,1,2,3,30
"8984","Tamil",1,1997,0,"Yes",100,0,0,3,2,2,3,2,1,2,3,1,3,2,4,30
"8985","Tamil",1,2007,1,"Yes",100,0,0,4,2,4,3,1,1,4,3,4,1,3,3,15
"8986","Tamil",1,1992,0,"Yes",100,0,0,3,1,2,1,3,1,2,3,2,3,2,3,35
"8987","Tamil",1,1999,0,"Yes",100,0,0,4,2,3,1,2,1,3,3,2,3,2,2,25
"8988","Tamil",1,1986,0,"Yes",100,0,0,2,1,2,1,1,1,1,4,1,3,1,3,35
"8989","Tamil",1,1997,0,"Yes",100,0,0,4,1,3,1,2,2,2,3,1,2,1,3,45
"8990","Tamil",1,1995,0,"Yes",100,0,0,2,1,4,1,2,1,2,2,1,2,1,2,58
"8991","Tamil",1,1990,0,"Yes",100,0,0,4,3,3,2,3,1,2,3,2,3,2,4,50
"8992","Tamil",1,2007,0,"Yes",80,20,0,3,2,3,3,2,1,1,4,3,1,4,3,30
"8993","Tamil",1,2005,0,"Yes",100,0,0,1,4,4,3,3,3,1,3,1,1,4,4,30
"8994","Tamil",1,1992,0,"Yes",100,0,0,2,1,3,3,3,1,2,4,2,3,2,3,30
"8995","Tamil",1,1994,1,"Yes",100,0,0,2,1,4,1,1,1,1,2,1,3,2,2,30
"8996","Tamil",1,2003,0,"Yes",100,0,0,3,1,4,4,4,1,1,3,4,1,2,3,25
"8997","Tamil",1,2001,1,"Yes",100,0,0,3,1,3,2,3,2,2,3,1,2,1,2,35
"8998","Hindi",1,1999,0,"No",100,0,0,2,2,2,2,1,1,1,1,1,3,1,1,7
"8999","Hindi",1,1990,0,"Yes",100,0,0,4,2,4,NA,3,1,1,4,3,1,3,3,50
"9000","Tamil",1,2007,1,"Yes",0,50,50,3,2,3,4,2,1,2,3,1,3,2,3,40
"9001","Tamil",3,1997,1,"Yes",100,0,0,3,2,3,1,4,1,3,3,4,1,2,3,60
"9002","Tamil",2,1991,0,"Yes",70,0,30,3,3,4,2,2,2,1,4,1,4,1,2,70
"9003","Tamil",1,1990,1,"Yes",50,0,50,2,1,3,4,3,1,1,2,1,3,2,3,130
"9004","Tamil",1,1995,0,"Yes",100,0,0,4,2,2,2,3,2,2,2,1,2,1,3,40
"9005","Tamil",1,1998,0,"Yes",100,0,0,3,1,3,1,3,3,3,3,1,4,1,3,70
"9006","Tamil",1,1993,0,"Yes",100,0,0,3,1,2,1,2,1,2,4,1,3,2,3,40
"9007","Tamil",1,2000,1,"Yes",100,0,0,3,1,3,4,4,1,3,2,4,1,3,2,45
"9008","Tamil",1,2000,1,"Yes",0,20,80,4,1,3,4,4,1,3,3,1,4,1,2,65
"9009","Tamil",1,2007,1,"Yes",0,50,50,3,1,3,3,2,1,2,4,1,3,1,3,50
"9010","Tamil",1,1990,0,"Yes",100,0,0,3,3,3,4,2,1,3,3,1,1,2,2,20
"9011","Tamil",1,1975,1,"No",100,0,0,3,1,4,4,4,1,2,4,1,1,3,3,25
"9012","Tamil",2,1985,1,"Yes",100,0,0,3,1,3,3,4,1,3,2,3,4,2,4,75
"9013","Tamil",1,1995,0,"Yes",100,0,0,4,1,4,4,4,1,4,3,4,1,3,4,70
"9014","Tamil",1,2000,0,"No",0,0,100,3,1,4,4,4,1,1,3,4,1,3,4,20
"9015","Hindi",2,1994,1,"Yes",0,30,70,3,1,3,4,3,1,2,3,1,3,1,2,60
"9016","Tamil",1,1985,0,"Yes",90,0,10,4,2,4,2,3,1,4,2,4,1,3,3,20
"9017","Tamil",1,1992,0,"Yes",70,30,0,4,2,4,3,2,2,1,4,3,1,2,3,30
"9018","Tamil",2,1998,0,"Yes",0,50,50,1,1,3,3,2,1,2,4,1,3,2,3,140
"9019","Tamil",2,2003,0,"Yes",0,50,50,4,1,3,1,2,2,2,2,3,1,1,2,30
"9020","Tamil",1,1999,0,"Yes",100,0,0,2,2,1,1,1,1,1,1,1,1,1,1,14
"9021","Tamil",2,1956,0,"Yes",100,0,0,4,2,3,4,3,1,4,3,4,1,2,3,15
"9022","Tamil",1,1998,0,"Yes",100,0,0,4,2,2,2,2,1,2,2,2,3,2,2,25
"9023","Tamil",1,1997,0,"Yes",100,0,0,3,2,2,1,2,1,2,3,3,1,2,2,40
"9024","Tamil",1,1993,0,"Yes",100,0,0,3,2,2,2,1,1,1,2,3,1,2,3,30
"9025","Tamil",1,2002,0,"Yes",100,0,0,2,1,3,2,3,1,3,2,2,4,1,2,15
"9026","Gujarati",1,2000,0,"No",100,0,0,3,1,4,4,3,2,3,3,3,1,3,4,40
"9027","Tamil",2,2004,0,"Yes",100,0,0,3,2,4,2,2,2,1,4,4,1,4,3,25
"9028","Tamil",1,1999,1,"No",100,0,0,2,2,1,1,1,1,1,1,4,3,1,1,13
"9029","Tamil",1,1995,1,"Yes",100,0,0,3,1,3,3,1,1,2,3,1,3,1,2,40
"9030","Tamil",1,1993,0,"Yes",100,0,0,4,1,3,3,2,1,2,2,1,3,2,3,40
"9031","Tamil",1,1999,0,"Yes",100,0,0,2,1,3,4,1,1,2,4,2,3,1,2,30
"9032","Tamil",1,1998,0,"Yes",100,0,0,3,2,4,3,4,1,2,3,4,1,3,3,25
"9033","Tamil",1,1998,0,"Yes",100,0,0,4,2,4,4,3,3,4,4,3,1,3,3,15
"9034","Tamil",1,1999,0,"No",100,0,0,3,1,2,3,4,4,3,2,4,3,4,2,30
"9035","Tamil",2,2003,0,"No",100,0,0,1,1,1,1,1,1,1,3,1,4,1,1,15
"9036","Tamil",1,2003,0,"No",100,0,0,3,1,3,4,4,1,3,3,3,4,2,2,15
"9037","Tamil",1,1996,0,"No",100,0,0,3,1,2,2,3,2,3,4,2,3,3,3,6
"9038","Tamil",1,2001,0,"Yes",100,0,0,3,2,3,4,4,1,3,3,4,1,3,3,40
"9039","Tamil",1,2003,0,"No",100,0,0,4,2,3,4,3,1,1,2,4,1,3,3,15
"9040","Tamil",1,1992,1,"Yes",100,0,0,4,1,3,1,2,1,2,2,1,2,1,3,60
"9041","Tamil",1,1969,1,"Yes",100,0,0,3,1,3,1,3,1,2,4,1,3,2,3,70
"9042","Tamil",1,2001,0,"Yes",100,0,0,4,2,3,1,2,1,2,2,1,2,1,3,20
"9043","Tamil",1,2006,1,"Yes",0,0,100,4,1,3,1,2,1,4,3,3,3,2,2,70
"9044","Tamil",1,2001,0,"No",100,0,0,3,1,3,3,4,1,2,3,3,4,2,1,12
"9045","Tamil",1,2000,1,"Yes",100,0,0,4,2,4,4,4,1,2,2,4,1,3,4,60
"9046","Tamil",1,2000,0,"Yes",0,30,70,4,1,3,3,3,1,3,3,3,3,2,3,45
"9047","Tamil",1,2006,1,"Yes",50,0,50,4,3,3,3,2,1,4,3,3,1,2,3,50
"9048","Tamil",2,2007,0,"Yes",35,15,50,3,2,1,1,1,1,1,1,1,1,1,1,25
"9049","Tamil",2,1988,0,"No",90,0,10,3,1,2,2,1,1,1,1,1,2,2,1,48
"9050","Tamil",1,2000,0,"No",100,0,0,1,4,3,3,2,3,4,3,4,2,2,4,40
"9051","Tamil",1,2004,0,"No",100,0,0,2,1,2,NA,2,1,2,1,2,3,1,2,110
"9052","Tamil",2,1985,1,"Yes",50,0,50,4,2,3,3,1,1,1,2,1,2,1,2,80
"9053","Tamil",1,1996,0,"Yes",100,0,0,4,2,3,1,3,4,1,2,1,2,1,3,50
"9054","Tamil",1,2000,0,"Yes",0,0,100,4,1,2,3,3,1,1,3,4,1,2,2,65
"9055","Tamil",1,2001,0,"No",100,0,0,3,2,4,4,4,1,3,3,3,4,1,3,25
"9056","Tamil",1,1997,0,"Yes",100,0,0,3,2,3,1,1,2,3,3,2,4,2,3,30
"9057","Tamil",1,1998,0,"Yes",100,0,0,4,2,4,4,3,1,2,4,3,1,3,3,40
"9058","Tamil",1,2000,0,"Yes",100,0,0,3,1,3,1,2,2,3,2,3,1,2,2,30
"9059","Tamil",1,2001,0,"Yes",100,0,0,4,2,3,2,2,1,3,3,2,3,2,3,25
"9060","Tamil",1,2001,1,"Yes",100,0,0,3,1,1,1,1,1,2,2,3,3,2,2,30
"9061","Tamil",1,1995,1,"Yes",10,30,60,3,2,3,4,1,1,2,2,1,3,2,3,70
"9062","Tamil",1,1990,0,"No",100,0,0,4,1,2,1,1,3,2,2,1,2,1,1,40
"9063","Tamil",1,2009,0,"No",100,0,0,4,2,2,1,3,2,3,2,3,1,1,3,27
"9064","Tamil",2,2007,0,"No",100,0,0,3,2,3,2,3,2,2,3,3,2,3,2,45
"9065","Tamil",1,2009,0,"No",100,0,0,1,1,2,1,1,3,2,3,2,2,2,1,48
"9066","Tamil",1,1975,0,"No",100,0,0,3,1,3,2,1,3,3,3,1,2,1,2,7
"9067","Tamil",1,2001,0,"No",100,0,0,4,3,2,3,1,2,4,3,3,3,2,3,35
"9068","Tamil",1,2000,0,"Yes",100,0,0,3,1,3,4,4,1,1,3,4,1,3,3,15
"9069","Tamil",3,1984,1,"Yes",30,0,70,1,3,3,4,4,3,4,4,1,1,3,4,285
"9070","Tamil",1,1989,0,"Yes",60,0,40,3,2,2,2,3,2,3,4,3,2,3,2,216
"9071","Tamil",1,1973,0,"No",100,0,0,4,2,3,2,3,3,3,3,2,3,2,3,10
"9072","Tamil",2,1980,0,"No",100,0,0,4,1,4,4,3,1,3,1,4,3,3,4,40
"9073","Tamil",1,1992,0,"No",100,0,0,4,1,3,2,2,3,1,2,1,1,1,2,12
"9074","Tamil",1,2005,0,"No",100,0,0,1,3,4,3,4,4,3,3,1,1,3,4,10
"9075","Tamil",3,2002,0,"Yes",0,0,100,4,1,4,3,3,1,4,1,2,4,2,4,60
"9076","Tamil",1,1994,0,"Yes",0,0,100,1,3,4,4,4,3,3,3,1,1,2,4,65
"9077","Tamil",1,2006,0,"No",100,0,0,1,3,4,3,4,4,4,4,1,1,3,4,10
"9078","Tamil",1,2006,0,"Yes",0,0,100,1,3,4,3,4,4,4,3,4,1,2,4,10
"9079","Tamil",1,2005,0,"No",100,0,0,1,3,4,3,4,4,3,3,4,1,3,4,10
"9080","Tamil",1,1984,1,"Yes",0,0,100,4,3,4,3,4,4,4,4,1,1,3,4,1158
"9081","Tamil",1,1979,0,"No",100,0,0,4,3,2,1,2,2,3,2,1,1,1,3,28
"9082","Tamil",1,1990,0,"Yes",80,20,0,4,1,2,2,2,3,3,2,1,2,1,3,85
"9083","Tamil",1,2001,0,"Yes",100,0,0,2,1,2,NA,2,2,3,4,2,2,1,1,65
"9084","Tamil",1,1973,0,"No",100,0,0,4,2,2,2,1,1,2,3,1,1,1,2,25
"9085","Tamil",1,1991,0,"Yes",100,0,0,1,1,3,3,4,1,2,2,1,3,1,4,25
"9086","Tamil",1,1995,0,"No",100,0,0,4,3,2,3,3,2,3,2,2,3,3,4,25
"9087","Tamil",1,2000,0,"No",100,0,0,4,2,3,2,3,3,2,2,2,2,1,2,10
"9088","Tamil",1,1992,0,"No",100,0,0,3,1,2,NA,1,1,3,2,2,3,1,3,18
"9089","Tamil",1,1990,0,"Yes",50,0,50,4,1,4,4,3,1,3,4,3,1,2,4,250
"9090","Tamil",1,2003,0,"No",100,0,0,1,3,3,3,2,3,4,3,3,3,4,3,30
"9091","Tamil",2,2001,0,"Yes",100,0,0,4,1,2,1,3,1,2,3,1,2,1,3,60
"9092","Tamil",1,1993,0,"No",100,0,0,4,3,2,3,3,2,3,2,3,3,3,4,32
"9093","Tamil",1,2001,0,"No",100,0,0,3,1,3,3,4,1,3,3,1,4,1,3,15
"9094","Tamil",2,2002,1,"Yes",0,0,100,4,2,3,4,4,1,3,3,3,4,2,3,230
"9095","Hindi",1,1997,1,"No",100,0,0,3,1,4,4,3,1,3,3,4,1,2,3,25
"9096","Tamil",1,1995,0,"Yes",100,0,0,2,1,3,1,1,1,1,3,2,3,2,3,50
"9097","Tamil",4,1996,0,"Yes",100,0,0,2,1,1,1,1,3,2,NA,1,NA,NA,1,15
"9098","Tamil",1,2005,0,"No",100,0,0,3,1,3,4,1,1,4,3,1,1,2,3,20
"9099","Tamil",1,1998,1,"Yes",100,0,0,3,1,3,4,4,1,3,4,3,4,3,4,40
"9100","Hindi",1,1980,0,"No",100,0,0,1,4,3,3,2,2,1,4,2,1,1,4,50
"9101","Tamil",1,2004,0,"Yes",100,0,0,3,1,3,4,4,1,2,2,4,4,2,3,30
"9102","Tamil",1,1990,0,"No",100,0,0,1,1,3,3,1,1,2,2,1,1,1,1,54
"9103","Tamil",1,1992,1,"No",100,0,0,1,1,1,1,1,1,2,2,3,4,2,1,18
"9104","Tamil",1,1992,0,"No",100,0,0,4,1,3,4,3,1,3,3,1,1,2,4,15
"9105","Tamil",1,1988,0,"Yes",60,0,40,2,1,3,2,3,3,3,2,3,2,3,2,110
"9106","Tamil",1,2000,0,"No",100,0,0,1,3,4,1,3,4,4,4,1,1,3,3,48
"9107","Tamil",1,1995,0,"Yes",100,0,0,1,3,3,4,3,4,4,4,1,1,2,4,180
"9108","Tamil",1,2007,0,"No",100,0,0,1,3,4,3,4,3,3,4,1,1,2,4,20
"9109","Tamil",1,2001,0,"No",100,0,0,1,2,3,3,4,3,4,4,3,1,2,4,80
"9110","Tamil",1,1975,0,"No",100,0,0,2,1,4,4,2,1,3,4,3,4,2,4,10
"9111","Tamil",1,1975,0,"No",100,0,0,2,1,4,4,2,1,3,1,4,3,2,4,15
"9112","Tamil",1,2005,0,"No",100,0,0,4,1,3,4,3,2,2,4,3,1,3,4,20
"9113","Tamil",1,2009,0,"No",100,0,0,4,1,4,3,4,3,3,3,4,1,3,4,7
"9114","Tamil",1,2009,0,"No",100,0,0,4,1,2,4,3,1,2,3,1,1,1,3,9
"9115","Tamil",1,2000,1,"No",100,0,0,4,1,4,1,4,1,3,4,1,1,3,4,6
"9116","Tamil",1,2007,0,"No",100,0,0,4,1,4,4,4,1,3,1,3,3,2,4,50
"9117","Tamil",1,1985,0,"DON'T KNOW (SPONTANEOUS)",100,0,0,4,1,3,3,4,1,3,3,1,1,1,3,60
"9118","Tamil",2,1990,0,"No",100,0,0,4,1,4,3,4,2,4,4,3,3,2,4,180
"9119","Tamil",3,1989,0,"No",100,0,0,1,2,3,4,4,2,3,4,1,4,3,3,135
"9120","Tamil",1,2000,0,"No",100,0,0,3,2,3,2,2,2,2,3,2,2,3,2,25
"9121","Tamil",1,1996,0,"No",100,0,0,1,2,4,3,4,4,4,4,3,1,3,4,165
"9122","Tamil",1,1960,0,"No",100,0,0,3,2,3,2,3,3,3,3,3,2,3,2,10
"9123","Tamil",1,2006,0,"No",100,0,0,1,2,3,2,4,2,3,4,4,1,1,3,25
"9124","Hindi",6,1987,0,"Yes",100,0,0,2,1,3,3,3,2,3,3,1,3,1,3,187
"9125","Tamil",1,1985,0,"No",100,0,0,4,1,4,4,3,1,3,4,3,3,2,4,15
"9126","Tamil",4,2007,0,"No",100,0,0,4,1,3,3,3,2,3,4,3,4,2,4,450
"9127","Tamil",2,2007,0,"Yes",100,0,0,1,2,3,3,4,2,4,4,4,1,2,3,110
"9128","Tamil",2,2007,0,"No",100,0,0,1,2,3,4,3,2,3,3,3,1,2,3,40
"9129","Tamil",1,2003,0,"No",25,75,0,1,2,3,4,3,2,3,4,1,1,4,4,20
"9130","Tamil",1,2000,0,"No",100,0,0,4,1,4,4,3,1,4,1,3,3,2,4,50
"9131","Tamil",1,2007,0,"No",100,0,0,1,3,4,3,4,3,3,4,4,1,3,3,60
"9132","Tamil",1,2010,0,"No",100,0,0,4,1,3,4,3,1,2,4,4,3,1,3,16
"9133","Tamil",1,1994,0,"Yes",100,0,0,1,3,4,3,3,4,4,4,1,1,3,4,82
"9134","Tamil",1,2010,0,"No",100,0,0,4,1,3,3,4,1,4,4,3,3,2,4,6
"9135","Tamil",1,2007,0,"No",5,0,95,4,2,3,4,4,2,3,4,4,1,1,3,60
"9136","Tamil",1,2001,0,"Yes",0,0,100,4,1,4,4,3,1,3,4,3,4,2,3,50
"9137","Tamil",1,2008,0,"No",100,0,0,4,3,4,3,4,4,3,4,3,1,2,4,25
"9138","Tamil",1,1992,0,"Yes",0,0,100,1,4,4,3,4,3,3,4,3,1,3,4,45
"9139","Tamil",2,2011,0,"No",100,0,0,4,2,2,1,2,2,2,3,2,2,3,2,26
"9140","Tamil",1,2008,0,"No",100,0,0,1,3,4,1,4,3,3,3,1,1,3,4,7
"9141","Tamil",1,1987,0,"No",0,0,100,1,4,4,3,4,3,4,3,4,1,3,3,45
"9142","Tamil",1,2005,0,"No",100,0,0,1,3,4,3,4,4,3,3,4,1,3,4,10
"9143","Tamil",1,1995,0,"No",0,0,100,4,2,4,3,3,4,4,4,2,3,2,3,300
"9144","Tamil",1,2011,0,"Yes",100,0,0,1,3,3,4,4,4,3,4,1,1,3,4,6
"9145","Tamil",1,2003,0,"No",100,0,0,1,3,4,3,4,2,3,3,4,1,3,4,60
"9146","Tamil",1,2006,0,"No",0,100,0,1,3,3,4,3,3,3,4,4,1,2,4,12
"9147","Tamil",3,2013,0,"Yes",0,100,0,1,2,4,3,4,1,3,4,1,1,2,4,156
"9148","Tamil",1,1987,1,"No",100,0,0,1,3,3,4,3,4,3,3,1,1,3,3,22
"9149","Tamil",1,2006,0,"No",100,0,0,3,2,3,2,3,2,2,3,3,2,2,2,10
"9150","Tamil",1,2001,0,"No",100,0,0,1,3,4,1,4,4,3,4,1,1,3,4,10
"9151","Tamil",1,1998,1,"No",100,0,0,3,2,3,2,3,3,2,3,3,2,3,1,6
"9152","Tamil",1,2004,0,"No",100,0,0,3,3,3,2,2,2,2,3,3,2,3,2,10
"9153","Tamil",1,2011,0,"No",100,0,0,1,2,3,2,1,2,3,4,3,1,1,3,10
"9154","Tamil",1,1984,0,"No",100,0,0,1,2,3,3,4,2,3,3,3,1,2,3,22
"9155","Tamil",4,2005,0,"No",100,0,0,3,2,3,2,3,2,3,3,3,2,3,1,15
"9156","Tamil",1,1956,0,"No",100,0,0,1,1,2,2,3,2,3,3,4,1,1,3,8
"9157","Tamil",4,1999,1,"Yes",100,0,0,1,3,4,3,4,3,3,4,1,1,2,3,165
"9158","Tamil",2,1998,0,"Yes",100,0,0,1,2,3,2,4,2,2,4,4,1,4,3,20
"9159","Tamil",4,1981,0,"Yes",60,5,35,4,2,3,4,3,3,3,3,1,1,1,3,400
"9160","Tamil",1,1995,1,"Yes",100,0,0,1,2,4,3,4,3,3,4,3,1,2,4,90
"9161","Tamil",1,1970,0,"No",100,0,0,3,1,2,1,2,1,2,1,1,1,1,1,41
"9162","Tamil",1,1997,0,"Yes",100,0,0,3,1,3,4,4,1,2,3,4,1,3,3,40
"9163","Tamil",1,1983,1,"No",100,0,0,4,1,2,1,3,3,2,2,1,2,1,2,8
"9164","Tamil",1,1988,0,"No",100,0,0,2,1,2,1,2,4,2,4,3,3,2,3,10
"9165","Tamil",1,1984,0,"No",100,0,0,1,3,3,2,2,2,2,3,1,3,1,2,15
"9166","Tamil",1,1945,0,"No",100,0,0,1,2,3,3,4,4,3,3,4,1,2,3,6
"9167","Tamil",1,1976,0,"No",100,0,0,3,1,2,1,1,1,2,3,2,3,2,2,20
"9168","Tamil",1,1996,0,"No",100,0,0,1,2,4,3,4,3,4,4,1,1,2,3,15
"9169","Tamil",1,1976,0,"Yes",50,10,40,1,1,3,3,2,2,2,3,2,3,2,3,40
"9170","Tamil",1,1982,0,"No",50,25,25,4,1,3,4,3,2,2,1,4,1,3,4,20
"9171","Tamil",1,2010,0,"Yes",100,0,0,3,1,4,3,2,1,2,4,2,3,2,4,8
"9172","Tamil",1,1994,0,"No",100,0,0,2,1,4,3,2,1,3,1,4,4,2,4,9
"9173","Tamil",1,1986,0,"No",100,0,0,3,2,4,3,2,1,2,3,1,3,1,3,38
"9174","Tamil",1,2006,0,"Yes",100,0,0,1,2,3,1,4,2,3,4,4,1,2,3,12
"9175","Tamil",17,1991,0,"Yes",40,35,25,2,1,3,2,3,2,3,3,2,3,2,2,472
"9176","Tamil",1,2007,0,"No",100,0,0,1,3,4,3,4,4,4,4,1,1,4,4,10
"9177","Tamil",1,2009,0,"Yes",0,100,0,1,3,3,4,4,4,3,3,1,1,3,4,80
"9178","Tamil",1,2000,0,"No",100,0,0,1,1,4,4,4,2,3,4,1,1,3,4,10
"9179","Tamil",1,1996,0,"No",100,0,0,4,1,4,3,4,4,3,4,1,4,1,4,8
"9180","Tamil",1,2007,1,"Yes",100,0,0,4,2,3,3,4,1,2,2,4,1,3,2,35
"9181","Tamil",1,1996,0,"Yes",100,0,0,3,2,3,1,2,2,1,3,1,3,2,4,20
"9182","Tamil",2,2009,0,"No",100,0,0,4,1,4,4,2,1,3,1,4,4,2,4,40
"9183","Tamil",1,1985,0,"No",100,0,0,4,1,4,4,3,1,3,4,2,3,2,4,100
"9184","Tamil",1,2009,0,"No",100,0,0,1,3,4,3,4,2,3,4,1,1,1,4,10
"9185","Tamil",1,2003,1,"No",100,0,0,3,2,3,2,3,2,4,2,3,3,2,2,30
"9186","Tamil",1,2008,0,"No",100,0,0,3,1,1,1,1,1,1,1,1,1,1,1,12
"9187","Tamil",1,2005,0,"Yes",100,0,0,3,1,3,1,1,2,2,3,2,3,2,3,60
"9188","Tamil",1,1990,1,"No",10,0,90,4,1,4,4,3,1,3,1,3,4,2,4,50
"9189","Tamil",1,2009,0,"No",100,0,0,4,1,4,4,4,1,3,1,3,4,2,4,10
"9190","Tamil",2,2009,0,"No",100,0,0,1,3,3,4,4,3,3,3,3,1,2,4,35
"9191","Tamil",1,1992,0,"Yes",100,0,0,3,1,3,2,3,1,2,4,2,3,2,3,50
"9192","Tamil",1,1989,1,"Yes",100,0,0,3,1,2,3,1,1,1,2,1,3,1,4,50
"9193","Tamil",1,1989,0,"Yes",100,0,0,3,2,3,1,1,1,2,4,2,3,1,2,40
"9194","Tamil",1,1997,1,"No",100,0,0,3,3,3,3,3,3,4,4,3,3,4,4,26
"9195","Tamil",1,2000,0,"No",100,0,0,3,1,2,4,4,1,3,3,1,4,2,4,25
"9196","Tamil",1,1997,1,"Yes",100,0,0,4,2,4,2,4,1,4,3,4,1,2,4,40
"9197","Tamil",1,2000,0,"Yes",100,0,0,4,2,3,4,4,1,2,3,1,1,2,2,35
"9198","Tamil",2,1990,0,"Yes",100,0,0,4,1,2,1,2,2,2,3,1,3,1,3,75
"9199","Tamil",1,1991,0,"No",100,0,0,2,2,3,2,2,3,2,3,3,2,3,2,6
"9200","Tamil",1,2005,0,"Yes",100,0,0,3,2,4,3,3,1,2,3,4,1,3,3,30
"9201","Tamil",2,1988,0,"Yes",100,0,0,2,1,1,1,1,1,1,1,1,1,1,1,130
"9202","Tamil",1,1990,0,"Yes",100,0,0,1,1,3,1,3,1,2,3,2,3,2,3,35
"9203","Tamil",1,2006,0,"Yes",100,0,0,3,2,3,2,2,1,4,4,3,1,2,2,30
"9204","Tamil",7,2001,1,"No",100,0,0,2,2,1,1,1,3,1,1,4,3,1,1,15
"9205","Tamil",1,1992,0,"Yes",100,0,0,3,2,4,1,1,2,2,3,1,3,2,3,30
"9206","Tamil",1,1994,0,"Yes",100,0,0,2,1,3,1,2,2,2,3,3,3,2,3,40
"9207","Tamil",2,1987,1,"Yes",80,20,0,2,1,4,1,3,1,3,2,1,2,1,3,90
"9208","Tamil",1,1995,0,"Yes",100,0,0,3,2,3,3,4,1,2,4,4,1,3,3,45
"9209","Tamil",1,1998,1,"No",100,0,0,4,2,4,4,4,1,4,3,3,4,3,4,40
"9210","Hindi",1,1988,0,"Yes",100,0,0,4,4,4,3,4,3,4,4,4,1,1,3,50
"9211","Hindi",1,1952,0,"Yes",100,0,0,3,4,4,4,4,3,3,4,3,4,3,4,15
"9212","Tamil",1,2004,0,"Yes",100,0,0,3,1,3,3,2,2,3,2,1,2,1,2,30
"9213","Tamil",1,1998,1,"Yes",100,0,0,4,1,3,2,4,2,2,3,1,3,1,3,30
"9214","Tamil",1,1998,1,"No",100,0,0,4,2,4,4,4,1,4,3,3,1,3,2,20
"9215","Tamil",1,1998,0,"Yes",100,0,0,3,1,3,1,4,1,1,3,2,3,1,2,30
"9216","Tamil",1,1995,0,"Yes",100,0,0,3,1,3,3,4,1,2,3,3,4,1,3,35
"9217","Tamil",2,1992,1,"Yes",100,0,0,4,2,3,4,4,4,2,3,4,1,3,2,60
"9218","Tamil",1,1994,0,"No",20,40,40,2,1,2,2,1,2,2,2,1,2,1,2,276
"9219","Tamil",1,1984,0,"Yes",86,10,4,1,2,3,2,4,3,3,4,4,1,2,4,12
"9220","Tamil",1,1970,1,"No",100,0,0,1,2,3,3,4,2,4,3,4,1,2,3,20
"9221","Tamil",1,2003,0,"Yes",70,0,30,1,3,4,3,4,3,3,1,3,4,3,3,60
"9222","Tamil",3,2000,0,"Yes",0,0,100,4,1,4,1,4,1,4,1,3,1,2,3,60
"9223","Tamil",1,1997,0,"Yes",100,0,0,3,2,4,1,2,2,2,3,1,2,1,2,50
"9224","Tamil",1,2000,0,"No",100,0,0,2,1,3,3,3,1,2,4,4,1,2,4,30
"9225","Hindi",1,1999,0,"Yes",100,0,0,3,1,4,4,4,1,3,4,1,1,2,3,25
"9226","Tamil",1,1930,0,"No",100,0,0,4,1,3,1,2,1,2,2,1,1,1,1,28
"9227","Tamil",1,1980,0,"No",100,0,0,4,1,4,4,3,1,3,1,3,3,2,4,20
"9228","Tamil",1,1985,0,"No",100,0,0,4,1,3,4,4,1,3,4,1,1,2,4,20
"9229","Tamil",1,1980,0,"No",100,0,0,4,1,2,4,4,2,4,4,1,1,1,4,50
"9230","Tamil",2,1990,0,"No",100,0,0,4,1,4,4,4,1,3,1,3,3,2,4,70
"9231","Tamil",1,2006,0,"No",100,0,0,4,1,4,3,3,1,3,1,3,4,3,4,15
"9232","Tamil",1,2006,0,"No",0,0,100,4,1,4,4,2,1,4,1,4,4,2,4,20
"9233","Tamil",1,2007,0,"Yes",0,30,70,1,3,4,4,4,4,4,3,1,1,3,3,60
"9234","Tamil",2,2008,0,"Yes",100,0,0,1,3,4,3,4,4,4,4,1,1,2,4,48
"9235","Tamil",1,2008,0,"Yes",100,0,0,1,3,4,1,4,3,4,4,1,1,3,4,10
"9236","Tamil",1,1996,0,"No",10,0,90,3,2,3,2,2,2,3,2,2,3,2,2,45
"9237","Tamil",1,2008,0,"No",0,100,0,1,4,4,3,4,4,4,4,4,1,4,4,12
"9238","Tamil",1,2007,0,"Yes",100,0,0,1,1,2,NA,4,2,3,4,2,2,1,2,15
"9239","Tamil",3,1948,0,"Yes",100,0,0,1,2,4,3,4,2,3,4,3,1,1,3,48
"9240","Tamil",2,1982,0,"Yes",68,10,22,1,3,3,4,4,2,4,4,1,1,1,4,45
"9241","Tamil",1,1996,0,"No",100,0,0,1,1,3,2,2,1,3,4,3,3,2,2,10
"9242","Tamil",1,2007,0,"Yes",100,0,0,4,1,2,1,4,3,3,2,1,2,1,2,10
"9243","Tamil",1,1986,0,"No",100,0,0,4,1,2,2,4,3,1,2,1,1,1,1,13
"9244","Tamil",1,2005,0,"No",100,0,0,1,3,3,4,4,4,4,4,1,1,4,4,10
"9245","Tamil",1,1980,0,"No",100,0,0,1,1,3,4,4,1,3,4,1,1,3,4,10
"9246","Tamil",1,2002,0,"No",100,0,0,1,3,4,3,3,2,3,4,4,1,2,4,26
"9247","Tamil",1,2004,0,"No",100,0,0,1,3,3,2,3,3,4,3,4,3,3,3,26
"9248","Tamil",1,2008,0,"No",100,0,0,1,3,4,3,4,2,3,4,4,1,3,3,20
"9249","Tamil",1,2000,0,"Yes",0,0,100,2,1,3,3,3,2,2,4,2,3,2,2,50
"9250","Tamil",1,2002,1,"Yes",0,50,50,4,2,4,4,4,1,2,3,3,1,3,3,50
"9251","Tamil",1,1980,0,"No",100,0,0,4,1,4,4,3,1,3,1,1,4,2,4,30
"9252","Tamil",1,2003,0,"No",0,30,70,1,3,3,4,3,4,3,3,4,1,3,3,38
"9253","Tamil",1,1993,1,"Yes",0,0,100,1,3,4,4,4,4,4,4,1,1,3,4,260
"9254","Tamil",1,1996,0,"Yes",0,0,100,4,2,3,3,3,2,3,3,2,3,2,3,100
"9255","Tamil",2,2003,0,"No",40,0,60,3,2,3,3,3,3,3,2,3,3,2,2,150
"9256","Tamil",1,1997,0,"No",100,0,0,1,3,3,4,4,3,4,4,4,1,3,3,15
"9257","Tamil",1,1992,0,"Yes",100,0,0,3,2,4,1,3,1,2,3,2,3,2,3,40
"9258","Tamil",1,1989,0,"No",100,0,0,4,1,3,3,1,1,2,3,4,1,2,3,6
"9259","Tamil",1,2005,0,"Yes",100,0,0,4,1,3,3,3,1,3,2,1,2,1,3,40
"9260","Tamil",1,2004,0,"No",100,0,0,1,2,2,3,1,2,3,3,4,1,3,3,20
"9261","Tamil",3,1993,0,"Yes",100,0,0,2,1,3,2,2,3,3,3,3,2,3,2,89
"9262","Tamil",2,2001,0,"Yes",100,0,0,3,1,4,4,4,1,3,3,3,1,1,3,35
"9263","Tamil",1,2000,1,"Yes",100,0,0,3,1,3,4,4,1,2,3,4,1,2,3,50
"9264","Tamil",2,2002,0,"No",20,0,80,4,1,2,4,3,1,4,4,1,2,2,4,50
"9265","Tamil",1,2010,0,"No",100,0,0,4,1,3,4,3,1,3,1,3,1,1,3,120
"9266","Tamil",1,1999,1,"Yes",0,0,100,1,3,4,3,4,3,4,3,4,1,2,3,50
"9267","Tamil",1,1992,0,"Yes",100,0,0,3,1,3,3,4,1,4,3,3,4,3,4,50
"9268","Tamil",1,1989,0,"No",100,0,0,3,1,4,3,2,3,3,3,2,3,2,3,15
"9269","Tamil",1,2002,0,"No",50,50,0,1,3,4,2,3,3,4,4,1,1,2,3,80
"9270","Tamil",1,2005,0,"No",0,100,0,1,3,3,4,4,3,3,4,1,1,2,3,25
"9271","Tamil",1,1999,0,"No",100,0,0,1,3,3,3,3,3,2,2,4,3,3,4,50
"9272","Tamil",1,2002,0,"No",100,0,0,4,2,2,2,1,3,3,3,3,4,3,3,43
"9273","Hindi",1,2000,0,"No",100,0,0,4,2,3,2,2,3,3,3,3,3,2,3,50
"9274","Tamil",1,1986,1,"No",100,0,0,1,2,3,2,1,2,3,4,3,1,2,3,15
"9275","Tamil",1,1998,1,"No",100,0,0,1,2,3,4,4,4,3,4,3,4,2,4,62
"9276","Tamil",2,2005,1,"Yes",100,0,0,3,1,3,4,4,1,2,2,4,1,3,2,40
"9277","Tamil",2,2002,1,"Yes",0,50,50,4,1,3,3,4,1,2,3,1,1,3,3,80
"9278","Tamil",1,1997,0,"No",20,60,20,2,1,2,1,3,3,4,2,1,1,1,2,196
"9279","Hindi",2,1997,0,"No",100,0,0,3,1,3,4,4,1,3,4,1,1,3,3,20
"9280","Tamil",1,2003,0,"Yes",100,0,0,3,2,4,2,1,1,2,3,2,3,2,1,30
"9281","Hindi",1,2001,0,"No",100,0,0,3,1,3,3,3,1,4,3,3,1,2,3,25
