"id","address","sale_type","sold_date","list_date","property_type","city","state","zip_code","price","beds","baths","square_feet","ppsf","lot_size","year_built","status","metro_distance"
"11272669","1830 Columbia Pike #205","PAST SALE",2017-09-29,2017-09-26,"Condo/Co-op","Arlington","VA",22204,280000,2,1,1055,265.402843601896,1055,1964,"Sold",0.867205291407525
"21971541","4139 Four Mile Run Dr S #204","PAST SALE",2017-09-06,2017-08-11,"Condo/Co-op","Arlington","VA",22204,405000,2,2,1030,393.203883495146,1030,1966,"Sold",2.18504165491735
"12042691","3600 S Glebe Rd Unit 432W","PAST SALE",2017-09-19,2017-09-06,"Condo/Co-op","Arlington","VA",22202,510000,2,2,1209,421.836228287841,1209,2006,"Sold",0.791870502627026
"23385384","4141 Four Mile Run Dr #103","PAST SALE",2017-09-29,2017-09-26,"Condo/Co-op","Arlington","VA",22204,395000,2,2,1135,348.017621145374,1135,1966,"Sold",2.21886787813348
"11267504","2909-F Woodley St S Unit 116-13","PAST SALE",2017-09-25,2017-09-18,"Condo/Co-op","Arlington","VA",22206,339900,2,1,930,365.483870967742,930,1983,"Sold",2.44636029195784
"11274704","1101 Arlington Ridge Rd #106","PAST SALE",2017-09-12,2017-08-23,"Condo/Co-op","Arlington","VA",22202,415000,2,2.5,1606,258.40597758406,1606,1976,"Sold",0.307599552464332
"11267147","2831 S Wakefield St Unit D","PAST SALE",2017-09-07,2017-08-13,"Condo/Co-op","Arlington","VA",22206,319000,2,1,800,398.75,800,1950,"Sold",2.40284442503625
"12042626","3600 Glebe Rd S Unit 317W","PAST SALE",2017-09-08,2017-08-15,"Condo/Co-op","Arlington","VA",22202,505000,2,2,1164,433.848797250859,1164,2006,"Sold",0.791870502627026
"11275106","1300 Army Navy Dr #509","PAST SALE",2017-09-15,2017-08-29,"Condo/Co-op","Arlington","VA",22202,357500,2,2,1253,285.315243415802,1253,1965,"Sold",0.371793482441868
"11278119","901 Monroe St N #1008","PAST SALE",2017-09-15,2017-08-29,"Condo/Co-op","Arlington","VA",22201,570000,2,2,1009,564.915758176412,1009,1998,"Sold",0.0498637838752491
"11281906","4500 Four Mile Run Dr S #514","PAST SALE",2017-09-22,2017-09-12,"Condo/Co-op","Arlington","VA",22204,310000,2,2,1152,269.097222222222,1152,2005,"Sold",1.94593548141539
"11257352","4141 Henderson Rd #804","PAST SALE",2017-09-22,2017-09-12,"Condo/Co-op","Arlington","VA",22203,312500,1,1,851,367.215041128085,851,1973,"Sold",0.442425141390559
"11233188","2119 Monroe St #3","PAST SALE",2017-09-22,2017-09-12,"Townhouse","Arlington","VA",22207,464000,2,2.5,1296,358.024691358025,1296,1981,"Sold",0.806586939652124
"49797926","1700 Clarendon Blvd #117","PAST SALE",2017-09-13,2017-08-25,"Condo/Co-op","Arlington","VA",22209,1700000,2,2.5,1922,884.495317377732,1922,2012,"Sold",0.385448600040971
"11233933","4020 20th St N","PAST SALE",2017-09-15,2017-08-29,"Single Family Residential","Arlington","VA",22207,613000,2,1,1652,371.065375302663,3572,1937,"Sold",0.854532782571517
"11279735","2050 N Calvert St Apt 408","PAST SALE",NA,NA,"Condo/Co-op","Arlington","VA",22201,365000,2,1,796,458.542713567839,796,1987,NA,0.608956724455969
"11247033","2030 Adams St #1210","PAST SALE",2017-09-14,2017-08-27,"Condo/Co-op","Arlington","VA",22201,2e+05,0,1,480,416.666666666667,480,1964,"Sold",0.491297792355984
"12041203","2001 15th St N #413","PAST SALE",2017-09-07,2017-08-13,"Condo/Co-op","Arlington","VA",22201,325000,0,1,532,610.902255639098,532,2006,"Sold",0.166930326035595
"11272883","1110 Barton St #309","PAST SALE",2017-09-12,2017-08-23,"Townhouse","Arlington","VA",22204,295000,1,1,840,351.190476190476,840,1939,"Sold",1.27273868460249
"16897789","1020 Highland St N #707","PAST SALE",2017-09-22,2017-09-12,"Condo/Co-op","Arlington","VA",22201,460000,1,1,738,623.306233062331,738,2007,"Sold",0.159217250709314
"11247275","3000 Spout Run Pkwy Unit B601","PAST SALE",2017-09-15,2017-08-29,"Condo/Co-op","Arlington","VA",22201,349000,2,1,904,386.061946902655,904,1959,"Sold",0.603838223703766
"28681872","1811 14th St N Apt 103","PAST SALE",NA,NA,"Condo/Co-op","Arlington","VA",22209,874900,2,2.5,1800,486.055555555556,1800,2010,NA,0.304679956980151
"11246960","2030 Adams St N #606","PAST SALE",2017-09-18,2017-09-04,"Condo/Co-op","Arlington","VA",22201,280000,2,1.5,962,291.060291060291,962,1964,"Sold",0.491297792355984
"11273756","3121 17th St S","PAST SALE",2017-09-15,2017-08-29,"Townhouse","Arlington","VA",22204,370000,2,1,1103,335.448776065276,1103,1979,"Sold",1.57027218731114
"11251057","1600 N Oak St Apt 728","PAST SALE",NA,NA,"Condo/Co-op","Arlington","VA",22209,385000,1,1,935,411.764705882353,935,1987,NA,0.316537920253227
"12042353","2720 S Arlington Mill Dr Unit 306","PAST SALE",NA,NA,"Condo/Co-op","Arlington","VA",22206,380000,1,1,818,464.547677261614,818,2006,NA,2.17234912982433
"11876786","3313 Wyndham Cir #4205","PAST SALE",2017-09-22,2017-09-12,"Condo/Co-op","Alexandria","VA",22302,228000,1,1,826,276.029055690073,826,1990,"Sold",2.87119364105691
"11267825","4805 28th St S","PAST SALE",2017-09-08,2017-08-15,"Townhouse","Arlington","VA",22206,388000,2,2,1383,280.549530007231,1383,1944,"Sold",2.6785419394116
"11267036","4646-A 28th Rd S Unit A","PAST SALE",2017-09-15,2017-08-29,"Condo/Co-op","Arlington","VA",22206,315000,2,1,810,388.888888888889,810,1950,"Sold",2.50595015499092
"42975846","2600 Arlington Mill Dr S Unit C","PAST SALE",2017-09-22,2017-09-12,"Condo/Co-op","Arlington","VA",22206,382000,2,1,912,418.859649122807,912,1983,"Sold",2.27599682760672
"11270394","4323 35th St S","PAST SALE",2017-09-21,2017-09-10,"Townhouse","Arlington","VA",22206,415000,1,2,1400,296.428571428571,1400,1940,"Sold",2.26779559779259
"16896939","3650 Glebe Rd #148","PAST SALE",2017-09-15,2017-08-29,"Condo/Co-op","Arlington","VA",22202,320000,1,1,669,478.325859491779,669,2006,"Sold",0.76083160625039
"11275537","706 15th St S #1","PAST SALE",2017-09-15,2017-08-29,"Condo/Co-op","Arlington","VA",22202,527500,2,1.5,1232,428.165584415584,1232,1979,"Sold",0.276636112172654
"11266819","2873 Abingdon St S Unit B1","PAST SALE",2017-09-19,2017-09-06,"Townhouse","Arlington","VA",22206,420000,2,2,2030,206.896551724138,2030,1944,"Sold",2.55605194634669
"11269816","4437 36th St S Apt A1","PAST SALE",NA,NA,"Condo/Co-op","Arlington","VA",22206,385000,1,2,1490,258.389261744966,1490,1940,NA,2.34693374997932
"11272309","3404 25th St S Apt 41","PAST SALE",NA,NA,"Condo/Co-op","Arlington","VA",22206,1e+05,1,1,633,157.977883096366,633,1967,NA,1.79888264934874
"43216439","2200 Westmoreland St N #231","PAST SALE",2017-09-13,2017-08-25,"Condo/Co-op","Arlington","VA",22213,402500,1,1,872,461.582568807339,872,2006,"Sold",0.34899759740303
"11280175","1001 Vermont St N #607","PAST SALE",2017-09-13,2017-08-25,"Condo/Co-op","Arlington","VA",22201,522000,2,2,1186,440.134907251265,1186,2005,"Sold",0.166137914545994
"11246661","900 N Taylor St Apt 1627","PAST SALE",NA,NA,"Condo/Co-op","Arlington","VA",22203,205000,2,2,960,213.541666666667,960,1992,NA,0.112970711974707
"11281285","1021 Garfield St #429","PAST SALE",2017-09-11,2017-08-21,"Condo/Co-op","Arlington","VA",22201,485000,1,1,839,578.069129916567,839,2005,"Sold",0.154018257037243
"11280667","880 Pollard St N #925","PAST SALE",2017-09-08,2017-08-15,"Condo/Co-op","Arlington","VA",22203,510000,2,2,1040,490.384615384615,1040,2000,"Sold",0.223855996838483
"11267687","2429 Walter Reed Dr Unit 17-9","PAST SALE",2017-09-13,2017-08-25,"Condo/Co-op","Arlington","VA",22206,335000,2,1,935,358.288770053476,935,1983,"Sold",2.39498835091665
"11233382","4343 Lee Hwy #305","PAST SALE",2017-09-05,2017-08-09,"Condo/Co-op","Arlington","VA",22207,280000,2,1.5,1000,280,1000,1963,"Sold",1.1099469357528
"11235861","1015 George Mason Dr","PAST SALE",2017-09-20,2017-09-08,"Townhouse","Arlington","VA",22205,740000,2,3.5,2257,327.868852459016,1618,1982,"Sold",0.585343817693473
"11246623","900 Taylor St #1431","PAST SALE",2017-09-22,2017-09-12,"Condo/Co-op","Arlington","VA",22203,105000,1,1,887,118.376550169109,887,1992,"Sold",0.112970711974707
"12040687","2200 N Westmoreland St Unit 231","PAST SALE",NA,NA,"Condo/Co-op","Arlington","VA",22213,402500,1,1,872,461.582568807339,872,2006,NA,0.34899759740303
"11244216","1109 Vernon St","PAST SALE",2017-09-06,2017-08-11,"Townhouse","Arlington","VA",22201,610000,2,2,1400,435.714285714286,620,1984,"Sold",0.271061783423886
"11233485","4201 Lee Hwy #704","PAST SALE",2017-09-14,2017-08-27,"Condo/Co-op","Arlington","VA",22207,225000,1,1,690,326.086956521739,690,1965,"Sold",1.05784861766036
"12040737","2200 N Westmoreland St #417","PAST SALE",2017-09-22,2017-09-12,"Condo/Co-op","Arlington","VA",22213,542000,2,2,1166,464.83704974271,1166,2006,"Sold",0.34899759740303
"11246649","900 Taylor St #1609","PAST SALE",2017-09-22,2017-09-12,"Condo/Co-op","Arlington","VA",22203,97000,1,1,634,152.996845425868,634,1992,"Sold",0.112970711974707
"11233494","4201 Lee Hwy #408","PAST SALE",2017-09-21,2017-09-10,"Condo/Co-op","Arlington","VA",22207,210000,1,1,809,259.579728059333,809,1965,"Sold",1.05784861766036
"11265151","5220 11th St S","PAST SALE",NA,NA,"Single Family Residential","Arlington","VA",22204,515000,2,1.5,1158,444.732297063903,9438,1947,NA,2.14106830048265
"11241400","5933 1st St N","PAST SALE",2017-09-13,2017-08-25,"Single Family Residential","Arlington","VA",22203,6e+05,2,2,1058,567.10775047259,6200,1953,"Sold",1.65372649128091
"11251962","1336 Ode St #3","PAST SALE",2017-09-29,2017-09-26,"Condo/Co-op","Arlington","VA",22209,260000,1,1,758,343.007915567282,758,1947,"Sold",0.485182202252154
"11249870","2100 Lee Hwy #321","PAST SALE",2017-09-06,2017-08-11,"Condo/Co-op","Arlington","VA",22201,340000,1,1,721,471.567267683773,721,1987,"Sold",0.305945623202338
"16898372","1111 19th St N #2001","PAST SALE",2017-09-08,2017-08-15,"Condo/Co-op","Arlington","VA",22209,762000,2,2,947,804.646251319958,947,2008,"Sold",0.151332690091467
"11254048","1021 Arlington Blvd #1026","PAST SALE",2017-09-22,2017-09-12,"Condo/Co-op","Arlington","VA",22209,139000,0,1,383,362.924281984334,383,1955,"Sold",0.312430524849002
"11281556","231 Thomas St #304","PAST SALE",2017-09-29,2017-09-26,"Condo/Co-op","Arlington","VA",22203,370000,2,2,834,443.645083932854,834,2005,"Sold",0.766687620724218
"11273051","2600 16th St S #714","PAST SALE",2017-09-20,2017-09-08,"Townhouse","Arlington","VA",22204,285000,2,1,756,376.984126984127,756,1939,"Sold",1.2988843550743
"11259602","4923 7th Rd S","PAST SALE",NA,NA,"Townhouse","Arlington","VA",22204,452000,2,2.5,1315,343.726235741445,1315,1984,NA,1.54753922218183
"12040926","820 Pollard St #515","PAST SALE",2017-09-19,2017-09-06,"Condo/Co-op","Arlington","VA",22203,430000,1,1,781,550.576184379001,781,2006,"Sold",0.242636373391366
"11267788","4512-C 28th Rd S Unit 11-13","PAST SALE",2017-09-29,2017-09-26,"Condo/Co-op","Arlington","VA",22206,250000,1,1,673,371.47102526003,673,1983,"Sold",2.3253640901527
"11268024","2657 Walter Reed Dr Unit B","PAST SALE",2017-09-29,2017-09-26,"Condo/Co-op","Arlington","VA",22206,330000,2,1,875,377.142857142857,875,1950,"Sold",2.8333191756386
"11269930","4502 34th St S","PAST SALE",2017-09-28,2017-09-24,"Townhouse","Arlington","VA",22206,475000,2,2,1500,316.666666666667,1500,1940,"Sold",2.41094493381815
"11246595","900 Taylor St #1220","PAST SALE",2017-09-06,2017-08-11,"Condo/Co-op","Arlington","VA",22203,230000,2,2,981,234.454638124363,981,1992,"Sold",0.112970711974707
"42516545","1811 14th St N Unit C103","PAST SALE",2017-09-18,2017-09-04,"Condo/Co-op","Arlington","VA",22209,874900,2,2.5,1800,486.055555555556,1800,2010,"Sold",0.304679956980151
"12040904","820 Pollard St N #408","PAST SALE",2017-09-21,2017-09-10,"Condo/Co-op","Arlington","VA",22203,620000,2,2,1242,499.194847020934,1242,2006,"Sold",0.242636373391366
"11281042","1205 Garfield St #405","PAST SALE",2017-09-21,2017-09-10,"Condo/Co-op","Arlington","VA",22201,622500,2,2,965,645.077720207254,965,2005,"Sold",0.0919915245204412
"11250437","1530 Key Blvd #411","PAST SALE",2017-09-26,2017-09-20,"Condo/Co-op","Arlington","VA",22209,465000,1,1,880,528.409090909091,880,1986,"Sold",0.230572691338441
"11249836","2100 Lee Hwy #234","PAST SALE",2017-09-27,2017-09-22,"Condo/Co-op","Arlington","VA",22201,360000,1,1,721,499.306518723994,721,1987,"Sold",0.305945623202338
"11249964","2100 Lee Hwy #517","PAST SALE",2017-09-18,2017-09-04,"Condo/Co-op","Arlington","VA",22201,430000,2,2,1100,390.909090909091,1100,1987,"Sold",0.305945623202338
"11265107","5005 10th St S #6","PAST SALE",2017-09-22,2017-09-12,"Condo/Co-op","Arlington","VA",22204,197000,2,1,835,235.928143712575,835,1947,"Sold",1.94055462122282
"11268789","2930 Buchanan St S Unit A2","PAST SALE",2017-09-22,2017-09-12,"Condo/Co-op","Arlington","VA",22206,402500,1,2,1528,263.416230366492,1528,1944,"Sold",2.74933999287263
"11259174","5101 8th Rd S #414","PAST SALE",2017-09-06,2017-08-11,"Condo/Co-op","Arlington","VA",22204,108000,1,1,789,136.882129277567,789,1961,"Sold",1.69956525000011
"11281671","5224 8th Rd S #3","PAST SALE",2017-09-18,2017-09-04,"Condo/Co-op","Arlington","VA",22204,186000,2,1,763,243.774574049803,763,1948,"Sold",1.80130226540666
"11259552","5001 7th Rd S #202","PAST SALE",2017-09-28,2017-09-24,"Condo/Co-op","Arlington","VA",22204,257000,2,1.5,1063,241.768579492004,1063,1969,"Sold",1.56979383070427
"11863235","1225 Martha Custis Dr #1502","PAST SALE",2017-09-27,2017-09-22,"Condo/Co-op","Alexandria","VA",22302,172500,0,1,489,352.760736196319,489,1980,"Sold",1.7835135345936
"11269200","3079 Buchanan St S Unit B1","PAST SALE",2017-09-29,2017-09-26,"Condo/Co-op","Arlington","VA",22206,350000,2,1,1121,312.221231043711,1121,1944,"Sold",2.68830879742752
"11269452","3346 Wakefield St Unit A2","PAST SALE",2017-09-18,2017-09-04,"Condo/Co-op","Arlington","VA",22206,387500,2,2,1490,260.06711409396,1490,1940,"Sold",2.52198732677914
"11863265","1225 Martha Custis Dr #1612","PAST SALE",2017-09-07,2017-08-13,"Condo/Co-op","Alexandria","VA",22302,222000,1,1,815,272.39263803681,815,1980,"Sold",1.7835135345936
"11271663","2015 Oakland St","PAST SALE",2017-09-08,2017-08-15,"Single Family Residential","Arlington","VA",22204,490000,2,2,870,563.218390804598,5937,1951,"Sold",1.88781981419341
"12040705","2200 Westmoreland St N #317","PAST SALE",2017-09-05,2017-08-09,"Condo/Co-op","Arlington","VA",22213,550000,2,2,1166,471.698113207547,1166,2006,"Sold",0.34899759740303
"9570397","3101 Manchester St #516","PAST SALE",2017-09-15,2017-08-29,"Condo/Co-op","Falls Church","VA",22044,233000,2,2,1067,218.369259606373,1067,1972,"Sold",1.81249201463083
"11245258","1061 Nelson St N","PAST SALE",2017-09-21,2017-09-10,"Townhouse","Arlington","VA",22201,635000,2,2,864,734.953703703704,2629,1938,"Sold",0.222097856750608
"11257396","4141 Henderson Rd #920","PAST SALE",2017-09-18,2017-09-04,"Condo/Co-op","Arlington","VA",22203,255000,1,1,579,440.414507772021,579,1973,"Sold",0.442425141390559
"11281067","1205 Garfield St N #608","PAST SALE",2017-09-07,2017-08-13,"Condo/Co-op","Arlington","VA",22201,649608,2,2,998,650.909819639279,998,2005,"Sold",0.0919915245204412
"9569127","6001 Arlington Blvd #914","PAST SALE",2017-09-27,2017-09-22,"Condo/Co-op","Falls Church","VA",22044,158500,1,1,785,201.910828025478,785,1970,"Sold",1.72963074761444
"13532210","1121 Arlington Blvd #604","PAST SALE",2017-09-08,2017-08-15,"Condo/Co-op","Arlington","VA",22209,145000,1,1,514,282.101167315175,514,1955,"Sold",0.248468777098449
"16898366","1111 19th St N Apt 2008","PAST SALE",NA,NA,"Condo/Co-op","Arlington","VA",22209,837400,2,2,1175,712.68085106383,1175,2008,NA,0.151332690091467
"11279041","1201 Nash St N #402","PAST SALE",2017-09-20,2017-09-08,"Condo/Co-op","Arlington","VA",22209,1380000,2,2.5,2068,667.311411992263,2068,2002,"Sold",0.473746973924413
"11275454","1300 Arlington Ridge Rd #609","PAST SALE",2017-09-11,2017-08-21,"Condo/Co-op","Arlington","VA",22202,234000,1,1,684,342.105263157895,684,1958,"Sold",0.383566877361487
"11274185","1805 Crystal Dr Unit 908S","PAST SALE",2017-09-29,2017-09-26,"Condo/Co-op","Arlington","VA",22202,610000,2,2,1338,455.904334828102,1338,1984,"Sold",0.20097865249946
"11274162","1805 Crystal Dr Unit 803S","PAST SALE",2017-09-07,2017-08-13,"Condo/Co-op","Arlington","VA",22202,330000,1,1,676,488.165680473373,676,1984,"Sold",0.20097865249946
"11863047","1225 Martha Custis Dr #415","PAST SALE",2017-09-15,2017-08-29,"Condo/Co-op","Alexandria","VA",22302,175000,1,1,643,272.161741835148,643,1980,"Sold",1.7835135345936
"11268595","4724 29th St S Unit C2","PAST SALE",2017-09-15,2017-08-29,"Condo/Co-op","Arlington","VA",22206,264900,1,1,711,372.573839662447,711,1944,"Sold",2.68805448126677
"43204072","2819-E Woodrow St S Unit E","PAST SALE",2017-09-19,2017-09-06,"Condo/Co-op","Arlington","VA",22206,385000,2,2,1078,357.142857142857,1078,1982,"Sold",2.51837079099178
"81825643","2420 Walter Reed Dr #1","PAST SALE",2017-09-21,2017-09-10,"Townhouse","Arlington","VA",22206,580000,2,3.5,1836,315.904139433551,1836,1979,"Sold",2.46721483787347
"11269666","4225 32nd Rd S","PAST SALE",2017-09-21,2017-09-10,"Townhouse","Arlington","VA",22206,495000,2,2,1500,330,1500,1940,"Sold",2.32985013978843
"11261281","813 Quincy St S","PAST SALE",2017-09-21,2017-09-10,"Single Family Residential","Arlington","VA",22204,450000,2,1,828,543.478260869565,6031,1957,"Sold",1.45668356708255
"43105003","1605 Hayes St Unit A","PAST SALE",2017-09-22,2017-09-12,"Townhouse","Arlington","VA",22202,523000,2,1.5,1232,424.512987012987,1232,1979,"Sold",0.244882837130386
"11262062","3617 1st Rd S","PAST SALE",2017-09-15,2017-08-29,"Townhouse","Arlington","VA",22204,577000,2,2.5,1152,500.868055555556,2553,1940,"Sold",0.978567874760852
"43304508","3534 Wakefield St S","PAST SALE",2017-09-27,2017-09-22,"Townhouse","Arlington","VA",22206,480000,2,2,1500,320,1500,1940,"Sold",2.46506963010178
"11282054","4500 Four Mile Run Dr #926","PAST SALE",2017-09-26,2017-09-20,"Condo/Co-op","Arlington","VA",22204,325000,2,2,1150,282.608695652174,1150,2005,"Sold",1.94593548141539
"42465308","2513 Arlington Blvd #101","PAST SALE",2017-09-28,2017-09-24,"Condo/Co-op","Arlington","VA",22201,25500,1,1,642,39.7196261682243,642,1943,"Sold",0.991202529946946
"11268045","2667 Walter Reed Dr Unit D","PAST SALE",2017-09-29,2017-09-26,"Condo/Co-op","Arlington","VA",22206,314900,2,1,800,393.625,800,1950,"Sold",2.80562053583682
"16896758","3650 Glebe Rd #1047","PAST SALE",2017-09-29,2017-09-26,"Condo/Co-op","Arlington","VA",22202,350000,1,1,669,523.168908819133,669,2007,"Sold",0.76083160625039
"11266718","2819 S Woodrow St #5","PAST SALE",NA,NA,"Condo/Co-op","Arlington","VA",22206,385000,2,2,1078,357.142857142857,1078,1982,NA,2.51837079099178
"9568675","6001 Arlington Blvd Unit T21","PAST SALE",2017-09-07,2017-08-13,"Condo/Co-op","Falls Church","VA",22044,180000,2,1,980,183.673469387755,980,1970,"Sold",1.72963074761444
"11260776","3601 5th St S Apt 110","PAST SALE",NA,NA,"Condo/Co-op","Arlington","VA",22204,225000,2,1,966,232.919254658385,966,1958,NA,1.14081855060743
"11272721","1830 Columbia Pike #509","PAST SALE",2017-09-20,2017-09-08,"Condo/Co-op","Arlington","VA",22204,169000,0,1,530,318.867924528302,530,1964,"Sold",0.867205291407525
"11233175","2113 Monroe St Unit B","PAST SALE",2017-09-22,2017-09-12,"Townhouse","Arlington","VA",22207,459000,2,2.5,1152,398.4375,1152,1981,"Sold",0.806586939652124
"11233476","4201 Lee Hwy #605","PAST SALE",2017-09-08,2017-08-15,"Condo/Co-op","Arlington","VA",22207,260000,1,1,809,321.384425216316,809,1965,"Sold",1.05784861766036
"11244660","1050 Stuart St #103","PAST SALE",2017-09-21,2017-09-10,"Condo/Co-op","Arlington","VA",22201,390000,1,1,754,517.241379310345,754,1995,"Sold",0.115221656046807
"11281401","1021 Garfield St #702","PAST SALE",2017-09-25,2017-09-18,"Condo/Co-op","Arlington","VA",22201,479900,1,1,746,643.297587131367,746,2005,"Sold",0.154018257037243
"11281302","1021 Garfield St #446","PAST SALE",2017-09-27,2017-09-22,"Condo/Co-op","Arlington","VA",22201,471000,1,1,746,631.367292225201,746,2005,"Sold",0.154018257037243
"11272715","1830 Columbia Pike #503","PAST SALE",2017-09-28,2017-09-24,"Condo/Co-op","Arlington","VA",22204,180000,1,1,770,233.766233766234,770,1964,"Sold",0.867205291407525
"11281675","5224 8th Rd S #7","PAST SALE",2017-09-28,2017-09-24,"Condo/Co-op","Arlington","VA",22204,149900,1,1,610,245.737704918033,610,1948,"Sold",1.80130226540666
"11234926","2026-N Vermont St #101","PAST SALE",2017-09-18,2017-09-04,"Condo/Co-op","Arlington","VA",22207,230000,2,1,674,341.246290801187,674,1953,"Sold",1.07497112075397
"11281041","1205 Garfield St #404","PAST SALE",2017-09-20,2017-09-08,"Condo/Co-op","Arlington","VA",22201,625000,2,2,1024,610.3515625,1024,2005,"Sold",0.0919915245204412
"16898144","1600 Clarendon Blvd Unit W202","PAST SALE",2017-09-21,2017-09-10,"Condo/Co-op","Arlington","VA",22209,690000,1,2,1017,678.466076696165,1017,2007,"Sold",0.376880670960403
"11233684","2027 N Taylor St","PAST SALE",NA,NA,"Single Family Residential","Arlington","VA",22207,745000,1,2.5,1209,616.211745244003,9375,1951,NA,0.961267864518272
"11255664","122 N Bedford St Unit B","PAST SALE",NA,NA,"Condo/Co-op","Arlington","VA",22201,370000,2,1.5,1224,302.287581699346,1224,1983,NA,0.896507986763869
"11279826","1200 Hartford St #610","PAST SALE",2017-09-28,2017-09-24,"Condo/Co-op","Arlington","VA",22201,417000,1,1,650,641.538461538462,650,2003,"Sold",0.0756429071871638
"12041031","1800 Wilson Blvd #125","PAST SALE",2017-09-26,2017-09-20,"Condo/Co-op","Arlington","VA",22201,413500,1,1,699,591.559370529328,699,2007,"Sold",0.33877756756334
"11252101","1200 Nash St #543","PAST SALE",2017-09-26,2017-09-20,"Condo/Co-op","Arlington","VA",22209,659000,1,1,1058,622.873345935728,1058,1964,"Sold",0.527082315108086
"11250526","1530 Key Blvd #722","PAST SALE",2017-09-27,2017-09-22,"Condo/Co-op","Arlington","VA",22209,662500,2,2,1230,538.617886178862,1230,1986,"Sold",0.230572691338441
"28454905","1050 Taylor St Unit 1-113","PAST SALE",2017-09-27,2017-09-22,"Condo/Co-op","Arlington","VA",22201,480000,2,2,1057,454.115421002838,1057,1994,"Sold",0.130915406973564
"12041358","2001 15th St N #1210","PAST SALE",2017-09-28,2017-09-24,"Condo/Co-op","Arlington","VA",22201,7e+05,2,2,1060,660.377358490566,1060,2006,"Sold",0.166930326035595
"16897699","1615 Queen St Unit M307","PAST SALE",2017-09-28,2017-09-24,"Condo/Co-op","Arlington","VA",22209,1100000,2,2,1652,665.859564164649,1652,2007,"Sold",0.409562805945143
"11247039","2030 Adams St #1404","PAST SALE",2017-09-28,2017-09-24,"Condo/Co-op","Arlington","VA",22201,245000,1,1,720,340.277777777778,720,1964,"Sold",0.491297792355984
"11246525","900 Taylor St #905","PAST SALE",2017-09-28,2017-09-24,"Condo/Co-op","Arlington","VA",22203,357681,2,2,1423,251.356992269852,1423,1992,"Sold",0.112970711974707
"42422543","1050 Taylor St N #601","PAST SALE",2017-09-29,2017-09-26,"Condo/Co-op","Arlington","VA",22201,475000,2,2,892,532.511210762332,892,1994,"Sold",0.130915406973564
"12040865","820 Pollard St #104","PAST SALE",2017-09-18,2017-09-04,"Condo/Co-op","Arlington","VA",22203,384900,1,1,757,508.454425363276,757,2006,"Sold",0.242636373391366
"11251521","1210 Taft St N #510","PAST SALE",2017-09-20,2017-09-08,"Condo/Co-op","Arlington","VA",22201,290000,1,1,750,386.666666666667,750,1959,"Sold",0.291949327113031
"11246720","900 Taylor St #1926","PAST SALE",2017-09-15,2017-08-29,"Condo/Co-op","Arlington","VA",22203,160000,1,1,897,178.372352285396,897,1992,"Sold",0.112970711974707
"11281310","1021 Garfield St N #506","PAST SALE",2017-09-15,2017-08-29,"Condo/Co-op","Arlington","VA",22201,365000,0,1,637,572.998430141287,637,2005,"Sold",0.154018257037243
"11281978","4500 Four Mile Run Dr S #718","PAST SALE",2017-09-22,2017-09-12,"Condo/Co-op","Arlington","VA",22204,319000,2,2,1129,282.550930026572,1129,2005,"Sold",1.94593548141539
"43596594","3650 Glebe Rd #651","PAST SALE",2017-09-22,2017-09-12,"Condo/Co-op","Arlington","VA",22202,595000,2,2,1252,475.239616613419,1252,2007,"Sold",0.76083160625039
"11267503","2909-E Woodley St #5","PAST SALE",2017-09-27,2017-09-22,"Condo/Co-op","Arlington","VA",22206,302000,1,1,748,403.743315508021,748,1983,"Sold",2.44636029195784
"11281919","4500 Four Mile Run Dr S #527","PAST SALE",2017-09-28,2017-09-24,"Condo/Co-op","Arlington","VA",22204,250000,1,1,856,292.056074766355,856,2005,"Sold",1.94593548141539
"11269927","4508 34th St S","PAST SALE",2017-09-28,2017-09-24,"Townhouse","Arlington","VA",22206,505000,2,2,1500,336.666666666667,1500,1940,"Sold",2.40743686955673
"11281914","4500 Four Mile Run Dr S #522","PAST SALE",2017-09-15,2017-08-29,"Condo/Co-op","Arlington","VA",22204,233500,1,1,856,272.780373831776,856,2005,"Sold",1.94593548141539
"11266934","4619 28th Rd S Unit B","PAST SALE",2017-09-19,2017-09-06,"Townhouse","Arlington","VA",22206,320000,2,1,875,365.714285714286,875,1950,"Sold",2.49054783427714
"28547439","2050 Calvert St #408","PAST SALE",2017-09-13,2017-08-25,"Condo/Co-op","Arlington","VA",22201,362000,2,1,796,454.773869346734,796,1987,"Sold",0.608956724455969
"11264992","5012 Columbia Pike #4","PAST SALE",2017-09-15,2017-08-29,"Condo/Co-op","Arlington","VA",22204,137000,1,1,690,198.550724637681,690,1947,"Sold",1.8561955293966
"11281133","1021 Garfield St N #114","PAST SALE",2017-09-06,2017-08-11,"Condo/Co-op","Arlington","VA",22201,510000,1,1,873,584.192439862543,873,2005,"Sold",0.154018257037243
"11281142","1021 Garfield St #129","PAST SALE",2017-09-07,2017-08-13,"Condo/Co-op","Arlington","VA",22201,480000,1,1,839,572.109654350417,839,2005,"Sold",0.154018257037243
"11270388","4309 35th St S","PAST SALE",2017-09-05,2017-08-09,"Townhouse","Arlington","VA",22206,479000,2,2,1500,319.333333333333,1500,1940,"Sold",2.24624406004946
"11275475","1300 Arlington Ridge Rd #714","PAST SALE",2017-09-06,2017-08-11,"Condo/Co-op","Arlington","VA",22202,236000,1,1,735,321.08843537415,735,1958,"Sold",0.383566877361487
"11234829","1927 Woodley St","PAST SALE",2017-09-27,2017-09-22,"Townhouse","Arlington","VA",22207,758500,3,3,2062,367.846750727449,1694,1974,"Sold",1.06795352564465
"11244422","1111 Utah St N","PAST SALE",2017-09-28,2017-09-24,"Townhouse","Arlington","VA",22201,845000,3,3.5,1788,472.595078299776,905,1993,"Sold",0.21595861718001
"11247484","3174 21st St N","PAST SALE",NA,NA,"Single Family Residential","Arlington","VA",22201,1e+06,3,2.5,1881,531.632110579479,7886,1937,NA,0.492474141978982
"11233747","1803 Stafford St","PAST SALE",2017-09-06,2017-08-11,"Single Family Residential","Arlington","VA",22207,1559000,5,8.5,3503,445.047102483585,9642,2005,"Sold",0.762158221746004
"11232436","4202 25th St N","PAST SALE",2017-09-13,2017-08-25,"Single Family Residential","Arlington","VA",22207,920000,4,3,2400,383.333333333333,6522,1939,"Sold",1.5545744721354
"11268486","2829 Buchanan St S Unit A1","PAST SALE",2017-09-05,2017-08-09,"Townhouse","Arlington","VA",22206,495000,3,2,1860,266.129032258065,1860,1944,"Sold",2.67672685655268
"11275566","728 15th St S #2","PAST SALE",2017-09-21,2017-09-10,"Townhouse","Arlington","VA",22202,523300,3,2.5,1400,373.785714285714,1400,1980,"Sold",0.223802388829605
"11247785","3174 20th St N","PAST SALE",2017-09-14,2017-08-27,"Single Family Residential","Arlington","VA",22201,1225000,4,3.5,1872,654.380341880342,7080,1939,"Sold",0.445453082496555
"11262235","3362 2nd St S","PAST SALE",NA,NA,"Townhouse","Arlington","VA",22204,621500,3,3,1836,338.507625272331,1836,1981,NA,1.07323101721981
"14033619","1316 S Rolfe St","PAST SALE",2017-09-19,2017-09-06,"Townhouse","Arlington","VA",22204,749900,3,3,2250,333.288888888889,2250,2017,"Sold",0.783984718599927
"11233037","3638 Vacation Ln","PAST SALE",2017-09-05,2017-08-09,"Single Family Residential","Arlington","VA",22207,875000,4,3,1731,505.488157134604,8803,1948,"Sold",0.989156113999434
"11226226","6943 N Four Mile Run Dr","PAST SALE",NA,NA,"Townhouse","Arlington","VA",22213,585000,2,1.5,1040,562.5,2817,1953,NA,0.581824134558603
"11243761","4700 2nd St N","PAST SALE",2017-09-06,2017-08-11,"Single Family Residential","Arlington","VA",22203,635000,3,2,1716,370.04662004662,6250,1941,"Sold",0.86170533421182
"11225365","2628 Sycamore St N","PAST SALE",2017-09-05,2017-08-09,"Single Family Residential","Arlington","VA",22207,625000,3,1,1092,572.344322344322,7246,1951,"Sold",0.728815756632564
"11275981","614 19th St S","PAST SALE",2017-09-13,2017-08-25,"Single Family Residential","Arlington","VA",22202,902000,4,3,1760,512.5,5750,1925,"Sold",0.284026491619794
"11241947","900 Harrison St","PAST SALE",2017-09-12,2017-08-23,"Single Family Residential","Arlington","VA",22205,1456500,5,4,1745,834.670487106017,14562,1950,"Sold",0.900600416590177
"11234692","4716 20th Pl N","PAST SALE",2017-09-07,2017-08-13,"Townhouse","Arlington","VA",22207,745000,4,2.5,1988,374.748490945674,1636,1969,"Sold",1.09427070131775
"11232411","2445 Taylor St N","PAST SALE",2017-09-06,2017-08-11,"Single Family Residential","Arlington","VA",22207,785000,3,3,2231,351.860152398028,10032,1948,"Sold",1.56404997780013
"11229081","4906 36th St N","PAST SALE",2017-09-19,2017-09-06,"Single Family Residential","Arlington","VA",22207,855000,3,3,2680,319.029850746269,11244,1961,"Sold",2.28887524288445
"11242489","625 Emerson St","PAST SALE",2017-09-14,2017-08-27,"Single Family Residential","Arlington","VA",22203,850000,4,3,2223,382.366171839856,6002,1940,"Sold",0.67985433963405
"11224984","2830 Trinidad St N","PAST SALE",2017-09-08,2017-08-15,"Single Family Residential","Arlington","VA",22213,1680000,5,4.5,6052,277.594183740912,10001,2016,"Sold",0.792716826217278
"16898018","1159 Ivanhoe St N","PAST SALE",2017-09-14,2017-08-27,"Single Family Residential","Arlington","VA",22205,1450000,5,4.5,4393,330.070566810835,6585,2008,"Sold",1.11826257459571
"11229740","4400 35th St N","PAST SALE",2017-09-15,2017-08-29,"Single Family Residential","Arlington","VA",22207,1525000,5,5.5,7318,208.390270565728,12220,2007,"Sold",2.45608640536723
"11232472","2642 Robert Walker Pl","PAST SALE",NA,NA,"Single Family Residential","Arlington","VA",22207,790000,3,3,1664,474.759615384615,10062,1962,NA,1.59492037013002
"11240623","1075 Montana St N","PAST SALE",2017-09-21,2017-09-10,"Single Family Residential","Arlington","VA",22205,880000,4,3,2712,324.483775811209,5524,1945,"Sold",0.73198522272732
"11230757","3831 36th Rd N","PAST SALE",2017-09-15,2017-08-29,"Single Family Residential","Arlington","VA",22207,885000,4,3,2728,324.41348973607,18509,1960,"Sold",2.62883208900841
"11240393","1000 Powhatan St N","PAST SALE",2017-09-20,2017-09-08,"Single Family Residential","Arlington","VA",22205,833000,3,2.5,1125,740.444444444444,6000,1950,"Sold",0.62266941833987
"16898049","1111 19th St N #3003","PAST SALE",2017-09-29,2017-09-26,"Condo/Co-op","Arlington","VA",22209,2395000,3,3.5,2370,1010.54852320675,2370,2008,"Sold",0.151332690091467
"11243428","240 Greenbrier St N","PAST SALE",2017-09-29,2017-09-26,"Single Family Residential","Arlington","VA",22203,673250,3,2,1050,641.190476190476,6050,1941,"Sold",0.974767705427168
"11256762","3521 3rd St N","PAST SALE",2017-09-28,2017-09-24,"Single Family Residential","Arlington","VA",22201,1125000,4,3,3098,363.137508069722,8656,1936,"Sold",0.523880629613399
"9415781","4024 Stuart St N","PAST SALE",2017-09-22,2017-09-12,"Single Family Residential","Arlington","VA",22207,2900000,7,8.5,8364,346.724055475849,13151,2017,"Sold",3.12418006772761
"11225956","2428 Potomac St","PAST SALE",2017-09-22,2017-09-12,"Single Family Residential","Arlington","VA",22207,1900000,6,6.5,6492,292.667898952557,12457,2017,"Sold",0.613214089133094
"11242554","646 Florida St N","PAST SALE",2017-09-08,2017-08-15,"Single Family Residential","Arlington","VA",22205,1412000,5,4.5,4501,313.708064874472,6600,2017,"Sold",0.799669819745489
"11248217","1506 Garfield St","PAST SALE",2017-09-16,2017-08-31,"Single Family Residential","Arlington","VA",22201,1350000,4,2,1712,788.551401869159,8907,1913,"Sold",0.135899104795801
"11230655","3620 Piedmont St N","PAST SALE",2017-09-22,2017-09-12,"Single Family Residential","Arlington","VA",22207,1085000,4,4,2868,378.312412831241,12417,1956,"Sold",2.51290651258475
"11229824","4351 26th St N","PAST SALE",NA,NA,"Single Family Residential","Arlington","VA",22207,865000,NA,3,2050,421.951219512195,14459,1951,NA,1.9284626969666
"11232674","2320 Vermont St N","PAST SALE",2017-09-25,2017-09-18,"Single Family Residential","Arlington","VA",22207,9e+05,4,2.5,2800,321.428571428571,8000,1985,"Sold",1.42390209293677
"11235994","2317 Edison St N","PAST SALE",2017-09-27,2017-09-22,"Single Family Residential","Arlington","VA",22207,815000,4,2,1704,478.286384976526,6192,1947,"Sold",1.49115214608316
"11229112","4786 Williamsburg Blvd","PAST SALE",2017-09-27,2017-09-22,"Single Family Residential","Arlington","VA",22207,1099000,4,3,2437,450.964300369306,10000,1966,"Sold",2.19197873868221
"11234545","4800 21st St N","PAST SALE",2017-09-28,2017-09-24,"Townhouse","Arlington","VA",22207,619900,3,2.5,1250,495.92,3505,1960,"Sold",1.10717911638239
"11279131","2066 Oakland St N","PAST SALE",2017-09-21,2017-09-10,"Townhouse","Arlington","VA",22207,893000,3,2.5,3044,293.363994743758,1133,2004,"Sold",0.85627551737484
"11273776","3011 13th St S","PAST SALE",2017-09-05,2017-08-09,"Single Family Residential","Arlington","VA",22204,575000,3,1.5,1472,390.625,2320,1930,"Sold",1.51517195415174
"11265800","2221 Dinwiddie St","PAST SALE",2017-09-22,2017-09-12,"Single Family Residential","Arlington","VA",22206,565000,3,1,1152,490.451388888889,6783,1947,"Sold",2.6098804649365
"11259626","744 Granada St","PAST SALE",2017-09-07,2017-08-13,"Townhouse","Arlington","VA",22204,569500,3,3,1892,301.00422832981,1320,1989,"Sold",1.69760417283855
"11228077","2412 Greenbrier Ct N","PAST SALE",2017-09-06,2017-08-11,"Townhouse","Arlington","VA",22207,659500,3,3.5,2169,304.057169202397,771,1999,"Sold",1.32461337926212
"11272264","2509 Kenwood St","PAST SALE",2017-09-21,2017-09-10,"Single Family Residential","Arlington","VA",22206,784000,5,4.5,3100,252.903225806452,6108,2017,"Sold",1.73067686852729
"11263698","1313 Quincy St S","PAST SALE",2017-09-14,2017-08-27,"Single Family Residential","Arlington","VA",22204,602800,3,1.5,1275,472.78431372549,8916,1948,"Sold",1.84094520797152
"11264387","1904 Randolph St","PAST SALE",2017-09-11,2017-08-21,"Single Family Residential","Arlington","VA",22204,397000,4,3,1020,389.21568627451,5000,1942,"Sold",2.14219717472333
"11246892","1967 Adams St N","PAST SALE",2017-09-12,2017-08-23,"Townhouse","Arlington","VA",22201,824000,3,3.5,1956,421.267893660532,1002,1993,"Sold",0.385044806444899
"11265914","2416 Culpeper St S","PAST SALE",2017-09-07,2017-08-13,"Single Family Residential","Arlington","VA",22206,665000,4,2,1326,501.508295625943,10024,1947,"Sold",2.65880704715898
"11235927","4901 11th St N","PAST SALE",2017-09-12,2017-08-23,"Single Family Residential","Arlington","VA",22205,1e+06,4,3.5,4137,241.721053903795,9676,1941,"Sold",0.589794823998226
"11241807","908 Lexington St","PAST SALE",2017-09-08,2017-08-15,"Single Family Residential","Arlington","VA",22205,1412000,5,4.5,4845,291.434468524252,6075,2017,"Sold",1.24568571560049
"11238432","5924 Washington Blvd","PAST SALE",2017-09-21,2017-09-10,"Single Family Residential","Arlington","VA",22205,750000,3,2,3990,187.96992481203,10500,1932,"Sold",0.71313216290055
"11279135","2080 Oakland St N","PAST SALE",2017-09-25,2017-09-18,"Townhouse","Arlington","VA",22207,898000,3,2.5,2414,371.996685998343,1112,2004,"Sold",0.875417029202149
"11241817","5714 9th Rd N","PAST SALE",2017-09-21,2017-09-10,"Single Family Residential","Arlington","VA",22205,770000,3,3,2736,281.432748538012,5508,1950,"Sold",1.19458021567039
"11258517","5919 1st St S","PAST SALE",2017-09-22,2017-09-12,"Single Family Residential","Arlington","VA",22204,730000,4,2,2305,316.702819956616,7000,1951,"Sold",1.65183963858833
"11226025","2416 Quantico St","PAST SALE",2017-09-28,2017-09-24,"Single Family Residential","Arlington","VA",22207,690000,3,2,2176,317.095588235294,6000,1951,"Sold",0.578217494144032
"9847501","6125 Old Dominion Dr","PAST SALE",2017-09-28,2017-09-24,"Single Family Residential","Mclean","VA",22101,1700000,5,5,4485,379.041248606466,43608,2001,"Sold",2.049138915205
"11226553",NA,"PAST SALE",2017-09-27,2017-09-22,"Single Family Residential","Arlington","VA",22207,925000,3,4,1833,504.637206764866,11036,1955,"Sold",1.60189002562406
"11226017","6316 26th St N","PAST SALE",2017-09-29,2017-09-26,"Single Family Residential","Arlington","VA",22207,822000,3,2.5,2082,394.812680115274,6000,1951,"Sold",0.617644153879559
"11229652","4659 34th St N","PAST SALE",NA,NA,"Single Family Residential","Arlington","VA",22207,1100100,3,2.5,1802,610.488346281909,17229,1954,NA,2.3649242032487
"11276724","1110 18th St S","PAST SALE",2017-09-21,2017-09-10,"Single Family Residential","Arlington","VA",22202,1225000,5,3.5,3840,319.010416666667,5339,2008,"Sold",0.536669239371587
"28681802","2527 Kenmore Ct","PAST SALE",2017-09-07,2017-08-13,"Townhouse","Arlington","VA",22206,790000,4,3.5,2496,316.50641025641,1406,2010,"Sold",1.78349959502581
"11261592","3942 9th Rd S","PAST SALE",2017-09-21,2017-09-10,"Townhouse","Arlington","VA",22204,462500,3,2.5,1588,291.24685138539,1588,1986,"Sold",1.58595356408845
"11277637","2353 Meade St S","PAST SALE",2017-09-15,2017-08-29,"Single Family Residential","Arlington","VA",22202,960000,5,3.5,3550,270.422535211268,7700,1936,"Sold",0.93653724696112
"11271502","1924 Langley St","PAST SALE",2017-09-23,2017-09-14,"Single Family Residential","Arlington","VA",22204,520000,3,2,1580,329.113924050633,3288,1961,"Sold",1.72282890889896
"18395475","969 Randolph St S","PAST SALE",2017-09-26,2017-09-20,"Townhouse","Arlington","VA",22204,585000,3,2.5,2344,249.57337883959,1331,2006,"Sold",1.61325399619263
"09522279","829 Utah St S","PAST SALE",2017-09-27,2017-09-22,"Single Family Residential","Arlington","VA",22204,1350150,5,5.5,4446,303.677462887989,8746,2017,"Sold",1.5682742302561
"11260954","3923 7th St S","PAST SALE",2017-09-28,2017-09-24,"Single Family Residential","Arlington","VA",22204,665000,3,2,1830,363.387978142077,8246,1939,"Sold",1.31411826881454
"11277050","3020 Hill St","PAST SALE",2017-09-28,2017-09-24,"Single Family Residential","Arlington","VA",22202,7e+05,4,3,1992,351.40562248996,6028,1960,"Sold",0.999086015279708
"11277807","2840 Meade St","PAST SALE",2017-09-28,2017-09-24,"Townhouse","Arlington","VA",22206,397050,3,2,1335,297.415730337079,1335,1983,"Sold",1.33957663786898
"09522288","825 Utah St S","PAST SALE",2017-09-27,2017-09-22,"Single Family Residential","Arlington","VA",22204,1438945,5,5.5,4956,290.344027441485,7950,2017,"Sold",1.54415502032224
"11239177","2224 Tuckahoe St N","PAST SALE",2017-09-07,2017-08-13,"Townhouse","Arlington","VA",22205,795000,3,3.5,2400,331.25,1927,1980,"Sold",0.243089593651643
"09522363","5731 28th St N","PAST SALE",2017-09-20,2017-09-08,"Single Family Residential","Arlington","VA",22207,1639425,5,5,5776,283.833968144044,8342,2017,"Sold",1.12505765924089
"82079038","4923 7th Rd S #4923","PAST SALE",2017-09-15,2017-08-29,"Townhouse","Arlington","VA",22204,452000,3,3,1315,343.726235741445,1315,1984,"Sold",1.54753922218183
"14033466","6812 31st St N","PAST SALE",2017-09-22,2017-09-12,"Single Family Residential","Arlington","VA",22213,1750000,6,5.5,6216,281.531531531532,11090,2017,"Sold",0.981201202355031
"11236467","2314 Harrison St N","PAST SALE",2017-09-15,2017-08-29,"Single Family Residential","Arlington","VA",22205,1090000,4,3.5,3528,308.956916099773,6764,1951,"Sold",1.25935247015996
"11238877","6204 22nd Rd N","PAST SALE",2017-09-11,2017-08-21,"Single Family Residential","Arlington","VA",22205,795000,4,2,1762,451.191827468785,6350,1958,"Sold",0.469614048112555
"14093517","2815-B 16th Rd S Unit 2815B","PAST SALE",2017-09-22,2017-09-12,"Townhouse","Arlington","VA",22204,3e+05,3,1,962,311.850311850312,962,1947,"Sold",1.44784215694602
"11225957","2424 Potomac St N","PAST SALE",2017-09-22,2017-09-12,"Single Family Residential","Arlington","VA",22207,1908261,6,6.5,6492,293.940388170055,12457,2017,"Sold",0.602033191176362
"11263820","3723 16th St S","PAST SALE",2017-09-22,2017-09-12,"Single Family Residential","Arlington","VA",22204,970000,5,3,2725,355.963302752294,10641,1941,"Sold",1.90352848476691
"11228329","3625 Lancaster St","PAST SALE",2017-09-22,2017-09-12,"Single Family Residential","Arlington","VA",22207,975000,5,4,3689,264.299268094335,16406,1966,"Sold",1.56830853218974
"11263375","824 S Courthouse Rd","PAST SALE",2017-09-27,2017-09-22,"Single Family Residential","Arlington","VA",22204,876000,4,3,2080,421.153846153846,10800,1937,"Sold",1.13856040491223
"11278114","901 Monroe St N #1001","PAST SALE",2017-09-26,2017-09-20,"Condo/Co-op","Arlington","VA",22201,825000,3,2,1404,587.606837606838,1404,1998,"Sold",0.0498637838752491
"11240972","879 Lebanon St","PAST SALE",2017-09-28,2017-09-24,"Single Family Residential","Arlington","VA",22205,659000,3,2,1700,387.647058823529,6366,1947,"Sold",1.08936820943941
"11234080","1901 N Oakland St","PAST SALE",NA,NA,"Single Family Residential","Arlington","VA",22207,750000,4,2,2430,308.641975308642,7693,1923,NA,0.754136726150865
"11263068","800 Ivy St","PAST SALE",2017-09-29,2017-09-26,"Single Family Residential","Arlington","VA",22204,676000,3,2,1315,514.068441064639,4578,1941,"Sold",1.38339018995008
"11230528","4048 Aberdeen St","PAST SALE",2017-09-25,2017-09-18,"Single Family Residential","Arlington","VA",22207,1414000,5,4.5,5630,251.154529307282,10260,1979,"Sold",2.59693464625633
"11238872","6219 22nd Rd N","PAST SALE",2017-09-27,2017-09-22,"Single Family Residential","Arlington","VA",22205,860000,5,3,2357,364.870598218074,8092,1958,"Sold",0.470117294517436
"11237039","5138 16th St N","PAST SALE",2017-09-27,2017-09-22,"Single Family Residential","Arlington","VA",22205,660000,3,2.5,2632,250.759878419453,12095,1953,"Sold",0.932225879665507
"11224748","6614 32nd St N","PAST SALE",2017-09-29,2017-09-26,"Single Family Residential","Arlington","VA",22213,1675000,6,4.5,5108,327.916992952232,14585,2009,"Sold",1.00979611858782
"11225202","2807 John Marshall Dr","PAST SALE",2017-09-29,2017-09-26,"Single Family Residential","Arlington","VA",22207,901000,5,3,2288,393.793706293706,9640,1951,"Sold",1.07653501277931
"11246854","1916 Wayne St N","PAST SALE",2017-09-19,2017-09-06,"Single Family Residential","Arlington","VA",22201,1050000,4,3.5,1897,553.505535055351,5053,1924,"Sold",0.36610137135334
"43715873","2500-C Arlington Mill Dr #3","PAST SALE",2017-09-26,2017-09-20,"Townhouse","Arlington","VA",22206,585000,3,3.5,1790,326.815642458101,1790,1982,"Sold",2.33380208126781
"11243572","21 Greenbrier St N","PAST SALE",2017-09-27,2017-09-22,"Single Family Residential","Arlington","VA",22203,685000,3,1,1440,475.694444444444,7121,1941,"Sold",1.15644196172415
"11273772","3008 12th St S","PAST SALE",2017-09-29,2017-09-26,"Single Family Residential","Arlington","VA",22204,1177985,5,4.5,4056,290.430226824458,6367,2017,"Sold",1.50450651483554
"16897058","4145 Four Mile Run Dr Unit B","PAST SALE",2017-09-29,2017-09-26,"Townhouse","Arlington","VA",22204,460000,3,2.5,1356,339.233038348083,1356,1966,"Sold",2.25688960587704
"11236874","5520 18th Rd N","PAST SALE",2017-09-06,2017-08-11,"Single Family Residential","Arlington","VA",22205,870000,3,3.5,2578,337.470907680372,10120,1952,"Sold",1.17066036291844
"22101707","5716 5th St N","PAST SALE",2017-09-29,2017-09-26,"Single Family Residential","Arlington","VA",22205,975000,4,3.5,2748,354.803493449782,5272,2009,"Sold",1.21457470537318
"11240896","5919 10th Rd N","PAST SALE",2017-09-06,2017-08-11,"Single Family Residential","Arlington","VA",22205,775000,3,2.5,1550,500,7840,1947,"Sold",1.01360303634877
"29808296","5500 Friendship Blvd Unit 820N","PAST SALE",2017-09-06,2017-08-11,"Condo/Co-op","Chevy Chase","MD",20815,256000,0,1,500,512,500,1982,"Sold",0.249490202761036
"10690159","5101 River Rd #815","PAST SALE",2017-09-21,2017-09-10,"Condo/Co-op","Bethesda","MD",20816,329999,2,2,1336,247.005239520958,1336,1980,"Sold",0.868514377308346
"10694366","5500 Friendship Blvd Unit 1826N","PAST SALE",2017-09-26,2017-09-20,"Condo/Co-op","Chevy Chase","MD",20815,258000,1,1.5,1030,250.485436893204,1030,1982,"Sold",0.249490202761036
"10912582","7501 Democracy Blvd Unit B-223","PAST SALE",2017-09-11,2017-08-21,"Condo/Co-op","Bethesda","MD",20817,215000,2,1,1152,186.631944444444,1152,1973,"Sold",2.67653363002092
"10914190","7401 Westlake Ter #1406","PAST SALE",2017-09-12,2017-08-23,"Condo/Co-op","Bethesda","MD",20817,190000,1,1,841,225.921521997622,841,1983,"Sold",2.51509889709112
"43703061","5500 Friendship Blvd Unit 1524N","PAST SALE",2017-09-05,2017-08-09,"Condo/Co-op","Chevy Chase","MD",20815,225000,0,1,456,493.421052631579,456,1982,"Sold",0.249490202761036
"43070653","4601 Park Ave Unit 409-J","PAST SALE",2017-09-08,2017-08-15,"Condo/Co-op","Chevy Chase","MD",20815,255000,1,1,923,276.273022751896,923,1975,"Sold",0.368190761767038
"10682061","4924 Sentinel Dr Unit 2-404","PAST SALE",NA,NA,"Condo/Co-op","Bethesda","MD",20816,412000,NA,NA,1410,292.198581560284,1410,1973,NA,1.80690387819278
"11760142","7500 Woodmont Ave Unit S409","PAST SALE",2017-09-07,2017-08-13,"Condo/Co-op","Bethesda","MD",20814,335000,1,1,535,626.168224299065,535,2007,"Sold",0.0516696281413244
"10687291","5009 Greenway Dr","PAST SALE",2017-09-06,2017-08-11,"Single Family Residential","Bethesda","MD",20816,739000,2,2,1506,490.70385126162,6000,1923,"Sold",0.768581853238894
"10535901","10600 Weymouth St Unit W-103","PAST SALE",NA,NA,"Condo/Co-op","Bethesda","MD",20814,245000,0,1,1077,227.483751160631,1077,1981,NA,0.52675055371307
"13897734","4601 Park Ave Unit 720-V","PAST SALE",2017-09-29,2017-09-26,"Condo/Co-op","Chevy Chase","MD",20815,262000,1,1.5,967,270.941054808687,967,1975,"Sold",0.368195190351258
"11211029","4801 Fairmont Ave #812","PAST SALE",2017-09-29,2017-09-26,"Condo/Co-op","Bethesda","MD",20814,310000,1,1,618,501.618122977346,618,1990,"Sold",0.327147800530393
"13751394","5101 River Rd #502","PAST SALE",2017-09-08,2017-08-15,"Condo/Co-op","Bethesda","MD",20816,371500,2,2,1467,253.237900477164,1467,1980,"Sold",0.868514377308346
"10692608","5500 Friendship Blvd Unit 1124N","PAST SALE",2017-09-12,2017-08-23,"Condo/Co-op","Chevy Chase","MD",20815,209900,0,1,456,460.30701754386,456,1982,"Sold",0.249490202761036
"36949015","4978 Sentinel Dr Unit 12-102","PAST SALE",2017-09-13,2017-08-25,"Condo/Co-op","Bethesda","MD",20816,510000,2,2,1850,275.675675675676,1850,1975,"Sold",1.82070526627276
"43730271","4601 Park Ave #419","PAST SALE",2017-09-14,2017-08-27,"Condo/Co-op","Chevy Chase","MD",20815,480000,2,2,1377,348.583877995643,1377,1975,"Sold",0.368190761767038
"12450113","6820 Wisconsin Ave #4014","PAST SALE",2017-09-15,2017-08-29,"Condo/Co-op","Bethesda","MD",20815,845000,2,2,1448,583.563535911602,1448,2007,"Sold",0.49775427354771
"18516599","4601 Park Ave Unit 421-W","PAST SALE",2017-09-20,2017-09-08,"Condo/Co-op","Chevy Chase","MD",20815,329000,1,1.5,1050,313.333333333333,1050,1975,"Sold",0.368190761767038
"10698674","5000 Battery Ln #308","PAST SALE",2017-09-18,2017-09-04,"Condo/Co-op","Bethesda","MD",20814,470000,2,2,1408,333.806818181818,1408,1989,"Sold",0.603733028299671
"11202985","7111 Woodmont Ave #307","PAST SALE",2017-09-22,2017-09-12,"Condo/Co-op","Chevy Chase","MD",20815,319900,1,1,629,508.585055643879,629,2000,"Sold",0.312042298722175
"43319840","4920 Sentinel Dr Unit 3-405","PAST SALE",2017-09-27,2017-09-22,"Condo/Co-op","Bethesda","MD",20816,475000,2,2,1553,305.859626529298,1553,1973,"Sold",1.78260862618452
"11203004","7111 Woodmont Ave Apt 316","PAST SALE",NA,NA,"Condo/Co-op","Chevy Chase","MD",20815,342000,NA,NA,712,480.337078651685,712,2000,NA,0.312042298722175
"11203142","7111 Woodmont Ave Apt 801","PAST SALE",NA,NA,"Condo/Co-op","Chevy Chase","MD",20815,380000,NA,NA,723,525.587828492393,723,2000,NA,0.312042298722175
"10904058","7557 Spring Lake Dr Unit C-1","PAST SALE",2017-09-20,2017-09-08,"Condo/Co-op","Bethesda","MD",20817,214000,2,1,922,232.104121475054,922,1975,"Sold",2.49713069074088
"10690134","5101 River Rd #1607","PAST SALE",2017-09-15,2017-08-29,"Condo/Co-op","Bethesda","MD",20816,270000,1,1,1040,259.615384615385,1040,1980,"Sold",0.868514377308346
"10687647","6741 Kenwood Forest Ln #37","PAST SALE",NA,NA,"Townhouse","Bethesda","MD",20815,605000,NA,NA,1679,360.333531864205,3005,1977,NA,0.54543496795375
"10535540","10513 Montrose Ave #10513","PAST SALE",NA,NA,"Condo/Co-op","Bethesda","MD",20814,210000,0,1,773,271.668822768435,773,1981,NA,0.383183658283487
"17487295","7710 Woodmont Ave #513","PAST SALE",2017-09-07,2017-08-13,"Condo/Co-op","Bethesda","MD",20814,1025000,2,2,1733,591.459896133872,1733,2008,"Sold",0.173851557824767
"42182778","5225 Pooks Hill Rd Unit 108N","PAST SALE",2017-09-15,2017-08-29,"Condo/Co-op","Bethesda","MD",20814,167000,1,1,981,170.234454638124,981,1973,"Sold",0.657035759115138
"11205238","7111 Woodmont Ave #507","PAST SALE",2017-09-26,2017-09-20,"Condo/Co-op","Bethesda","MD",20815,329000,1,1,626,525.55910543131,626,2000,"Sold",0.312042298722175
"30772378","4974 Sentinel Dr Unit 13-104","PAST SALE",2017-09-18,2017-09-04,"Condo/Co-op","Bethesda","MD",20816,590000,2,2,1750,337.142857142857,1750,1975,"Sold",1.72828687872862
"10676141","9719 Corkran Ln","PAST SALE",2017-09-25,2017-09-18,"Single Family Residential","Bethesda","MD",20817,720000,3,2.5,2172,331.491712707182,9005,1962,"Sold",1.8839933892951
"10701751","8641 Terrace Garden Way","PAST SALE",2017-09-27,2017-09-22,"Townhouse","Bethesda","MD",20814,1050000,4,4,3150,333.333333333333,1947,2001,"Sold",0.22624967221065
"10639182","5300 Burling Ter","PAST SALE",2017-09-29,2017-09-26,"Single Family Residential","Bethesda","MD",20814,1385000,5,3.5,4360,317.660550458716,13251,1959,"Sold",0.708885483890036
"10890095","9000 Honeybee Ln","PAST SALE",2017-09-06,2017-08-11,"Single Family Residential","Bethesda","MD",20817,880000,4,2.5,2907,302.717578259374,20768,1970,"Sold",3.52144691619557
"10675994","6812 Renita Ln","PAST SALE",2017-09-08,2017-08-15,"Single Family Residential","Bethesda","MD",20817,689900,3,2.5,1912,360.826359832636,9751,1962,"Sold",1.99032565056272
"10649272","6005 Princeton Ave","PAST SALE",2017-09-11,2017-08-21,"Single Family Residential","Glen Echo","MD",20812,985000,3,3.5,2700,364.814814814815,6000,1918,"Sold",2.70305021020461
"10889503","8100 Lilly Stone Dr","PAST SALE",2017-09-12,2017-08-23,"Single Family Residential","Bethesda","MD",20817,810000,4,2.5,2568,315.420560747664,12329,1968,"Sold",3.65370759691594
"10676428","6205 Verne St","PAST SALE",2017-09-13,2017-08-25,"Single Family Residential","Bethesda","MD",20817,1200000,5,4,5028,238.663484486874,6676,1936,"Sold",1.76169177341287
"10887561","9001 Seven Locks Rd","PAST SALE",NA,NA,"Single Family Residential","Bethesda","MD",20817,835000,NA,3,2102,397.240723120837,17864,1964,NA,3.35582321951239
"10889724","8904 Seven Locks Rd","PAST SALE",NA,NA,"Single Family Residential","Bethesda","MD",20817,960000,NA,3.5,3264,294.117647058824,15000,1977,NA,3.40454769563106
"10691760","6106 Davenport Ter","PAST SALE",2017-09-13,2017-08-25,"Townhouse","Bethesda","MD",20817,975000,4,3.5,3487,279.609979925437,4810,1983,"Sold",2.07168491943005
"10683599","4620 Park Ave Unit 307W","PAST SALE",2017-09-08,2017-08-15,"Condo/Co-op","Chevy Chase","MD",20815,625000,3,2.5,1610,388.198757763975,1610,1973,"Sold",0.404425937648324
"10688928","6678 Hillandale Rd #35","PAST SALE",2017-09-13,2017-08-25,"Townhouse","Chevy Chase","MD",20815,675000,3,2.5,1408,479.403409090909,1408,1979,"Sold",0.752089857599147
"10668848","5812 Marbury Rd","PAST SALE",2017-09-13,2017-08-25,"Single Family Residential","Bethesda","MD",20817,945000,5,3,2984,316.689008042895,11765,1956,"Sold",1.14400502310695
"08439258","7171 Woodmont Ave Unit 501","PAST SALE",NA,NA,"Condo/Co-op","Bethesda","MD",20814,2395000,NA,NA,2355,1016.98513800425,2355,2015,NA,0.320128838931581
"10639160","5312 Goldsboro Rd","PAST SALE",NA,NA,"Single Family Residential","Bethesda","MD",20817,1490000,NA,3,3136,475.127551020408,20370,1958,NA,0.820073031681267
"10637423","4925 Crescent St Unit B-11","PAST SALE",NA,NA,"Townhouse","Bethesda","MD",20816,805000,NA,NA,2419,332.782141380736,3568,1967,NA,0.681246508708358
"10647378","4513 Fairfield Dr","PAST SALE",NA,NA,"Single Family Residential","Bethesda","MD",20814,791000,NA,3,1081,731.729879740981,5308,1938,NA,0.443147055294779
"10680541","5114 Cammack Dr","PAST SALE",NA,NA,"Single Family Residential","Bethesda","MD",20816,1795000,NA,4.5,3301,543.774613753408,14603,1962,NA,1.20252745264055
"10640068","6300 Broad St","PAST SALE",NA,NA,"Single Family Residential","Bethesda","MD",20816,1500000,NA,3.5,2346,639.386189258312,6514,1938,NA,2.2460309957046
"10674315","4724 River Rd","PAST SALE",NA,NA,"Single Family Residential","Bethesda","MD",20816,789000,NA,2,1188,664.141414141414,5668,1940,NA,0.538226887770229
"11061937","9601 Culver St","PAST SALE",NA,NA,"Single Family Residential","Kensington","MD",20895,902000,NA,3.5,1920,469.791666666667,10528,1960,NA,0.984560516845063
"10648355","6201 Wiscasset Rd","PAST SALE",2017-09-25,2017-09-18,"Single Family Residential","Bethesda","MD",20816,810000,4,3,1505,538.205980066445,8737,1954,"Sold",2.04679986850044
"10670183","8405 Whitman Dr","PAST SALE",2017-09-26,2017-09-20,"Single Family Residential","Bethesda","MD",20817,915000,5,3,2703,338.512763596004,9875,1960,"Sold",1.86433714958729
"10664150","6214 Greentree Rd","PAST SALE",2017-09-28,2017-09-24,"Single Family Residential","Bethesda","MD",20817,679000,4,2.5,1700,399.411764705882,8017,1948,"Sold",1.63046831316414
"10671371","9414 Wadsworth Dr","PAST SALE",2017-09-28,2017-09-24,"Single Family Residential","Bethesda","MD",20817,745000,5,3,2222,335.283528352835,11466,1959,"Sold",1.54786898629805
"10664429","9322 W Parkhill Dr","PAST SALE",2017-09-29,2017-09-26,"Single Family Residential","Bethesda","MD",20814,9e+05,7,4.5,3838,234.497133923919,15041,1953,"Sold",0.784100038729429
"10688056","7000 Greentree Rd","PAST SALE",NA,NA,"Single Family Residential","Bethesda","MD",20817,1019000,NA,4.5,3043,334.866907656918,20084,1979,NA,2.3169293577966
"10676406","6408 Winston Dr","PAST SALE",2017-09-12,2017-08-23,"Single Family Residential","Bethesda","MD",20817,1e+06,4,2.5,2160,462.962962962963,10349,1936,"Sold",2.01652676194534
"10661606","7004 Darby Rd","PAST SALE",2017-09-08,2017-08-15,"Single Family Residential","Bethesda","MD",20817,2900000,5,5.5,7649,379.134527389201,22556,2004,"Sold",2.46363977304186
"10675749","10016 Clue Ct","PAST SALE",2017-09-29,2017-09-26,"Single Family Residential","Bethesda","MD",20817,965000,5,4.5,2890,333.910034602076,7295,1955,"Sold",1.27162284467641
"10678615","6206 Halbert Rd","PAST SALE",2017-09-07,2017-08-13,"Single Family Residential","Bethesda","MD",20817,7e+05,3,1.5,1288,543.478260869565,10198,1953,"Sold",2.57142321513339
"10674242","5619 Glenwood Rd","PAST SALE",2017-09-08,2017-08-15,"Single Family Residential","Bethesda","MD",20817,965000,3,3,1420,679.577464788732,8143,1942,"Sold",1.07740682055078
"10655216","5105 Cape Cod Ct","PAST SALE",2017-09-12,2017-08-23,"Single Family Residential","Bethesda","MD",20816,1899000,5,5.5,5034,377.234803337306,9393,1981,"Sold",1.12056841262469
"10674473","6311 Marywood Rd","PAST SALE",2017-09-18,2017-09-04,"Single Family Residential","Bethesda","MD",20817,785000,4,3,2820,278.368794326241,8250,1972,"Sold",1.83833816706999
"10994978","9904 Parkwood Dr","PAST SALE",2017-09-20,2017-09-08,"Single Family Residential","Bethesda","MD",20814,6e+05,3,2,1194,502.51256281407,12492,1953,"Sold",0.550155133186131
"10655062","5414 Blackistone Rd","PAST SALE",2017-09-20,2017-09-08,"Single Family Residential","Bethesda","MD",20816,1425000,5,4.5,3026,470.918704560476,6959,1955,"Sold",1.53528247608693
"11157945","8719 Burdette Rd","PAST SALE",NA,NA,"Single Family Residential","Bethesda","MD",20817,1457000,NA,4,5432,268.225331369661,42440,2002,NA,2.56727409582926
"10701777","8629 Terrace Garden Way","PAST SALE",NA,NA,"Townhouse","Bethesda","MD",20814,1185000,NA,4,2820,420.212765957447,2082,2000,NA,0.22127096470598
"10673890","8012 Beech Tree Rd","PAST SALE",2017-09-07,2017-08-13,"Single Family Residential","Bethesda","MD",20817,919500,3,3,1931,476.178146038322,10660,1959,"Sold",2.47714861643442
"10637388","8017 Glenbrook Rd","PAST SALE",2017-09-25,2017-09-18,"Single Family Residential","Bethesda","MD",20814,872500,4,3,1342,650.149031296572,5426,1934,"Sold",0.4816660256993
"10676370","6309 Winston Dr","PAST SALE",2017-09-22,2017-09-12,"Single Family Residential","Bethesda","MD",20817,920000,4,3,1980,464.646464646465,8050,1950,"Sold",1.92275468575384
"10667144","7514 Nevis Rd","PAST SALE",2017-09-26,2017-09-20,"Single Family Residential","Bethesda","MD",20817,865000,4,3,1461,592.060232717317,20001,1958,"Sold",2.59345541106508
"10687770","7700 Zulima Ct","PAST SALE",NA,NA,"Single Family Residential","Bethesda","MD",20817,1160000,NA,3.5,2731,424.752837788356,16985,1981,NA,3.06734403894183
"10671019","10135 Ashburton Ln","PAST SALE",NA,NA,"Single Family Residential","Bethesda","MD",20817,642500,4,3,1497,429.191716766867,8613,1962,NA,1.13811895143487
"10888114","10010 Carter Rd","PAST SALE",2017-09-15,2017-08-29,"Single Family Residential","Bethesda","MD",20817,1e+06,5,3.5,5106,195.848021934978,26403,1967,"Sold",2.83513434316174
"10662515","8609 Rayburn Rd","PAST SALE",2017-09-15,2017-08-29,"Single Family Residential","Bethesda","MD",20817,1550000,6,4.5,3847,402.91135950091,9023,2006,"Sold",1.25466040468689
"10911872","6825 Capri Pl","PAST SALE",2017-09-14,2017-08-27,"Single Family Residential","Bethesda","MD",20817,1310000,5,4,3783,346.286016389109,74470,1983,"Sold",4.22159149820454
"10646123","7904 Radnor Rd","PAST SALE",2017-09-15,2017-08-29,"Single Family Residential","Bethesda","MD",20817,845000,6,4.5,4194,201.478302336671,10478,1938,"Sold",1.22373333106285
"10659134","9508 Milstead Dr","PAST SALE",2017-09-21,2017-09-10,"Single Family Residential","Bethesda","MD",20817,1599000,6,4.5,5502,290.62159214831,7541,2017,"Sold",1.39066748977401
"10701163","5423 Whitley Park Ter #41","PAST SALE",2017-09-21,2017-09-10,"Townhouse","Bethesda","MD",20814,665000,3,3.5,2160,307.87037037037,2160,1994,"Sold",0.847751633679775
"10679188","6719 Selkirk Dr","PAST SALE",2017-09-22,2017-09-12,"Single Family Residential","Bethesda","MD",20817,1265000,4,4,3680,343.75,57652,1939,"Sold",2.25168488608356
"10656366","5604 Alta Vista Rd","PAST SALE",2017-09-22,2017-09-12,"Single Family Residential","Bethesda","MD",20817,699900,4,3,1302,537.557603686636,6790,1960,"Sold",0.936774597659955
"10679116","6809 Selkirk Dr","PAST SALE",NA,NA,"Single Family Residential","Bethesda","MD",20817,1210000,NA,4,3025,400,23617,1954,NA,2.33973370585142
"10700594","9703 Whitley Park Pl Unit TH-17","PAST SALE",NA,NA,"Townhouse","Bethesda","MD",20814,690000,NA,3,2792,247.134670487106,9082,1990,NA,0.81822862513104
"10659479","9517 Singleton Dr","PAST SALE",NA,NA,"Single Family Residential","Bethesda","MD",20817,1075000,NA,2,1152,933.159722222222,8805,1953,NA,1.1842602762206
"10659198","9303 Wadsworth Dr","PAST SALE",NA,NA,"Single Family Residential","Bethesda","MD",20817,789000,NA,3,1544,511.010362694301,7176,1953,NA,1.70548089928179
"10887712","7609 Glennon Dr","PAST SALE",NA,NA,"Single Family Residential","Bethesda","MD",20817,1100000,NA,4,2751,399.854598327881,24393,1953,NA,3.06128660414999
"10890068","8809 Honeybee Ln","PAST SALE",NA,NA,"Single Family Residential","Bethesda","MD",20817,835000,4,2.5,2461,339.292970337261,15080,1963,NA,3.45629461489
"10701893","7447 Arlington Rd","PAST SALE",2017-09-14,2017-08-27,"Townhouse","Bethesda","MD",20814,1500000,3,3.5,2582,580.945003872967,1131,1999,"Sold",0.109236347147302
"10674333","5108 Saratoga Ave","PAST SALE",NA,NA,"Single Family Residential","Bethesda","MD",20816,1550000,NA,4.5,3644,425.356750823271,7006,2004,NA,0.643192877361051
"10650525","5300 Chamberlin Ave","PAST SALE",NA,NA,"Single Family Residential","Chevy Chase","MD",20815,1750000,NA,5,2547,687.082842559874,21500,1956,NA,0.958066986829574
"10645876","7201 Clarendon Rd","PAST SALE",2017-09-08,2017-08-15,"Single Family Residential","Bethesda","MD",20814,1380000,5,4.5,2560,539.0625,6295,1940,"Sold",0.295177084211493
"10664427","4822 Broad Brook Dr","PAST SALE",2017-09-14,2017-08-27,"Single Family Residential","Bethesda","MD",20814,899000,3,3.5,3163,284.223838128359,12486,1949,"Sold",0.907231468246592
"10654126","4613 Sleaford Rd","PAST SALE",2017-09-08,2017-08-15,"Single Family Residential","Bethesda","MD",20814,1627000,6,4.5,4685,347.278548559232,5087,2007,"Sold",0.291985443698317
"42944139","6660 Hillandale Rd #43","PAST SALE",2017-09-15,2017-08-29,"Townhouse","Chevy Chase","MD",20815,690000,3,3.5,1408,490.056818181818,1408,1979,"Sold",0.596846828180394
"14081483","10005 Fleming Ave","PAST SALE",2017-09-27,2017-09-22,"Single Family Residential","Bethesda","MD",20814,1521608,5,5.5,4158,365.94708994709,5018,2017,"Sold",0.639558033996787
"10648072","6024 Onondaga Rd","PAST SALE",2017-09-14,2017-08-27,"Single Family Residential","Bethesda","MD",20816,1028000,5,3.5,2264,454.063604240283,10687,1959,"Sold",2.08004310816456
"10658894","6008 Wynnwood Rd","PAST SALE",NA,NA,"Single Family Residential","Bethesda","MD",20816,949000,NA,2.5,1450,654.48275862069,8569,1941,NA,1.87246113042516
"10648980","5313 Wehawken Rd","PAST SALE",NA,NA,"Single Family Residential","Bethesda","MD",20816,2210000,NA,7,5170,427.466150870406,12000,2012,NA,2.0416341492815
"10648593","6604 Virginia View Ct","PAST SALE",NA,NA,"Single Family Residential","Bethesda","MD",20816,840000,NA,3,1708,491.803278688525,19150,1959,NA,2.48334057418098
"10917988","7013 Mountain Gate Dr","PAST SALE",NA,NA,"Single Family Residential","Bethesda","MD",20817,1790000,NA,6.5,7117,251.510467893775,44047,1990,NA,4.1663522083065
"10655454","5137 Massachusetts Ave","PAST SALE",2017-09-08,2017-08-15,"Single Family Residential","Bethesda","MD",20816,1135000,3,3.5,2979,381.000335683115,11250,1938,"Sold",1.09857164955642
"10680510","5416 Falmouth Rd","PAST SALE",2017-09-08,2017-08-15,"Single Family Residential","Bethesda","MD",20816,2850000,5,6.5,6700,425.373134328358,27274,1967,"Sold",1.20795670839266
"10655210","5111 Cape Cod Ct","PAST SALE",2017-09-08,2017-08-15,"Single Family Residential","Bethesda","MD",20816,2100000,5,6.5,4878,430.50430504305,11628,1980,"Sold",1.12251112678321
"10675456","6129 Overlea Rd","PAST SALE",2017-09-07,2017-08-13,"Single Family Residential","Bethesda","MD",20816,1200000,4,3.5,3330,360.36036036036,12983,1961,"Sold",2.0852453265128
"10654445","5003 Rodman Rd","PAST SALE",2017-09-18,2017-09-04,"Single Family Residential","Bethesda","MD",20816,670000,3,2.5,2428,275.947281713344,6505,1956,"Sold",0.80150286568121
"9957243","5346 43rd St NW","PAST SALE",2017-09-29,2017-09-26,"Townhouse","Washington","DC",20015,1140000,3,2.5,3050,373.770491803279,1166,1999,"Sold",0.10119359280076
"10649221","6409 Wiscasset Rd","PAST SALE",2017-09-02,2017-08-03,"Single Family Residential","Bethesda","MD",20816,1102000,8,6,4242,259.78312116926,25521,1983,"Sold",2.21204661893796
"10661807","6520 Hillmead Rd","PAST SALE",2017-09-15,2017-08-29,"Single Family Residential","Bethesda","MD",20817,1193000,4,4,2500,477.2,23796,1938,"Sold",1.96886836854929
"10672074","9815 Inglemere Dr","PAST SALE",2017-09-18,2017-09-04,"Single Family Residential","Bethesda","MD",20817,840000,4,3,2733,307.354555433589,13011,1963,"Sold",1.7642291768875
"10674061","6821 Algonquin Ave","PAST SALE",2017-09-26,2017-09-20,"Single Family Residential","Bethesda","MD",20817,835000,4,3,3120,267.628205128205,9443,1957,"Sold",2.26744154954168
"10672780","5906 Wilson Ln","PAST SALE",2017-09-18,2017-09-04,"Single Family Residential","Bethesda","MD",20817,895000,3,3,1691,529.272619751626,16614,1954,"Sold",1.3760873947776
"10661797","6730 Greentree Rd","PAST SALE",2017-09-28,2017-09-24,"Single Family Residential","Bethesda","MD",20817,1400000,4,5.5,7150,195.804195804196,30443,1939,"Sold",2.1604161111668
"10347289","2020 12th St NW #410","PAST SALE",2017-09-15,2017-08-29,"Condo/Co-op","Washington","DC",20009,679000,2,2,1027,661.148977604674,1027,2005,"Sold",0.0544074593119327
"10006713","2611 Adams Mill Rd NW #307","PAST SALE",2017-09-28,2017-09-24,"Condo/Co-op","Washington","DC",20009,315000,1,1,448,703.125,448,1910,"Sold",0.532640685593682
"9868152","1501 Swann St NW Unit B","PAST SALE",2017-09-25,2017-09-18,"Condo/Co-op","Washington","DC",20009,815000,2,2,1044,780.651340996169,1044,1991,"Sold",0.361898047441336
"21644110","929 Florida Ave NW #4001","PAST SALE",2017-09-15,2017-08-29,"Condo/Co-op","Washington","DC",20001,515000,1,1,880,585.227272727273,880,2006,"Sold",0.280450831412675
"10190691","2902 Porter St NW #51","PAST SALE",2017-09-25,2017-09-18,"Condo/Co-op","Washington","DC",20008,450000,1,1,714,630.252100840336,714,1900,"Sold",0.0568816504900728
"11747756","1451 Belmont St NW #305","PAST SALE",2017-09-11,2017-08-21,"Condo/Co-op","Washington","DC",20009,597500,1,2,852,701.291079812207,852,2006,"Sold",0.372911972341862
"21648156","1441 Rhode Island Ave NW #915","PAST SALE",2017-09-15,2017-08-29,"Condo/Co-op","Washington","DC",20005,366500,0,1,552,663.949275362319,552,2003,"Sold",0.490263447554004
"9923051","1015 33rd St NW #707","PAST SALE",2017-09-07,2017-08-13,"Condo/Co-op","Washington","DC",20007,950000,2,2.5,2036,466.601178781925,2036,1985,"Sold",0.590730438857716
"08441866","2464 Ontario Rd NW #4","PAST SALE",2017-09-08,2017-08-15,"Townhouse","Washington","DC",20009,919900,2,2,1365,673.919413919414,1365,2016,"Sold",0.58716150384238
"13745561","1011 M St NW Unit 205","PAST SALE",NA,NA,"Condo/Co-op","Washington","DC",20001,213600,1,1,540,395.555555555556,540,2016,NA,0.239926851620055
"9884484","440 M St NW #1","PAST SALE",2017-09-08,2017-08-15,"Condo/Co-op","Washington","DC",20001,709500,2,2,1610,440.683229813665,1610,1925,"Sold",0.213260667587581
"21647650","1425 Euclid St NW Apt 2","PAST SALE",NA,NA,"Condo/Co-op","Washington","DC",20009,520000,1,2,957,543.364681295716,957,2003,NA,0.331191624633077
"10187779","2328 Champlain St NW Apt 417","PAST SALE",NA,NA,"Condo/Co-op","Washington","DC",20009,506000,2,3,1910,264.921465968586,1910,2002,NA,0.693152222460797
"9054506","2141 I St NW #407","PAST SALE",2017-09-09,2017-08-17,"Condo/Co-op","Washington","DC",20037,195000,0,1,322,605.590062111801,322,1974,"Sold",0.124136506181783
"9873300","1312 Massachusetts Ave NW #601","PAST SALE",2017-09-05,2017-08-09,"Condo/Co-op","Washington","DC",20005,619900,2,2,1080,573.981481481482,1080,1949,"Sold",0.283891262070266
"9884704","1548 3rd St NW","PAST SALE",2017-09-11,2017-08-21,"Townhouse","Washington","DC",20001,766000,2,2,1400,547.142857142857,1440,1900,"Sold",0.408765363478955
"9880692","700 7th St SW #533","PAST SALE",2017-09-08,2017-08-15,"Condo/Co-op","Washington","DC",20024,399999,2,1,992,403.224798387097,992,1967,"Sold",0.368669944015589
"21645323","1515 15th St NW #419","PAST SALE",2017-09-05,2017-08-09,"Condo/Co-op","Washington","DC",20005,1160000,2,2.5,1412,821.529745042493,1412,2008,"Sold",0.559517127854833
"11747359","2501 Wisconsin Ave NW #7","PAST SALE",2017-09-12,2017-08-23,"Condo/Co-op","Washington","DC",20007,780000,2,2.5,1667,467.906418716257,1667,2006,"Sold",1.05711685627079
"96401468","1801 16th St NW Apt 209","PAST SALE",NA,NA,"Condo/Co-op","Washington","DC",20009,594500,1,1,730,814.383561643836,730,1917,NA,0.437689774287637
"19139131","3025 Ontario Rd NW #105","PAST SALE",2017-09-05,2017-08-09,"Condo/Co-op","Washington","DC",20009,314000,1,1,750,418.666666666667,750,1949,"Sold",0.507965889819181
"21645387","475 K St NW #319","PAST SALE",2017-09-08,2017-08-15,"Condo/Co-op","Washington","DC",20001,585000,2,1,900,650,900,2008,"Sold",0.261281162991075
"10005795","2440 16th St NW #412","PAST SALE",2017-09-07,2017-08-13,"Condo/Co-op","Washington","DC",20009,365000,1,1,650,561.538461538462,650,1929,"Sold",0.51340713371567
"39900708","1025 First St SE Apt 904","PAST SALE",NA,NA,"Condo/Co-op","Washington","DC",20003,517000,1,1,821,629.719853836784,821,2009,NA,0.180322683816251
"22057665","929 Florida Ave NW #4006","PAST SALE",2017-09-13,2017-08-25,"Condo/Co-op","Washington","DC",20001,321500,0,1,385,835.064935064935,385,2006,"Sold",0.280450831412675
"12531173","4840 MacArthur Blvd NW Apt 606","PAST SALE",NA,NA,"Condo/Co-op","Washington","DC",20007,264900,1,1,463,572.138228941685,463,1959,NA,1.88180124430468
"22049216","437 New York Ave NW #405","PAST SALE",2017-09-11,2017-08-21,"Condo/Co-op","Washington","DC",20001,476000,1,1,731,651.162790697674,731,2008,"Sold",0.277418706770774
"10344114","3303 Water St NW Unit 5C","PAST SALE",2017-09-12,2017-08-23,"Condo/Co-op","Washington","DC",20007,1620000,2,2,1417,1143.26040931546,1417,2004,"Sold",0.57282893056382
"9923058","1015 33rd St NW #710","PAST SALE",2017-09-07,2017-08-13,"Condo/Co-op","Washington","DC",20007,840000,2,2,1461,574.948665297741,1461,1985,"Sold",0.590730438857716
"9060215","1301 20th St NW #517","PAST SALE",2017-09-12,2017-08-23,"Condo/Co-op","Washington","DC",20036,282000,0,1,502,561.752988047809,502,1973,"Sold",0.239415530782761
"9050049","2201 L St NW Apt 619","PAST SALE",NA,NA,"Condo/Co-op","Washington","DC",20037,288000,0,1,510,564.705882352941,510,1967,NA,0.209180805250076
"10115912","119 33rd St NE","PAST SALE",NA,NA,"Condo/Co-op","Washington","DC",20019,190000,2,1,832,228.365384615385,832,1942,NA,0.650645344971495
"9920345","240 16th St SE","PAST SALE",2017-09-08,2017-08-15,"Townhouse","Washington","DC",20003,680000,2,2.5,1066,637.898686679174,1102,1915,"Sold",0.372760002892911
"9916694","1415 Ames Pl NE","PAST SALE",2017-09-08,2017-08-15,"Townhouse","Washington","DC",20002,752000,2,2.5,1248,602.564102564103,1186,1908,"Sold",0.542833361371741
"9920207","209 17th St SE","PAST SALE",2017-09-07,2017-08-13,"Townhouse","Washington","DC",20003,550000,2,1,952,577.731092436975,850,1910,"Sold",0.318892993672726
"10094375","1841 Corcoran St NE","PAST SALE",NA,NA,"Multi-Family (2-4 Unit)","Washington","DC",20002,345000,2,2,1120,308.035714285714,2242,1941,NA,0.772785703396799
"10127969","823 52nd St NE","PAST SALE",2017-09-12,2017-08-23,"Townhouse","Washington","DC",20019,158650,2,2,810,195.864197530864,2413,1945,"Sold",0.708381662026279
"13745695","1500 Pennsylvania Ave SE Apt 302","PAST SALE",NA,NA,"Condo/Co-op","Washington","DC",20003,117500,0,1,465,252.688172043011,465,2016,NA,0.156255425654519
"9917739","1420 C St SE","PAST SALE",2017-09-08,2017-08-15,"Townhouse","Washington","DC",20003,861000,2,2.5,1224,703.43137254902,1406,1909,"Sold",0.296969203190678
"13745697","1500 Pennsylvania Ave SE #310","PAST SALE",2017-09-11,2017-08-21,"Condo/Co-op","Washington","DC",20003,460000,1,1,NA,NA,NA,2017,"Sold",0.156255425654519
"09411951","332 18th Pl NE #1","PAST SALE",2017-09-08,2017-08-15,"Condo/Co-op","Washington","DC",20002,339900,2,1,3360,101.160714285714,3360,1938,"Sold",0.437704817835147
"13169699","1274 Simms Pl NE Apt 4","PAST SALE",NA,NA,"Condo/Co-op","Washington","DC",20002,335000,NA,NA,NA,NA,NA,NA,NA,1.06558061548893
"9970082","5406 Connecticut Ave NW #407","PAST SALE",2017-09-21,2017-09-10,"Condo/Co-op","Washington","DC",20015,202500,0,1,552,366.847826086957,552,1963,"Sold",0.634082059066949
"9967133","3450 38th St NW Apt D406","PAST SALE",NA,NA,"Condo/Co-op","Washington","DC",20016,420000,2,1,861,487.80487804878,861,1942,NA,0.7599799333855
"11749247","450 Condon Ter SE #208","PAST SALE",2017-09-20,2017-09-08,"Condo/Co-op","Washington","DC",20032,86500,2,1,678,127.581120943953,816,1964,"Sold",0.87117485963066
"9950666","4200 Massachusetts Ave NW #404","PAST SALE",2017-09-08,2017-08-15,"Condo/Co-op","Washington","DC",20016,650000,2,2,1666,390.15606242497,1666,1971,"Sold",0.943754660853024
"22023066","3900 Connecticut Ave NW Unit 404G","PAST SALE",2017-09-08,2017-08-15,"Condo/Co-op","Washington","DC",20008,349000,1,1,800,436.25,800,1928,"Sold",0.301244577254022
"12530285","1706 W Virginia Ave NE Apt 1","PAST SALE",NA,NA,"Condo/Co-op","Washington","DC",20002,2e+05,1,1,699,286.123032904149,699,1931,NA,0.904746406748468
"9929032","2500 Q St NW #235","PAST SALE",2017-09-15,2017-08-29,"Condo/Co-op","Washington","DC",20007,450000,1,1,1014,443.786982248521,1014,1942,"Sold",0.406109717429729
"10106559","3101 Chestnut St NE","PAST SALE",2017-09-15,2017-08-29,"Single Family Residential","Washington","DC",20018,350000,2,2,1152,303.819444444444,4281,1941,"Sold",1.74750250329666
"12533183","440 L St NW #911","PAST SALE",2017-09-18,2017-09-04,"Condo/Co-op","Washington","DC",20001,660000,2,2,1010,653.465346534653,1010,2007,"Sold",0.287527961026168
"13745596","1211 10th St NW #1","PAST SALE",2017-09-21,2017-09-10,"Condo/Co-op","Washington","DC",20001,699555,2,2.5,1200,582.9625,1200,1907,"Sold",0.179057072190736
"9954669","3101 New Mexico Ave NW #530","PAST SALE",2017-09-21,2017-09-10,"Condo/Co-op","Washington","DC",20016,475000,1,1,1355,350.553505535055,1355,1979,"Sold",1.11972210313895
"12530263","1230 Holbrook Ter NE #204","PAST SALE",2017-09-20,2017-09-08,"Condo/Co-op","Washington","DC",20002,3e+05,2,1,912,328.947368421053,912,1940,"Sold",0.95189466840167
"21646076","1407 W St NW #201","PAST SALE",2017-09-05,2017-08-09,"Condo/Co-op","Washington","DC",20009,733000,2,2,1011,725.024727992087,1011,2007,"Sold",0.258310890587219
"9896424","515 M St NE","PAST SALE",NA,NA,"Single Family Residential","Washington","DC",20002,440000,3,1.5,1024,429.6875,1800,1890,NA,0.274844934987713
"10001327","2410 20th St NW #8","PAST SALE",2017-09-11,2017-08-21,"Condo/Co-op","Washington","DC",20009,325000,1,1,594,547.138047138047,594,1926,"Sold",0.467223014161094
"9989475","2725 Connecticut Ave NW Apt 309","PAST SALE",NA,NA,"Condo/Co-op","Washington","DC",20008,571500,2,2,1065,536.619718309859,1065,1989,NA,0.0454756772799566
"09280123","3566 13th St NW #2","PAST SALE",2017-09-05,2017-08-09,"Condo/Co-op","Washington","DC",20010,699900,2,2,1379,507.541696881798,1379,1905,"Sold",0.369270143178769
"40196018","3900 Watson Pl NW Unit B-1E","PAST SALE",2017-09-29,2017-09-26,"Condo/Co-op","Washington","DC",20016,430000,2,2,1250,344,1250,1960,"Sold",1.17594063485642
"9958327","4200 Cathedral Ave NW #1115","PAST SALE",2017-09-29,2017-09-26,"Condo/Co-op","Washington","DC",20016,228000,1,1,725,314.48275862069,725,1957,"Sold",1.29859350184068
"40501611","1342 Massachusetts Ave SE Unit C","PAST SALE",NA,NA,"Condo/Co-op","Washington","DC",20003,634500,2,2,939,675.718849840256,939,1908,NA,0.494816269211737
"9871066","1440 N St NW Apt 410","PAST SALE",NA,NA,"Condo/Co-op","Washington","DC",20005,215000,0,1,421,510.688836104513,421,1964,NA,0.410358995866893
"9864535","1325 18th St NW #805","PAST SALE",2017-09-08,2017-08-15,"Condo/Co-op","Washington","DC",20036,380000,1,1,756,502.645502645503,756,1974,"Sold",0.276779877406203
"22025020","1125 11th St NW #503","PAST SALE",2017-09-29,2017-09-26,"Condo/Co-op","Washington","DC",20001,675000,2,2,1190,567.226890756303,1190,2007,"Sold",0.259131347478788
"28474442","1436 W St NW #105","PAST SALE",2017-09-05,2017-08-09,"Condo/Co-op","Washington","DC",20009,138137,1,1,600,230.228333333333,600,1908,"Sold",0.27607073923923
"10000790","2311 Connecticut Ave NW #403","PAST SALE",2017-09-06,2017-08-11,"Condo/Co-op","Washington","DC",20008,410000,1,1,722,567.86703601108,722,1911,"Sold",0.552591807582213
"9891475","226 3rd St NE Unit A","PAST SALE",NA,NA,"Condo/Co-op","Washington","DC",20002,408900,1,1,570,717.368421052632,570,1971,NA,0.430348919800763
"10342622","631 D St NW #644","PAST SALE",2017-09-18,2017-09-04,"Condo/Co-op","Washington","DC",20004,652000,2,2.5,1160,562.068965517241,1160,2004,"Sold",0.0983097763316582
"9929236","2500 Q St NW #549","PAST SALE",2017-09-19,2017-09-06,"Condo/Co-op","Washington","DC",20007,399999,1,1,899,444.937708565072,899,1942,"Sold",0.406109717429729
"10114199","433 15th St NE","PAST SALE",2017-09-21,2017-09-10,"Townhouse","Washington","DC",20002,707000,2,2.5,1688,418.838862559242,1372,1927,"Sold",0.661581837204017
"9865100","1931 17th St NW #101","PAST SALE",2017-09-21,2017-09-10,"Condo/Co-op","Washington","DC",20009,491000,2,1,650,755.384615384615,650,1982,"Sold",0.49025616511981
"10002709","1843 Mintwood Pl NW #204","PAST SALE",2017-09-22,2017-09-12,"Condo/Co-op","Washington","DC",20009,522000,2,2,852,612.676056338028,852,1909,"Sold",0.569873635791715
"9878200","1608 8th St NW","PAST SALE",NA,NA,"Townhouse","Washington","DC",20001,640000,2,2,1124,569.395017793594,856,1900,NA,0.0983828975989589
"21645152","2122 11th St NW #4","PAST SALE",2017-09-25,2017-09-18,"Townhouse","Washington","DC",20001,745000,2,2,1193,624.476110645432,1193,2008,"Sold",0.144958370482539
"10185316","1735 Johnson Ave NW Unit H","PAST SALE",2017-09-25,2017-09-18,"Condo/Co-op","Washington","DC",20009,1225000,2,2.5,1537,797.007156798959,1537,2002,"Sold",0.336737902648276
"9059491","1900 S St NW #3","PAST SALE",2017-09-22,2017-09-12,"Condo/Co-op","Washington","DC",20009,385000,1,1,691,557.163531114327,691,1908,"Sold",0.213877136530126
"10175657","1833 S St NW #23","PAST SALE",2017-09-26,2017-09-20,"Condo/Co-op","Washington","DC",20009,369000,1,1,515,716.504854368932,515,1916,"Sold",0.256099036754141
"43182304","27 Quincy Pl NE #2","PAST SALE",2017-09-26,2017-09-20,"Townhouse","Washington","DC",20002,499000,1,1,825,604.848484848485,825,1905,"Sold",0.386464776257561
"13863826","1310 Q St NW #4","PAST SALE",2017-09-27,2017-09-22,"Condo/Co-op","Washington","DC",20009,1295000,2,2.5,1761,735.377626348666,1761,2017,"Sold",0.423599159664769
"10173704","1437 Rhode Island Ave NW #106","PAST SALE",2017-09-28,2017-09-24,"Condo/Co-op","Washington","DC",20005,445000,1,1,833,534.21368547419,833,1929,"Sold",0.506688548573046
"9866718","1401 17th St NW #310","PAST SALE",2017-09-29,2017-09-26,"Condo/Co-op","Washington","DC",20036,425000,1,1,549,774.134790528233,549,1987,"Sold",0.396397739241142
"10346469","1111 25th St NW #304","PAST SALE",2017-09-28,2017-09-24,"Condo/Co-op","Washington","DC",20037,521500,1,1,835,624.550898203593,835,2005,"Sold",0.270251932951585
"10176968","609 7th St SW","PAST SALE",2017-09-28,2017-09-24,"Townhouse","Washington","DC",20024,859000,2,2.5,1400,613.571428571429,861,2000,"Sold",0.338431031859907
"12534013","2100 11th St NW #103","PAST SALE",2017-09-29,2017-09-26,"Condo/Co-op","Washington","DC",20001,847500,1,2,1225,691.836734693878,1225,2007,"Sold",0.129986809292639
"81803082","1221 Kenyon St NW #3","PAST SALE",2017-09-18,2017-09-04,"Townhouse","Washington","DC",20010,8e+05,2,2,1280,625,1280,1922,"Sold",0.238828783079282
"9927821","1504 33rd St NW","PAST SALE",NA,NA,"Townhouse","Washington","DC",20007,1340000,2,2,1794,746.934225195095,828,1900,NA,0.893480872871752
"9952288","4201 Cathedral Ave NW Apt 206W","PAST SALE",NA,NA,"Condo/Co-op","Washington","DC",20016,249900,1,1,888,281.418918918919,888,1960,NA,1.20364679002381
"10005958","1688 Euclid St NW Apt A","PAST SALE",NA,NA,"Condo/Co-op","Washington","DC",20009,370000,1,1,650,569.230769230769,650,1980,NA,0.490183237267466
"11744811","2111 11th St NW #1","PAST SALE",2017-09-29,2017-09-26,"Condo/Co-op","Washington","DC",20001,715000,2,2,1100,650,1100,2005,"Sold",0.157346256131627
"9865430","1621 T St NW #707","PAST SALE",2017-09-29,2017-09-26,"Condo/Co-op","Washington","DC",20009,426500,1,1,507,841.222879684418,507,1925,"Sold",0.494532175271132
"9860582","1718 Corcoran St NW #52","PAST SALE",2017-09-29,2017-09-26,"Condo/Co-op","Washington","DC",20009,565000,2,1,824,685.679611650485,824,1885,"Sold",0.305007975159046
"9931667","2514 Mill Rd NW","PAST SALE",2017-09-06,2017-08-11,"Townhouse","Washington","DC",20007,985000,2,2,1272,774.37106918239,1213,1900,"Sold",0.492640498160572
"10002731","1865 Mintwood Pl NW #6","PAST SALE",2017-09-08,2017-08-15,"Townhouse","Washington","DC",20009,849000,2,2,1427,594.954449894884,1427,1920,"Sold",0.52527821164229
"18970282","2707 Adams Mill Rd NW #405","PAST SALE",2017-09-07,2017-08-13,"Condo/Co-op","Washington","DC",20009,510000,2,1,1000,510,1000,1927,"Sold",0.499575420385985
"40126415","2039 New Hampshire Ave NW #209","PAST SALE",2017-09-07,2017-08-13,"Condo/Co-op","Washington","DC",20009,230000,0,1,501,459.081836327345,501,1909,"Sold",0.346912593725297
"12530794","1390 Kenyon St NW #323","PAST SALE",2017-09-15,2017-08-29,"Condo/Co-op","Washington","DC",20010,5e+05,2,2,1111,450.04500450045,1111,2007,"Sold",0.0881265925514975
"14067544","2380 Champlain St NW #302","PAST SALE",2017-09-15,2017-08-29,"Condo/Co-op","Washington","DC",20009,710000,2,2,1200,591.666666666667,1200,2002,"Sold",0.658071807733617
"10347552","1150 K St NW #703","PAST SALE",2017-09-18,2017-09-04,"Condo/Co-op","Washington","DC",20005,442000,1,1,747,591.700133868809,747,2005,"Sold",0.256356283798716
"12531313","3446 Connecticut Ave NW #401","PAST SALE",2017-09-18,2017-09-04,"Condo/Co-op","Washington","DC",20008,293900,1,1,449,654.56570155902,449,1927,"Sold",0.0453887780917234
"28650283","1701 16th St NW #236","PAST SALE",2017-09-15,2017-08-29,"Condo/Co-op","Washington","DC",20009,439000,2,1,900,487.777777777778,900,1920,"Sold",0.470198635361924
"43249170","3001 Veazey Ter NW #1421","PAST SALE",2017-09-18,2017-09-04,"Condo/Co-op","Washington","DC",20008,311000,1,1,1000,311,1000,1967,"Sold",0.192193271479002
"55187912","3324 18th St NW #11","PAST SALE",2017-09-21,2017-09-10,"Condo/Co-op","Washington","DC",20010,380000,1,1,561,677.361853832442,561,1909,"Sold",0.559593867018028
"10058268","640 Buchanan St NW Apt 202","PAST SALE",NA,NA,"Condo/Co-op","Washington","DC",20011,206000,1,1,599,343.906510851419,599,1925,NA,0.629554085044548
"10011187","3426 16th St NW #608","PAST SALE",2017-09-06,2017-08-11,"Condo/Co-op","Washington","DC",20010,545200,2,1,1150,474.086956521739,1150,1918,"Sold",0.445209575575019
"11745322","700 Jefferson St NW #303","PAST SALE",2017-09-27,2017-09-22,"Condo/Co-op","Washington","DC",20011,225950,1,1,569,397.100175746924,569,1952,"Sold",1.22912094836747
"9989205","2829 Connecticut Ave NW #504","PAST SALE",2017-09-28,2017-09-24,"Condo/Co-op","Washington","DC",20008,385000,1,1,821,468.940316686967,821,1963,"Sold",0.110471895154101
"10187665","2380 Champlain St NW Apt 302","PAST SALE",NA,NA,"Townhouse","Washington","DC",20009,710000,2,2,1097,647.21969006381,620,2002,NA,0.658071807733617
"10345243","1300 Taylor St NW #2","PAST SALE",2017-09-12,2017-08-23,"Condo/Co-op","Washington","DC",20011,425000,2,2,1097,387.420237010027,1097,1925,"Sold",0.377691850298356
"9863344","1727 Massachusetts Ave NW #518","PAST SALE",2017-09-15,2017-08-29,"Condo/Co-op","Washington","DC",20036,221000,1,1,420,526.190476190476,420,1965,"Sold",0.310955613956105
"20119073","6445 Luzon Ave NW #510","PAST SALE",2017-09-05,2017-08-09,"Condo/Co-op","Washington","DC",20012,165000,1,1,940,175.531914893617,940,1960,"Sold",1.00407213010993
"22654337","555 Massachusetts Ave NW #410","PAST SALE",2017-09-05,2017-08-09,"Condo/Co-op","Washington","DC",20001,455000,1,1,658,691.489361702128,658,2005,"Sold",0.152867049794117
"9882964","1435 4th St SW Unit B515","PAST SALE",2017-09-07,2017-08-13,"Condo/Co-op","Washington","DC",20024,240000,1,1,726,330.578512396694,726,1965,"Sold",0.328202064158227
"40119246","520 N St SW Unit S-112","PAST SALE",2017-09-15,2017-08-29,"Condo/Co-op","Washington","DC",20024,242900,0,1,565,429.911504424779,565,1966,"Sold",0.212010877201364
"10799282","4911 Winthrop St","PAST SALE",2017-09-15,2017-08-29,"Townhouse","Oxon Hill","MD",20745,160000,2,1,1100,145.454545454545,3113,1953,"Sold",1.22316641753525
"13065882","2665 Martin Luther King Jr. Ave SE #201","PAST SALE",2017-09-15,2017-08-29,"Condo/Co-op","Washington","DC",20020,139900,2,1,NA,NA,NA,1952,"Sold",0.534344690501973
"9915620","1361 K St SE #202","PAST SALE",2017-09-05,2017-08-09,"Condo/Co-op","Washington","DC",20003,277500,1,1,500,555,500,1946,"Sold",0.215412224728797
"10150125","1917 T St SE","PAST SALE",2017-09-20,2017-09-08,"Townhouse","Washington","DC",20020,265000,2,1.5,900,294.444444444444,2500,1939,"Sold",1.078782363427
"9884946","731 3rd St SW #410","PAST SALE",NA,NA,"Townhouse","Washington","DC",20024,525000,2,1.5,946,554.968287526427,1774,1961,NA,0.267699123358838
"11746936","912 F St NW Apt 408","PAST SALE",NA,NA,"Condo/Co-op","Washington","DC",20004,711500,2,2,1225,580.816326530612,1225,2006,NA,0.228791521510881
"10110819","1617 Lyman Pl NE","PAST SALE",2017-09-08,2017-08-15,"Townhouse","Washington","DC",20002,499500,2,3,1232,405.438311688312,1232,1937,"Sold",1.14433500992145
"10178507","2755 Ordway St NW #115","PAST SALE",2017-09-05,2017-08-09,"Condo/Co-op","Washington","DC",20008,217000,1,1,541,401.109057301294,541,1965,"Sold",0.0673759797216718
"82087404","3941 Langley Ct NW Unit F582","PAST SALE",2017-09-08,2017-08-15,"Condo/Co-op","Washington","DC",20016,463500,2,1,1001,463.036963036963,1001,1942,"Sold",0.776306344763112
"43729739","4201 Cathedral Ave NW Unit 206W","PAST SALE",2017-09-08,2017-08-15,"Condo/Co-op","Washington","DC",20016,249900,1,1,888,281.418918918919,888,1960,"Sold",1.20364000572741
"13767401","3407 29th St NW #2","PAST SALE",2017-09-08,2017-08-15,"Condo/Co-op","Washington","DC",20008,3e+05,1,1,570,526.315789473684,570,1923,"Sold",0.102824641646764
"10014621","1438 Meridian Pl NW #302","PAST SALE",2017-09-12,2017-08-23,"Condo/Co-op","Washington","DC",20010,390000,2,1,788,494.92385786802,788,1910,"Sold",0.345397216329127
"40501941","907 Webster St NW #3","PAST SALE",NA,NA,"Townhouse","Washington","DC",20011,619195,2,3,1287,481.114996114996,1287,1907,NA,0.483260243526474
"10071153","87 Hawthorne Ct NE #87","PAST SALE",2017-09-08,2017-08-15,"Townhouse","Washington","DC",20017,230000,1,1,719,319.888734353268,719,1982,"Sold",0.847231089172551
"9963489","3941 Langley Ct NW Apt F582","PAST SALE",NA,NA,"Condo/Co-op","Washington","DC",20016,463500,1,1,1001,463.036963036963,1001,1942,NA,0.776306344763112
"10087648","1031 Michigan Ave NE Apt 4","PAST SALE",NA,NA,"Condo/Co-op","Washington","DC",20017,248000,1,1,597,415.410385259631,597,1958,NA,0.194322727711745
"13884795","1201 Kenyon St NW #1","PAST SALE",2017-09-08,2017-08-15,"Condo/Co-op","Washington","DC",20010,523900,2,2,970,540.103092783505,970,1901,"Sold",0.269983107725443
"10345477","939 Longfellow St NW #5","PAST SALE",2017-09-05,2017-08-09,"Condo/Co-op","Washington","DC",20011,130000,1,1,654,198.776758409786,654,1940,"Sold",1.33305817010963
"10009302","1752 Park Rd NW Unit B","PAST SALE",2017-09-06,2017-08-11,"Condo/Co-op","Washington","DC",20010,510000,2,1,850,600,850,1909,"Sold",0.47310312383856
"81239103","4005 7th St NE #2","PAST SALE",2017-09-08,2017-08-15,"Condo/Co-op","Washington","DC",20017,430000,2,2,825,521.212121212121,825,1938,"Sold",0.401095033827762
"9981723","4707 Connecticut Ave NW #508","PAST SALE",2017-09-11,2017-08-21,"Condo/Co-op","Washington","DC",20008,424000,1,1,930,455.913978494624,930,1930,"Sold",0.525926598103251
"13618816","711 Jackson St NE #4","PAST SALE",2017-09-05,2017-08-09,"Townhouse","Washington","DC",20017,550000,2,2,1036,530.888030888031,1036,2017,"Sold",0.323605016873747
"10076571","3000 7th St NE Apt 120","PAST SALE",NA,NA,"Condo/Co-op","Washington","DC",20017,170700,0,1,363,470.247933884298,363,1967,NA,0.425735077966208
"9960690","4301 Massachusetts Ave NW #600","PAST SALE",NA,NA,"Condo/Co-op","Washington","DC",20016,250000,1,1,956,261.506276150628,956,1951,NA,0.821806142572984
"11745499","3937 S St SE Unit 8A","PAST SALE",2017-09-15,2017-08-29,"Condo/Co-op","Washington","DC",20020,64050,2,1,751,85.2862849533955,751,1940,"Sold",1.05409745011462
"13158026","256 56th Pl NE","PAST SALE",2017-09-08,2017-08-15,"Townhouse","Washington","DC",20019,254900,2,1,800,318.625,2375,1945,"Sold",0.934852430455877
"12845971","1710 Gales St NE #1","PAST SALE",2017-09-19,2017-09-06,"Condo/Co-op","Washington","DC",20002,345500,2,1,720,479.861111111111,720,2016,"Sold",0.6873618799625
"9871070","1440 N St NW #610","PAST SALE",2017-09-18,2017-09-04,"Condo/Co-op","Washington","DC",20005,240000,1,1,421,570.071258907363,421,1964,"Sold",0.410358995866893
"10119673","4020 Grant St NE","PAST SALE",2017-09-19,2017-09-06,"Single Family Residential","Washington","DC",20019,206000,2,1,464,443.965517241379,2600,1926,"Sold",0.305006346157329
"43092562","800 4th St SW Unit N-703","PAST SALE",2017-09-20,2017-09-08,"Condo/Co-op","Washington","DC",20024,271500,0,1,486,558.641975308642,486,1959,"Sold",0.242754503196039
"10151177","2311 Altamont Pl SE #1","PAST SALE",2017-09-20,2017-09-08,"Condo/Co-op","Washington","DC",20020,65000,1,1,629,103.338632750397,629,1940,"Sold",1.19286495587908
"10348532","355 I St SW Apt 214","PAST SALE",NA,NA,"Condo/Co-op","Washington","DC",20024,380000,1,1,672,565.47619047619,672,2005,NA,0.206652837682001
"43214781","1014 10th St NE #1","PAST SALE",2017-09-22,2017-09-12,"Townhouse","Washington","DC",20002,489900,2,2,1015,482.660098522168,1015,1910,"Sold",0.628620630616854
"9876072","1101 L St NW #510","PAST SALE",2017-09-22,2017-09-12,"Condo/Co-op","Washington","DC",20005,271000,0,1,428,633.177570093458,428,1926,"Sold",0.303150419513792
"9919148","1508 E St SE","PAST SALE",2017-09-22,2017-09-12,"Townhouse","Washington","DC",20003,820000,2,2.5,1348,608.308605341246,1312,1900,"Sold",0.173007443162637
"12530641","150 V St NW Unit V309","PAST SALE",2017-09-25,2017-09-18,"Condo/Co-op","Washington","DC",20001,450000,1,1,752,598.404255319149,752,2006,"Sold",0.574879405756364
"9905495","510 9th St SE","PAST SALE",2017-09-22,2017-09-12,"Townhouse","Washington","DC",20003,1040000,2,2.5,1756,592.255125284738,1673,1900,"Sold",0.185271948898444
"10342615","631 D St NW #638","PAST SALE",2017-09-27,2017-09-22,"Condo/Co-op","Washington","DC",20004,335000,0,1,540,620.37037037037,540,2004,"Sold",0.0983097763316582
"44656418","136 Quincy Pl NE #2","PAST SALE",2017-09-27,2017-09-22,"Townhouse","Washington","DC",20002,730000,2,2.5,1600,456.25,1600,1907,"Sold",0.344855590139427
"9900274","649 C St SE #105","PAST SALE",2017-09-26,2017-09-20,"Condo/Co-op","Washington","DC",20003,341500,0,1,473,721.987315010571,473,1986,"Sold",0.115607808014185
"10097885","1300 Childress St NE #3","PAST SALE",2017-09-29,2017-09-26,"Condo/Co-op","Washington","DC",20002,289000,2,1,734,393.732970027248,734,1937,"Sold",1.05961179738137
"10135686","4684 A St SE","PAST SALE",2017-09-28,2017-09-24,"Townhouse","Washington","DC",20019,203000,2,1,800,253.75,2064,1945,"Sold",0.244044733471924
"9882906","1425 4th St SW Unit A414","PAST SALE",2017-09-05,2017-08-09,"Condo/Co-op","Washington","DC",20024,336000,1,1,717,468.619246861925,717,1965,"Sold",0.310881025288836
"9880665","700 7th St SW Apt 813","PAST SALE",NA,NA,"Condo/Co-op","Washington","DC",20024,279000,2,1,827,337.363966142684,827,1967,NA,0.368669944015589
"9917066","1416 E Capitol St SE #1416","PAST SALE",NA,NA,"Townhouse","Washington","DC",20003,640000,2,2.5,1410,453.900709219858,1064,1980,NA,0.535536890006902
"10175961","1460 T St NW","PAST SALE",2017-09-15,2017-08-29,"Townhouse","Washington","DC",20009,1060000,2,2,1805,587.257617728532,1517,1890,"Sold",0.299906201053906
"12533459","1010 Massachusetts Ave NW #202","PAST SALE",2017-09-12,2017-08-23,"Condo/Co-op","Washington","DC",20001,692000,2,2,1100,629.090909090909,1100,2007,"Sold",0.300549032460162
"9920361","1611 Massachusetts Ave SE","PAST SALE",2017-09-15,2017-08-29,"Townhouse","Washington","DC",20003,549900,2,1,780,705,835,1918,"Sold",0.387559039813705
"10122912","4513 Eads Pl NE","PAST SALE",2017-09-18,2017-09-04,"Single Family Residential","Washington","DC",20019,325000,2,2,1248,260.416666666667,1782,1944,"Sold",0.38829458351898
"10342074","1111 11th St NW #901","PAST SALE",2017-09-28,2017-09-24,"Condo/Co-op","Washington","DC",20001,642000,2,2,937,685.165421558164,937,2004,"Sold",0.261190971794497
"42957083","3924 W St NW #2","PAST SALE",2017-09-07,2017-08-13,"Townhouse","Washington","DC",20007,490000,2,1,805,608.695652173913,805,1938,"Sold",1.41438703822154
"9959575","4000 Tunlaw Rd NW #804","PAST SALE",2017-09-13,2017-08-25,"Condo/Co-op","Washington","DC",20007,220000,0,1,440,500,440,1960,"Sold",1.3750187256748
"42415276","3680 38th St NW Unit A241","PAST SALE",2017-09-15,2017-08-29,"Condo/Co-op","Washington","DC",20016,377000,1,1.5,863,436.848203939745,863,1942,"Sold",0.673708538312775
"9946121","4849 Brandywine St NW","PAST SALE",2017-09-22,2017-09-12,"Single Family Residential","Washington","DC",20016,825000,2,1.5,1937,425.916365513681,2970,1934,"Sold",0.912528040992939
"9969653","5410 Connecticut Ave NW Apt 516","PAST SALE",NA,NA,"Condo/Co-op","Washington","DC",20015,299000,1,1,726,411.845730027548,726,1957,NA,0.61269082647225
"40501593","5201-B Wisconsin Ave NW #213","PAST SALE",2017-09-11,2017-08-21,"Condo/Co-op","Washington","DC",20015,370000,1,1,629,588.235294117647,629,2010,"Sold",0.272955435009867
"11747261","2725 39th St NW #307","PAST SALE",2017-09-22,2017-09-12,"Condo/Co-op","Washington","DC",20007,324900,1,1,774,419.767441860465,774,1959,"Sold",1.29617628241116
"81949110","2339 40th Pl NW #002","PAST SALE",2017-09-29,2017-09-26,"Condo/Co-op","Washington","DC",20007,249000,1,1,600,415,600,1942,"Sold",1.43375460670777
"9968154","3680 38th St NW Apt A241","PAST SALE",NA,NA,"Condo/Co-op","Washington","DC",20016,377000,1,1.5,863,436.848203939745,863,1942,NA,0.664783067516081
"9968352","3831 Rodman St NW Unit A25","PAST SALE",2017-09-13,2017-08-25,"Condo/Co-op","Washington","DC",20016,529000,2,2,1261,419.508326724822,1261,1942,"Sold",0.627330129055764
"9969823","5410 Connecticut Ave NW #914","PAST SALE",2017-09-29,2017-09-26,"Condo/Co-op","Washington","DC",20015,282000,1,1,798,353.383458646617,798,1957,"Sold",0.61269082647225
"10349666","2535 13th St NW #102","PAST SALE",2017-09-22,2017-09-12,"Condo/Co-op","Washington","DC",20009,449900,2,1,650,692.153846153846,650,1925,"Sold",0.414923829339482
"9860921","1601 18th St NW #518","PAST SALE",2017-09-07,2017-08-13,"Condo/Co-op","Washington","DC",20009,298970,0,1,410,729.19512195122,410,1962,"Sold",0.199380436051599
"9860745","1601 18th St NW #201","PAST SALE",2017-09-22,2017-09-12,"Condo/Co-op","Washington","DC",20009,339500,1,1,485,700,485,1962,"Sold",0.19938126753734
"10005991","1688 Euclid St NW Unit B","PAST SALE",2017-09-22,2017-09-12,"Townhouse","Washington","DC",20009,681000,2,1.5,1191,571.788413098237,1191,1980,"Sold",0.490183237267466
"9052421","1260 21st St NW #906","PAST SALE",2017-09-22,2017-09-12,"Condo/Co-op","Washington","DC",20036,292000,1,1,506,577.075098814229,506,1966,"Sold",0.317614289074895
"9867557","2032 15th St NW #7","PAST SALE",2017-09-27,2017-09-22,"Condo/Co-op","Washington","DC",20009,360000,1,1,540,666.666666666667,540,1915,"Sold",0.31845636263778
"9053910","1099 22nd St NW #403","PAST SALE",2017-09-29,2017-09-26,"Condo/Co-op","Washington","DC",20037,699000,2,2.5,1100,635.454545454545,1100,1985,"Sold",0.186666465846684
"13011921","3240 Hiatt Pl NW #5","PAST SALE",2017-09-29,2017-09-26,"Condo/Co-op","Washington","DC",20010,660235,2,2,1404,470.252849002849,1404,2006,"Sold",0.190264249491461
"9058675","2030 F St NW #1004","PAST SALE",2017-09-29,2017-09-26,"Condo/Co-op","Washington","DC",20006,254000,0,1,505,502.970297029703,505,1960,"Sold",0.354944781557391
"25692169","1701 16th St NW #209","PAST SALE",2017-09-28,2017-09-24,"Condo/Co-op","Washington","DC",20009,387000,1,1,667,580.209895052474,667,1920,"Sold",0.470198635361924
"9057027","1330 New Hampshire Ave NW #521","PAST SALE",2017-09-29,2017-09-26,"Condo/Co-op","Washington","DC",20036,274000,0,1,504,543.650793650794,504,1963,"Sold",0.200022792096249
"10345506","939 Longfellow St NW #208","PAST SALE",2017-09-13,2017-08-25,"Condo/Co-op","Washington","DC",20011,205000,1,1,628,326.433121019108,628,1940,"Sold",1.33305817010963
"11745938","1401 Q St NW #101","PAST SALE",2017-09-15,2017-08-29,"Condo/Co-op","Washington","DC",20009,695000,1,1.5,987,704.154002026342,987,2006,"Sold",0.432066289734193
"10184590","6827 4th St NW Apt 210","PAST SALE",NA,NA,"Condo/Co-op","Washington","DC",20012,340000,1,1.5,750,453.333333333333,750,2000,NA,0.172293117279138
"10349836","343 Cedar St NW #103","PAST SALE",2017-09-29,2017-09-26,"Condo/Co-op","Washington","DC",20012,4550000,2,2.5,1264,3599.6835443038,1264,2005,"Sold",0.042689361801888
"53448699","4800 Georgia Ave NW #403","PAST SALE",2017-09-29,2017-09-26,"Condo/Co-op","Washington","DC",20011,335000,1,1,609,550.08210180624,609,1926,"Sold",0.788240025621719
"12529985","2004 3rd St NE #103","PAST SALE",2017-09-18,2017-09-04,"Condo/Co-op","Washington","DC",20002,305000,1,1,605,504.132231404959,605,1954,"Sold",0.590957896148309
"10131920","6132 Banks Pl NE","PAST SALE",2017-09-06,2017-08-11,"Townhouse","Washington","DC",20019,168000,2,1.5,800,210,1550,1945,"Sold",0.985409870440179
"10129366","5722 Foote St NE","PAST SALE",2017-09-08,2017-08-15,"Single Family Residential","Washington","DC",20019,150000,2,1,768,195.3125,4515,1920,"Sold",1.1522701071558
"10186739","3925 Davis Pl NW #104","PAST SALE",2017-09-18,2017-09-04,"Condo/Co-op","Washington","DC",20007,289000,1,1,648,445.987654320988,648,1940,"Sold",1.34195189274992
"9964296","2801 New Mexico Ave NW #601","PAST SALE",2017-09-26,2017-09-20,"Condo/Co-op","Washington","DC",20007,692500,2,2.5,1662,416.666666666667,1662,1966,"Sold",1.33196049976155
"9870224","1625 15th St NW #2","PAST SALE",2017-09-29,2017-09-26,"Condo/Co-op","Washington","DC",20009,504000,1,1,768,656.25,768,1900,"Sold",0.462926463881705
"9905224","327 10th St SE #4","PAST SALE",2017-09-29,2017-09-26,"Condo/Co-op","Washington","DC",20003,384000,2,1,557,689.407540394973,557,1955,"Sold",0.171001268922996
"9044740","922 24th St NW #121","PAST SALE",2017-09-29,2017-09-26,"Condo/Co-op","Washington","DC",20037,331000,1,1,700,472.857142857143,700,1962,"Sold",0.062882944718985
"10141111","4502 Texas Ave SE","PAST SALE",2017-09-08,2017-08-15,"Townhouse","Washington","DC",20019,345000,2,2,884,390.27149321267,1906,1950,"Sold",0.404195884440131
"10116331","3354 Baker St NE","PAST SALE",2017-09-15,2017-08-29,"Townhouse","Washington","DC",20019,2e+05,2,1.5,832,240.384615384615,1671,1940,"Sold",0.511300044737224
"10346002","4210 Benning Rd NE #3","PAST SALE",2017-09-15,2017-08-29,"Condo/Co-op","Washington","DC",20019,85000,2,1,673,126.30014858841,673,1939,"Sold",0.317993416492169
"10139907","4341 F St SE","PAST SALE",2017-09-26,2017-09-20,"Townhouse","Washington","DC",20019,330000,2,2,832,396.634615384615,2173,1950,"Sold",0.641662695931643
"02651540","2711 Q St SE #203","PAST SALE",2017-09-29,2017-09-26,"Condo/Co-op","Washington","DC",20020,1490,1,1,700,2.12857142857143,700,1950,"Sold",1.18577894979211
"9916546","237 14th Pl NE","PAST SALE",2017-09-15,2017-08-29,"Townhouse","Washington","DC",20002,620000,2,1.5,980,632.65306122449,1088,1915,"Sold",0.572433305910439
"10130079","5253 Banks Pl NE","PAST SALE",2017-09-29,2017-09-26,"Townhouse","Washington","DC",20019,330000,2,1,864,381.944444444444,2044,1930,"Sold",0.643221879059191
"28583397","420 16th St SE #103","PAST SALE",2017-09-29,2017-09-26,"Condo/Co-op","Washington","DC",20003,322100,1,1,600,536.833333333333,600,1947,"Sold",0.247499198812184
"13979782","1709 Bay St SE #1","PAST SALE",2017-09-18,2017-09-04,"Townhouse","Washington","DC",20003,615000,2,2,1100,559.090909090909,1100,1926,"Sold",0.303790969432759
"43347210","4000 8th St NE #2","PAST SALE",2017-09-19,2017-09-06,"Condo/Co-op","Washington","DC",20017,350000,1,1,752,465.425531914894,752,1939,"Sold",0.400235870086927
"10107400","3052 Pineview Ct NE #3052","PAST SALE",2017-09-22,2017-09-12,"Condo/Co-op","Washington","DC",20018,121000,1,1,584,207.191780821918,584,1978,"Sold",1.89195658215788
"12531505","401 13th St NE #301","PAST SALE",2017-09-28,2017-09-24,"Condo/Co-op","Washington","DC",20002,430000,1,1,792,542.929292929293,792,2007,"Sold",0.819126924045695
"28497538","219 T St NE Unit T2","PAST SALE",2017-09-28,2017-09-24,"Condo/Co-op","Washington","DC",20002,163000,1,1,425,383.529411764706,425,1913,"Sold",0.553645250807205
"10084386","641 Emerson St NE","PAST SALE",2017-09-18,2017-09-04,"Townhouse","Washington","DC",20017,515000,2,2,1224,420.751633986928,1655,1948,"Sold",0.211325509881726
"9933809","2320 Wisconsin Ave NW #402","PAST SALE",2017-09-22,2017-09-12,"Condo/Co-op","Washington","DC",20007,420000,1,1,744,564.516129032258,744,1984,"Sold",1.07808488159065
"25676551","5112 Connecticut Ave NW #110","PAST SALE",2017-09-22,2017-09-12,"Condo/Co-op","Washington","DC",20008,329000,2,1,800,411.25,800,1927,"Sold",0.720916232391975
"39582939","700 New Hampshire Ave NW #307","PAST SALE",2017-09-25,2017-09-18,"Condo/Co-op","Washington","DC",20037,825000,2,2,1381,597.393193338161,1381,1971,"Sold",0.306877950568438
"21943240","8203 Grubb Rd Unit G-101","PAST SALE",2017-09-26,2017-09-20,"Condo/Co-op","Silver Spring","MD",20910,267000,2,1,824,324.029126213592,824,1948,"Sold",0.836771387312894
"9989214","2829 Connecticut Ave NW #508","PAST SALE",2017-09-26,2017-09-20,"Condo/Co-op","Washington","DC",20008,228000,0,1,462,493.506493506493,462,1963,"Sold",0.110471895154101
"9989430","2725 Connecticut Ave NW #107","PAST SALE",2017-09-25,2017-09-18,"Condo/Co-op","Washington","DC",20008,390000,1,1,747,522.088353413655,747,1989,"Sold",0.0454756772799566
"9859702","1725 New Hampshire Ave NW #502","PAST SALE",2017-09-26,2017-09-20,"Condo/Co-op","Washington","DC",20009,582500,2,2,830,701.807228915663,830,1936,"Sold",0.315852530679522
"9862733","1718 P St NW #704","PAST SALE",2017-09-29,2017-09-26,"Condo/Co-op","Washington","DC",20036,415000,1,1,745,557.046979865772,745,1968,"Sold",0.322490838499811
"12530335","400 Evarts St NE #304","PAST SALE",2017-09-29,2017-09-26,"Condo/Co-op","Washington","DC",20017,285000,1,1,619,460.420032310178,619,1930,"Sold",0.416939517054314
"10112325","1734 Gales St NE","PAST SALE",2017-09-28,2017-09-24,"Townhouse","Washington","DC",20002,6e+05,2,2.5,1120,535.714285714286,1253,1948,"Sold",0.678229866242824
"9859067","1830 17th St NW #607","PAST SALE",2017-09-29,2017-09-26,"Condo/Co-op","Washington","DC",20009,564000,1,1,700,805.714285714286,700,1901,"Sold",0.449623952150206
"9923016","1015 33rd St NW #509","PAST SALE",2017-09-28,2017-09-24,"Condo/Co-op","Washington","DC",20007,1065000,2,2,1734,614.186851211073,1734,1985,"Sold",0.590730438857716
"12530627","2022 Flagler Pl NW Unit F202","PAST SALE",2017-09-29,2017-09-26,"Condo/Co-op","Washington","DC",20001,424000,1,1,693,611.832611832612,693,2006,"Sold",0.580310172835049
"9924890","1080 Wisconsin Ave NW #2006","PAST SALE",2017-09-29,2017-09-26,"Condo/Co-op","Washington","DC",20007,468000,1,1.5,870,537.931034482759,870,1981,"Sold",0.718624419985458
"10045455","425 Elm St NW","PAST SALE",2017-09-29,2017-09-26,"Townhouse","Washington","DC",20001,512000,2,1,784,653.061224489796,840,1908,"Sold",0.393947491819653
"12061142","4000 Cathedral Ave NW Unit 809B","PAST SALE",2017-09-29,2017-09-26,"Condo/Co-op","Washington","DC",20016,563000,2,2,1350,417.037037037037,1350,1931,"Sold",1.19797415839401
"9876883","927 W St NW","PAST SALE",2017-09-15,2017-08-29,"Townhouse","Washington","DC",20001,669000,2,1,1200,557.5,703,1890,"Sold",0.236127321460401
"9999274","2107 S St NW Apt J","PAST SALE",NA,NA,"Condo/Co-op","Washington","DC",20008,710000,2,1,986,720.081135902637,986,1904,NA,0.248718581511342
"21644100","929 Florida Ave NW #5006","PAST SALE",2017-09-15,2017-08-29,"Condo/Co-op","Washington","DC",20001,293000,0,1,385,761.038961038961,385,2006,"Sold",0.280450831412675
"49670699","1339 Irving St NW Unit C","PAST SALE",2017-09-19,2017-09-06,"Townhouse","Washington","DC",20010,770000,2,2,1300,592.307692307692,1300,1900,"Sold",0.10170865531114
"12530813","4108 14th St NW #3","PAST SALE",2017-09-19,2017-09-06,"Townhouse","Washington","DC",20011,511000,2,2,1320,387.121212121212,1320,1956,"Sold",0.509698073607369
"9888703","12 Hanover Pl NW","PAST SALE",2017-09-20,2017-09-08,"Townhouse","Washington","DC",20001,650000,2,2.5,1140,570.175438596491,900,1997,"Sold",0.351372699666672
"10192837","1001 L St NW #704","PAST SALE",2017-09-20,2017-09-08,"Condo/Co-op","Washington","DC",20001,595000,2,2,934,637.044967880086,934,2004,"Sold",0.245399835302765
"13619110","2422 17th St NW #202","PAST SALE",2017-09-21,2017-09-10,"Condo/Co-op","Washington","DC",20009,449900,2,2,NA,NA,NA,1910,"Sold",0.556028530165421
"10193143","777 7th St NW #736","PAST SALE",2017-09-20,2017-09-08,"Condo/Co-op","Washington","DC",20001,510000,1,1,1012,503.95256916996,1012,2005,"Sold",0.0586383001329145
"9061579","1825 19th St NW #1","PAST SALE",2017-09-25,2017-09-18,"Townhouse","Washington","DC",20009,669900,2,2,1019,657.409224730128,1019,1885,"Sold",0.29402878148491
"9916446","242 14th Pl NE","PAST SALE",2017-09-25,2017-09-18,"Townhouse","Washington","DC",20002,720000,2,2.5,1260,571.428571428571,1740,1900,"Sold",0.598520640415289
"13757925","3101 Sherman Ave NW #205","PAST SALE",2017-09-27,2017-09-22,"Condo/Co-op","Washington","DC",20010,457500,2,2,NA,NA,NA,2017,"Sold",0.377109660585634
"21647580","2320 Chester St SE #102","PAST SALE",2017-09-26,2017-09-20,"Condo/Co-op","Washington","DC",20020,67725,2,1,697,97.1664275466284,697,1968,"Sold",0.529407819271038
"13114834","1343 Bryant St NE #4","PAST SALE",2017-09-28,2017-09-24,"Condo/Co-op","Washington","DC",20018,317000,2,1,725,437.241379310345,725,1941,"Sold",0.344211098941147
"11748154","1457 Park Rd NW #102","PAST SALE",2017-09-28,2017-09-24,"Condo/Co-op","Washington","DC",20010,297000,1,1,738,402.439024390244,738,1928,"Sold",0.203224208979057
"10153975","2115 Suitland Ter SE #102","PAST SALE",2017-09-29,2017-09-26,"Condo/Co-op","Washington","DC",20020,130000,2,1,1200,108.333333333333,1200,1940,"Sold",0.909149745789065
"9885995","1250 4th St SW Unit W203","PAST SALE",2017-09-29,2017-09-26,"Condo/Co-op","Washington","DC",20024,339000,1,1,718,472.144846796657,718,1967,"Sold",0.123875203595128
"81865043","560 N St SW Unit N409","PAST SALE",2017-09-29,2017-09-26,"Condo/Co-op","Washington","DC",20024,346000,1,1,680,508.823529411765,680,1966,"Sold",0.214758172752261
"23062130","1519 Park Rd NW Unit B5","PAST SALE",2017-09-29,2017-09-26,"Condo/Co-op","Washington","DC",20010,365976,2,1.5,1029,355.661807580175,1029,1905,"Sold",0.24593619174851
"21647339","4252 Martin Luther King Jr Ave SW","PAST SALE",2017-09-29,2017-09-26,"Townhouse","Washington","DC",20032,301500,2,2.5,1468,205.381471389646,560,2006,"Sold",1.66646026776503
"10117690","3421 Baker St NE","PAST SALE",2017-09-08,2017-08-15,"Townhouse","Washington","DC",20019,253000,2,1.5,832,304.086538461538,1600,1941,"Sold",0.447418119399232
"10107664","3138 Apple Rd NE #16","PAST SALE",2017-09-13,2017-08-25,"Townhouse","Washington","DC",20018,229000,2,1,956,239.539748953975,956,1978,"Sold",1.64087582657419
"96344685","3723 Commodore Joshua Barney Dr NE","PAST SALE",2017-09-15,2017-08-29,"Townhouse","Washington","DC",20018,484000,2,3,1664,290.865384615385,1471,2013,"Sold",1.43606410355392
"13437265","429 60th St NE #1","PAST SALE",2017-09-22,2017-09-12,"Condo/Co-op","Washington","DC",20019,1e+05,1,1,2444,40.9165302782324,2444,1951,"Sold",1.198035775111
"10117734","3315 Ames St NE","PAST SALE",2017-09-15,2017-08-29,"Townhouse","Washington","DC",20019,375000,2,1.5,1024,366.2109375,1440,1942,"Sold",0.656551339657145
"10130925","256 56th Pl NE","PAST SALE",NA,NA,"Townhouse","Washington","DC",20019,254900,2,1,800,318.625,2375,1945,NA,0.922287750772282
"10133369","5522 Bass Pl SE","PAST SALE",NA,NA,"Single Family Residential","Washington","DC",20019,173470,2,1,1040,166.798076923077,2923,1947,NA,0.944686668170494
"39956219","500 25th Pl NE #103","PAST SALE",2017-09-07,2017-08-13,"Condo/Co-op","Washington","DC",20002,280000,1,1,700,400,700,1930,"Sold",0.562902040939642
"10126648","4903 Just St NE","PAST SALE",2017-09-14,2017-08-27,"Townhouse","Washington","DC",20019,90000,2,1,986,91.2778904665314,1607,1941,"Sold",0.467484054412451
"10116312","234 34th St NE","PAST SALE",NA,NA,"Condo/Co-op","Washington","DC",20019,180000,2,1,832,216.346153846154,832,1939,NA,0.488457815858787
"12057440","1688 Euclid St NW Unit A","PAST SALE",2017-09-05,2017-08-09,"Condo/Co-op","Washington","DC",20009,370000,1,1,650,569.230769230769,650,1980,"Sold",0.490183237267466
"21646033","1209 13th St NW #407","PAST SALE",2017-09-06,2017-08-11,"Condo/Co-op","Washington","DC",20005,590000,1,1.5,860,686.046511627907,860,2007,"Sold",0.388798679480255
"42148273","1000 New Jersey Ave SE #604","PAST SALE",2017-09-06,2017-08-11,"Condo/Co-op","Washington","DC",20003,355000,1,1,750,473.333333333333,750,2006,"Sold",0.099553823177042
"56759596","1801 16th St NW #209","PAST SALE",2017-09-08,2017-08-15,"Condo/Co-op","Washington","DC",20009,594500,1,1,730,814.383561643836,730,1917,"Sold",0.437689774287637
"12075525","1701 16th St NW #204","PAST SALE",2017-09-11,2017-08-21,"Condo/Co-op","Washington","DC",20009,179888,0,1,320,562.15,320,1920,"Sold",0.470198635361924
"10161134","2640 Stanton Rd SE","PAST SALE",2017-09-12,2017-08-23,"Single Family Residential","Washington","DC",20020,207000,2,1,868,238.479262672811,4630,1910,"Sold",0.602343463786129
"13863941","1310 Q St NW #5","PAST SALE",2017-09-13,2017-08-25,"Condo/Co-op","Washington","DC",20009,1595000,2,2,1565,1019.16932907348,1565,2017,"Sold",0.423599159664769
"10194468","3883 Connecticut Ave NW #309","PAST SALE",2017-09-14,2017-08-27,"Condo/Co-op","Washington","DC",20008,667000,2,2,1015,657.142857142857,1015,2002,"Sold",0.288841124931385
"13723761","3219 12th St NE #102","PAST SALE",2017-09-05,2017-08-09,"Condo/Co-op","Washington","DC",20017,585000,2,2.5,1165,502.145922746781,1165,2016,"Sold",0.34177385340644
"13899892","5224 4th St NW #202","PAST SALE",2017-09-13,2017-08-25,"Condo/Co-op","Washington","DC",20011,311000,1,1,545,570.642201834862,545,1936,"Sold",1.0003449076118
"45114812","1869 Mintwood Pl NW #24","PAST SALE",2017-09-14,2017-08-27,"Condo/Co-op","Washington","DC",20009,391000,1,1,731,534.883720930233,731,1917,"Sold",0.516305065049748
"10341616","1300 N St NW #16","PAST SALE",2017-09-15,2017-08-29,"Condo/Co-op","Washington","DC",20005,475000,1,1,648,733.024691358025,648,2004,"Sold",0.423919367429329
"45505262","1400 Oglethorpe St NW #7","PAST SALE",2017-09-15,2017-08-29,"Condo/Co-op","Washington","DC",20011,284500,1,1,678,419.616519174041,678,1938,"Sold",1.32281808201965
"10076697","708 Irving St NE #101","PAST SALE",2017-09-18,2017-09-04,"Condo/Co-op","Washington","DC",20017,417500,2,2,922,452.819956616052,922,1932,"Sold",0.364823861857811
"22636487","912 F St NW #408","PAST SALE",2017-09-18,2017-09-04,"Condo/Co-op","Washington","DC",20004,711500,2,2,1250,569.2,1250,2006,"Sold",0.228806689253804
"22009349","2122 California St NW #354","PAST SALE",2017-09-20,2017-09-08,"Condo/Co-op","Washington","DC",20008,370000,1,1,675,548.148148148148,675,1905,"Sold",0.383437562922213
"9878475","801 Pennsylvania Ave NW #1206","PAST SALE",2017-09-20,2017-09-08,"Condo/Co-op","Washington","DC",20004,380000,1,1,505,752.475247524752,505,1990,"Sold",0.0562758527278757
"10004325","1822 Vernon St NW #106","PAST SALE",2017-09-22,2017-09-12,"Condo/Co-op","Washington","DC",20009,550000,2,1,828,664.251207729469,828,1910,"Sold",0.429696885472878
"10177545","1125 Maryland Ave NE #16","PAST SALE",2017-09-22,2017-09-12,"Condo/Co-op","Washington","DC",20002,374000,1,1,753,496.67994687915,753,1928,"Sold",0.871775299012022
"9862455","1718 P St NW Unit L1","PAST SALE",2017-09-22,2017-09-12,"Condo/Co-op","Washington","DC",20036,270000,0,1,436,619.266055045872,436,1968,"Sold",0.322490838499811
"39927645","3318 Sherman Ave NW #108","PAST SALE",2017-09-22,2017-09-12,"Townhouse","Washington","DC",20010,367500,1,1.5,670,548.507462686567,670,1915,"Sold",0.370569094484822
"42442685","520 N St SW Unit S 230","PAST SALE",2017-09-22,2017-09-12,"Condo/Co-op","Washington","DC",20024,295000,1,1,810,364.197530864198,810,1966,"Sold",0.212010877201364
"10175391","2641 Bowen Rd SE Unit A","PAST SALE",2017-09-22,2017-09-12,"Townhouse","Washington","DC",20020,170000,2,1,778,218.508997429306,778,1997,"Sold",0.47785059201223
"9925812","1241 28th St NW","PAST SALE",2017-09-22,2017-09-12,"Townhouse","Washington","DC",20007,1290000,2,2,1122,1149.73262032086,869,1900,"Sold",0.502773889355464
"9865937","1704 16th St NW #1","PAST SALE",2017-09-22,2017-09-12,"Townhouse","Washington","DC",20009,8e+05,2,2,1404,569.80056980057,1404,1907,"Sold",0.44922353674836
"10342843","616 E St NW #321","PAST SALE",2017-09-20,2017-09-08,"Condo/Co-op","Washington","DC",20004,474000,1,1,842,562.945368171021,842,2004,"Sold",0.112451782078488
"12530181","430 Irving St NW #203","PAST SALE",2017-09-22,2017-09-12,"Condo/Co-op","Washington","DC",20010,175000,0,1,252,694.444444444444,252,1942,"Sold",0.640163369398084
"12530178","430 Irving St NW #206","PAST SALE",2017-09-22,2017-09-12,"Condo/Co-op","Washington","DC",20010,310000,1,1,531,583.804143126177,531,1942,"Sold",0.640163369398084
"10183329","2004 11th St NW #233","PAST SALE",2017-09-22,2017-09-12,"Condo/Co-op","Washington","DC",20001,542000,1,1.5,888,610.36036036036,888,2000,"Sold",0.104773440934422
"23066975","475 K St NW #622","PAST SALE",2017-09-15,2017-08-29,"Condo/Co-op","Washington","DC",20001,515000,1,1,754,683.023872679045,754,2008,"Sold",0.261281162991075
"13745463","525 Water St SW Unit 430","PAST SALE",NA,NA,"Condo/Co-op","Washington","DC",20024,414900,1,1,459,903.921568627451,459,2016,NA,0.218107956033102
"10193262","777 7th St NW #936","PAST SALE",2017-09-15,2017-08-29,"Condo/Co-op","Washington","DC",20001,490000,1,1,1012,484.189723320158,1012,2005,"Sold",0.0586383001329145
"9990314","2729 Ordway St NW #5","PAST SALE",2017-09-15,2017-08-29,"Townhouse","Washington","DC",20008,521750,2,1,1140,457.675438596491,1140,1944,"Sold",0.169699351606421
"55188293","4805 4th St NW #2","PAST SALE",2017-09-12,2017-08-23,"Condo/Co-op","Washington","DC",20011,326500,1,1,648,503.858024691358,648,1936,"Sold",0.887106941413191
"9060011","1301 20th St NW #213","PAST SALE",2017-09-18,2017-09-04,"Condo/Co-op","Washington","DC",20036,368500,1,1,642,573.98753894081,642,1973,"Sold",0.239415530782761
"9906574","317 10th St NE #1","PAST SALE",2017-09-13,2017-08-25,"Condo/Co-op","Washington","DC",20002,480000,2,1.5,1025,468.292682926829,1025,1928,"Sold",0.707862560252221
"9895888","417 Independence Ave SE","PAST SALE",2017-09-15,2017-08-29,"Townhouse","Washington","DC",20003,749900,2,1,1180,635.508474576271,1155,1900,"Sold",0.308547785161364
"10000843","2311 Connecticut Ave NW Apt 704","PAST SALE",NA,NA,"Condo/Co-op","Washington","DC",20008,458000,1,1,742,617.250673854447,742,1911,NA,0.552591807582213
"10077184","213 Hawaii Ave NE","PAST SALE",NA,NA,"Multi-Family (2-4 Unit)","Washington","DC",20011,355000,2,2,1152,308.159722222222,2013,1942,NA,0.622360824112478
"9900448","621 S Carolina Ave SE","PAST SALE",NA,NA,"Multi-Family (2-4 Unit)","Washington","DC",20003,862000,1,1.5,1152,748.263888888889,1170,1900,NA,0.122375037940763
"10176040","1406 Corcoran St NW Unit B","PAST SALE",NA,NA,"Townhouse","Washington","DC",20009,730000,2,2,1039,702.598652550529,552,2000,NA,0.40429915011363
"9928798","2500 Q St NW #420","PAST SALE",2017-09-05,2017-08-09,"Condo/Co-op","Washington","DC",20007,409900,1,1,721,568.515950069348,721,1942,"Sold",0.406109717429729
"10071088","78 Hawthorne Ct NE #78","PAST SALE",2017-09-15,2017-08-29,"Condo/Co-op","Washington","DC",20017,285000,1,1,720,395.833333333333,720,1985,"Sold",0.847731294885917
"13745916","2337 Champlain St NW Unit 9","PAST SALE",NA,NA,"Condo/Co-op","Washington","DC",20009,114200,0,1,391,292.071611253197,391,2016,NA,0.653731905270627
"10076949","53 Victor St NE","PAST SALE",NA,NA,"Multi-Family (2-4 Unit)","Washington","DC",20011,390000,2,2,1406,277.382645803698,2359,1946,NA,0.750522334937366
"9886750","300 M St SW Unit N-607","PAST SALE",NA,NA,"Condo/Co-op","Washington","DC",20024,275000,1,1,668,411.676646706587,668,1967,NA,0.0485816030432221
"04461322","2422 17th St NW #207","PAST SALE",2017-09-18,2017-09-04,"Condo/Co-op","Washington","DC",20009,429900,2,2,NA,NA,NA,1910,"Sold",0.556028530165421
"42281174","911 2nd St NE Unit 404","PAST SALE",NA,NA,"Condo/Co-op","Washington","DC",20002,439000,NA,NA,NA,NA,NA,NA,NA,0.31293868660199
"12531334","3446 Connecticut Ave NW #200","PAST SALE",2017-09-12,2017-08-23,"Condo/Co-op","Washington","DC",20008,295000,1,1,481,613.305613305613,481,1927,"Sold",0.0453815770074295
"10195141","1831 Belmont Rd NW #103","PAST SALE",2017-09-12,2017-08-23,"Condo/Co-op","Washington","DC",20009,349950,1,1,580,603.362068965517,580,1911,"Sold",0.648328376557286
"10111079","1827 L St NE","PAST SALE",NA,NA,"Townhouse","Washington","DC",20002,613000,2,2.5,1300,471.538461538462,1911,1926,NA,1.0333228813452
"39956361","6425 14th St NW #301","PAST SALE",2017-09-22,2017-09-12,"Condo/Co-op","Washington","DC",20012,365000,2,1,874,417.620137299771,874,1952,"Sold",0.949322088059011
"10067324","6914 Willow St NW","PAST SALE",2017-09-18,2017-09-04,"Single Family Residential","Washington","DC",20012,561000,2,2,1746,321.305841924399,6353,1955,"Sold",0.209320121049612
"9960710","4301 Massachusetts Ave NW #6014","PAST SALE",2017-09-15,2017-08-29,"Condo/Co-op","Washington","DC",20016,419000,2,2,1220,343.44262295082,1220,1951,"Sold",0.821806142572984
"10349092","4101 Albemarle St NW #446","PAST SALE",2017-09-15,2017-08-29,"Condo/Co-op","Washington","DC",20016,450000,1,1,766,587.467362924282,766,2005,"Sold",0.0828893523146301
"40501753","5201-B Wisconsin Ave NW #313","PAST SALE",2017-09-12,2017-08-23,"Condo/Co-op","Washington","DC",20015,365000,1,1,650,561.538461538462,650,2010,"Sold",0.272955435009867
"9954725","3101 New Mexico Ave NW #803","PAST SALE",2017-09-15,2017-08-29,"Condo/Co-op","Washington","DC",20016,222000,0,1,585,379.48717948718,585,1979,"Sold",1.11972210313895
"10350698","742 Brandywine St SE #301","PAST SALE",2017-09-14,2017-08-27,"Condo/Co-op","Washington","DC",20032,70000,2,1,671,104.321907600596,671,1953,"Sold",0.71587425570888
"12529672","2333 16th St SE #304","PAST SALE",2017-09-15,2017-08-29,"Condo/Co-op","Washington","DC",20020,193500,2,1,810,238.888888888889,810,1966,"Sold",0.794970944206511
"17393072","1731 20th St NW #11","PAST SALE",2017-09-07,2017-08-13,"Condo/Co-op","Washington","DC",20009,262000,1,1,NA,NA,NA,1907,"Sold",0.17554918043703
"10191421","2601 Douglass Rd SE #302","PAST SALE",2017-09-04,2017-08-07,"Condo/Co-op","Washington","DC",20020,220000,2,2,1150,191.304347826087,1150,2003,"Sold",0.68853712140618
"05558163","1901 Wyoming Ave NW #57","PAST SALE",2017-09-06,2017-08-11,"Condo/Co-op","Washington","DC",20009,260000,0,1,475,547.368421052632,475,1917,"Sold",0.518028075220769
"39610892","1852 Columbia Rd NW #503","PAST SALE",2017-09-06,2017-08-11,"Condo/Co-op","Washington","DC",20009,550000,2,1,1050,523.809523809524,1050,1907,"Sold",0.637489210851641
"9042851","955 26th St NW Unit P33","PAST SALE",2017-09-11,2017-08-21,"Condo/Co-op","Washington","DC",20037,40000,0,1,NA,NA,NA,1985,"Sold",0.224059142116342
"43796275","1210 R St NW Unit P-84","PAST SALE",2017-09-11,2017-08-21,"Condo/Co-op","Washington","DC",20009,50000,0,NA,NA,NA,NA,2006,"Sold",0.320607645969541
"13433074","1820 Clydesdale Pl NW #205","PAST SALE",2017-09-11,2017-08-21,"Condo/Co-op","Washington","DC",20009,268600,1,1,NA,NA,NA,1927,"Sold",0.504106891847952
"9896808","505 F St NE","PAST SALE",NA,NA,"Townhouse","Washington","DC",20002,455000,2,3,942,483.014861995754,840,1885,NA,0.417066197247642
"30740565","1728 U St NW #2","PAST SALE",2017-09-13,2017-08-25,"Townhouse","Washington","DC",20009,675000,2,1,1010,668.316831683168,1010,1905,"Sold",0.484285787416916
"10073523","2016 Summit Pl NE","PAST SALE",2017-09-06,2017-08-11,"Townhouse","Washington","DC",20002,505000,2,2,1332,379.129129129129,1620,1912,"Sold",0.708448789763752
"9931286","3010 R St NW #2","PAST SALE",2017-09-07,2017-08-13,"Townhouse","Washington","DC",20007,620000,2,1,946,655.3911205074,946,1890,"Sold",0.805133220668199
"10107617","3108 Apple Rd NE #12","PAST SALE",2017-09-08,2017-08-15,"Townhouse","Washington","DC",20018,270000,3,1.5,1695,159.29203539823,1695,1978,"Sold",1.669431262956
"10084077","5077 8th St NE","PAST SALE",2017-09-08,2017-08-15,"Townhouse","Washington","DC",20017,389000,3,1,1479,263.015551048005,3014,1948,"Sold",0.317751427522657
"10127272","4917 Foote St NE","PAST SALE",2017-09-29,2017-09-26,"Single Family Residential","Washington","DC",20019,421000,6,3,2891,145.624351435489,5609,1996,"Sold",0.578832550349402
"10028458","1110 Park Rd NW","PAST SALE",2017-09-19,2017-09-06,"Townhouse","Washington","DC",20010,1115000,4,3.5,2244,496.880570409982,2472,1913,"Sold",0.304316489698749
"10113069","2415 E St NE","PAST SALE",2017-09-18,2017-09-04,"Townhouse","Washington","DC",20002,605000,4,2,1648,367.111650485437,1751,1943,"Sold",0.536358919446624
"10089665","4928 Sargent Rd NE","PAST SALE",2017-09-08,2017-08-15,"Townhouse","Washington","DC",20017,590000,3,2.5,1620,364.197530864198,2717,1953,"Sold",0.57800235936396
"10028187","1004 Monroe St NW","PAST SALE",2017-09-05,2017-08-09,"Townhouse","Washington","DC",20010,853000,3,2,1990,428.643216080402,1473,1912,"Sold",0.36835593881573
"9961420","4114 Jenifer St NW","PAST SALE",2017-09-22,2017-09-12,"Townhouse","Washington","DC",20015,799000,3,1.5,2133,374.589779653071,2385,1926,"Sold",0.277377362961383
"96361032","3642 Wright Trl NE","PAST SALE",2017-09-18,2017-09-04,"Townhouse","Washington","DC",20018,545000,3,2.5,1702,320.21151586369,2178,2014,"Sold",1.52397849950199
"11745598","1853 Bruce Pl SE","PAST SALE",2017-09-14,2017-08-27,"Townhouse","Washington","DC",20020,325000,3,3,1710,190.058479532164,3072,2006,"Sold",0.723175390012284
"10100721","1608 Crittenden St NE","PAST SALE",2017-09-14,2017-08-27,"Single Family Residential","Washington","DC",20017,519900,3,3,2025,256.740740740741,4391,1949,"Sold",0.899222773913453
"10126701","5031 Just St NE","PAST SALE",NA,NA,"Condo/Co-op","Washington","DC",20019,154800,3,2,1190,130.084033613445,1190,1945,NA,0.492628733457004
"10106418","3049 Clinton St NE","PAST SALE",2017-09-08,2017-08-15,"Single Family Residential","Washington","DC",20018,565000,4,3,1282,440.717628705148,7468,1937,"Sold",1.63341062405816
"10121737","4312 Polk St NE","PAST SALE",NA,NA,"Single Family Residential","Washington","DC",20019,182610,3,1,960,190.21875,1924,1945,NA,0.371616027735633
"10112705","525 21st St NE","PAST SALE",NA,NA,"Townhouse","Washington","DC",20002,527000,3,1,1260,418.253968253968,1620,1939,NA,0.57559143619555
"10138501","3904 Q St SE","PAST SALE",NA,NA,"Condo/Co-op","Washington","DC",20020,70150,3,1.5,1024,68.505859375,1024,1942,NA,1.27853952576011
"10131131","5402 Blaine St NE","PAST SALE",2017-09-07,2017-08-13,"Townhouse","Washington","DC",20019,240000,3,1,996,240.963855421687,1742,1945,"Sold",0.750447364474803
"10094825","1633 11th Pl NE","PAST SALE",NA,NA,"Condo/Co-op","Washington","DC",20002,450000,3,2,1628,276.412776412776,1628,1977,NA,0.879334309730117
"10107471","3109 Apple Rd NE #1","PAST SALE",2017-09-08,2017-08-15,"Townhouse","Washington","DC",20018,250000,3,2.5,1920,130.208333333333,1920,1978,"Sold",1.669431262956
"10149780","1736 S St SE","PAST SALE",2017-09-13,2017-08-25,"Multi-Family (2-4 Unit)","Washington","DC",20020,330000,4,4,2720,121.323529411765,2856,1938,"Sold",0.948051728959283
"9919946","1633 A St NE","PAST SALE",2017-09-13,2017-08-25,"Townhouse","Washington","DC",20002,560000,3,1.5,1408,397.727272727273,1408,1926,"Sold",0.341768941627422
"10101287","4124 20th St NE","PAST SALE",2017-09-06,2017-08-11,"Single Family Residential","Washington","DC",20018,625000,3,3,1443,433.125433125433,5790,1956,"Sold",1.07210796087149
"10142337","3301 D St SE","PAST SALE",2017-09-11,2017-08-21,"Multi-Family (2-4 Unit)","Washington","DC",20019,565501,NA,NA,3400,166.323823529412,3571,1942,"Sold",0.90299285361365
"10101892","3619 18th St NE","PAST SALE",2017-09-11,2017-08-21,"Townhouse","Washington","DC",20018,559900,3,3.5,1349,415.048183839881,1347,1927,"Sold",0.811383538727008
"10120567","4247 Eads St NE","PAST SALE",2017-09-05,2017-08-09,"Single Family Residential","Washington","DC",20019,399000,4,2,1204,331.395348837209,4938,1922,"Sold",0.394065944411944
"10120006","15 40th St NE","PAST SALE",2017-09-07,2017-08-13,"Townhouse","Washington","DC",20019,298600,3,2,1024,291.6015625,2341,1947,"Sold",0.347060157965014
"10142450","3233 Ely Pl SE","PAST SALE",2017-09-06,2017-08-11,"Townhouse","Washington","DC",20019,236000,3,1.5,1584,148.989898989899,5850,1900,"Sold",0.883451748854182
"10168602","823 Yuma St SE","PAST SALE",2017-09-13,2017-08-25,"Townhouse","Washington","DC",20032,315000,3,2,1264,249.208860759494,3996,1946,"Sold",0.627760233031386
"10170011","791 Barnaby St SE","PAST SALE",2017-09-08,2017-08-15,"Townhouse","Washington","DC",20032,349990,3,2.5,1122,311.934046345811,2475,1952,"Sold",0.796507221512426
"9962704","4814 Nebraska Ave NW","PAST SALE",2017-09-07,2017-08-13,"Townhouse","Washington","DC",20016,740000,4,2,2102,352.045670789724,4586,1932,"Sold",0.475270717974773
"42292751","2610 Myrtle Ave NE","PAST SALE",2017-09-08,2017-08-15,"Single Family Residential","Washington","DC",20018,841500,4,3.5,3120,269.711538461538,5561,2017,"Sold",1.37454433249317
"21645822","128 57th Pl SE","PAST SALE",2017-09-08,2017-08-15,"Single Family Residential","Washington","DC",20019,410000,3,3.5,1720,238.372093023256,5875,2007,"Sold",1.03492937992534
"10115417","325 17th St NE","PAST SALE",2017-09-08,2017-08-15,"Townhouse","Washington","DC",20002,513900,3,2.5,1376,373.473837209302,1250,1931,"Sold",0.47274498025624
"9936965","3968 Georgetown Ct NW","PAST SALE",2017-09-15,2017-08-29,"Townhouse","Washington","DC",20007,1335450,3,3.5,1720,776.424418604651,1677,1981,"Sold",1.15910264762024
"9887124","1515 3rd St NW","PAST SALE",2017-09-18,2017-09-04,"Townhouse","Washington","DC",20001,6e+05,4,2,1712,350.467289719626,1417,1906,"Sold",0.458997367583204
"10186402","612 3rd St SE","PAST SALE",2017-09-20,2017-09-08,"Single Family Residential","Washington","DC",20003,2650000,7,8,5750,460.869565217391,4493,1877,"Sold",0.344148944406369
"10027364","3532 11th St NW","PAST SALE",2017-09-08,2017-08-15,"Townhouse","Washington","DC",20010,799000,3,2.5,1541,518.494484101233,2332,1907,"Sold",0.343205736751152
"9932172","3711 Winfield Ln NW","PAST SALE",2017-09-07,2017-08-13,"Townhouse","Washington","DC",20007,1600000,4,4.5,3562,449.185850645705,2086,1987,"Sold",1.06035081825434
"10090929","1230 Rhode Island Ave NE","PAST SALE",2017-09-06,2017-08-11,"Townhouse","Washington","DC",20018,792500,4,3.5,1564,506.713554987212,1986,1924,"Sold",0.271277993733122
"9884469","436 M St NW #2","PAST SALE",2017-09-21,2017-09-10,"Condo/Co-op","Washington","DC",20001,670000,3,2.5,1710,391.812865497076,1710,1900,"Sold",0.224631701800404
"10076034","2735 4th St NE","PAST SALE",2017-09-20,2017-09-08,"Townhouse","Washington","DC",20002,641000,3,3,1503,426.480372588157,1917,1925,"Sold",0.422906476421721
"9908241","502 12th St NE","PAST SALE",2017-09-28,2017-09-24,"Townhouse","Washington","DC",20002,1020000,4,3.5,2050,497.560975609756,1530,1912,"Sold",0.881893442550823
"9896682","508 F St NE","PAST SALE",2017-09-29,2017-09-26,"Townhouse","Washington","DC",20002,9e+05,3,2.5,2057,437.530384054448,975,1890,"Sold",0.419912461663976
"10106750","2833 31st Pl NE #2833","PAST SALE",2017-09-08,2017-08-15,"Townhouse","Washington","DC",20018,295000,3,2.5,1392,211.925287356322,1392,1978,"Sold",1.7795598371143
"9997622","2232 Decatur Pl NW","PAST SALE",2017-09-05,2017-08-09,"Multi-Family (2-4 Unit)","Washington","DC",20008,1450000,NA,NA,2699,537.236013338273,1828,1908,"Sold",0.310281888243374
"28010904","2803 Sherman Ave NW #1","PAST SALE",2017-09-06,2017-08-11,"Condo/Co-op","Washington","DC",20001,699900,4,2.5,1700,411.705882352941,1700,2017,"Sold",0.433780384979833
"10074503","2422 3rd St NE","PAST SALE",2017-09-18,2017-09-04,"Townhouse","Washington","DC",20002,420000,3,1,1080,388.888888888889,1895,1927,"Sold",0.488721836095234
"9911978","1255 C St SE","PAST SALE",2017-09-19,2017-09-06,"Townhouse","Washington","DC",20003,910000,3,2.5,1684,540.380047505938,1453,1900,"Sold",0.325955826092079
"08155278","774 Girard St NW Unit 7W","PAST SALE",2017-09-21,2017-09-10,"Condo/Co-op","Washington","DC",20001,2300000,4,4,5077,453.023439038802,5077,1900,"Sold",0.45638534068787
"9877785","908 O St NW","PAST SALE",2017-09-21,2017-09-10,"Townhouse","Washington","DC",20001,970250,3,2.5,1500,646.833333333333,1365,1912,"Sold",0.231422660338633
"9903872","1015 9th St NE","PAST SALE",2017-09-15,2017-08-29,"Townhouse","Washington","DC",20002,830000,3,2,2007,413.552566018934,1307,1910,"Sold",0.595666439923345
"9857014","1721 U St NW","PAST SALE",2017-09-26,2017-09-20,"Multi-Family (2-4 Unit)","Washington","DC",20009,1450000,NA,NA,2611,555.342780543853,1190,1910,"Sold",0.523555470610459
"10095559","1236 Owen Pl NE","PAST SALE",2017-09-25,2017-09-18,"Townhouse","Washington","DC",20002,730000,3,3.5,2023,360.850222441918,1176,1927,"Sold",0.908144606182353
"9907743","913 11th St NE","PAST SALE",2017-09-27,2017-09-22,"Townhouse","Washington","DC",20002,942000,4,3.5,2360,399.152542372881,1378,1915,"Sold",0.751255330519914
"10090745","2952 13th St NE","PAST SALE",2017-09-29,2017-09-26,"Townhouse","Washington","DC",20017,824500,4,3.5,2200,374.772727272727,2250,1908,"Sold",0.430223537823592
"42946651","417 Guetler Way SE","PAST SALE",2017-09-29,2017-09-26,"Townhouse","Washington","DC",20003,1289000,3,4,1888,682.733050847458,1280,2017,"Sold",0.195321833627415
"10047661","42 Seaton Pl NW","PAST SALE",2017-09-29,2017-09-26,"Townhouse","Washington","DC",20001,1240000,4,3.5,2485,498.993963782696,1500,1895,"Sold",0.641941226919088
"9904617","914 E Capitol St NE","PAST SALE",2017-09-29,2017-09-26,"Townhouse","Washington","DC",20003,1605000,4,3.5,3100,517.741935483871,1946,1890,"Sold",0.430985802068423
"10176665","1233 10th St NW","PAST SALE",2017-09-29,2017-09-26,"Townhouse","Washington","DC",20001,1675000,5,4.5,2661,629.462608042089,2150,2001,"Sold",0.217865693223292
"10160675","2609 Wade Rd SE","PAST SALE",2017-09-29,2017-09-26,"Single Family Residential","Washington","DC",20020,2e+05,4,2,638,313.479623824451,2170,1932,"Sold",0.29766954551762
"10096271","1239 Oates St NE","PAST SALE",2017-09-12,2017-08-23,"Townhouse","Washington","DC",20002,910000,4,3.5,2300,395.652173913043,2513,1925,"Sold",0.881837656910639
"42955674","623 Kenyon St NW #2","PAST SALE",2017-09-08,2017-08-15,"Townhouse","Washington","DC",20010,835000,3,3,1950,428.205128205128,1950,1908,"Sold",0.509120515935633
"9981280","5136 Linnean Ter NW","PAST SALE",NA,NA,"Single Family Residential","Washington","DC",20008,850000,2,3,1648,515.776699029126,6500,1951,NA,0.848250378320805
"10032761","743 Irving St NW","PAST SALE",2017-09-05,2017-08-09,"Townhouse","Washington","DC",20010,640000,3,1,1080,592.592592592593,2430,1900,"Sold",0.428271477403298
"10033928","1204 Quincy St NW","PAST SALE",2017-09-18,2017-09-04,"Townhouse","Washington","DC",20011,917500,4,3.5,1216,754.523026315789,1639,1923,"Sold",0.155940323442193
"10063237","311 Jefferson St NW","PAST SALE",2017-09-19,2017-09-06,"Townhouse","Washington","DC",20011,469000,3,2,1550,302.58064516129,2559,1932,"Sold",0.949551785012731
"10063117","314 Madison St NW","PAST SALE",2017-09-20,2017-09-08,"Townhouse","Washington","DC",20011,703500,4,3.5,1975,356.20253164557,1692,1932,"Sold",1.01144881523781
"10041545","4514 8th St NW","PAST SALE",2017-09-11,2017-08-21,"Townhouse","Washington","DC",20011,652500,3,3,1608,405.783582089552,2225,1917,"Sold",0.602520040302755
"10024760","1305 Hamilton St NW","PAST SALE",2017-09-20,2017-09-08,"Single Family Residential","Washington","DC",20011,625000,3,2,1621,385.564466378779,6108,1937,"Sold",1.13766255997214
"10057233","641 Gallatin St NW","PAST SALE",2017-09-28,2017-09-24,"Townhouse","Washington","DC",20011,752000,4,3.5,2480,303.225806451613,2766,1926,"Sold",1.05361964224094
"08579439","816 Kennedy St NW #4","PAST SALE",2017-09-27,2017-09-22,"Townhouse","Washington","DC",20011,590000,3,3,1979,298.130368873168,1979,1911,"Sold",1.29270145527309
"9873633","2003 13th St NW","PAST SALE",NA,NA,"Condo/Co-op","Washington","DC",20009,1800000,3,1.5,1706,1055.09964830012,1706,1906,NA,0.0228517465043473
"10036391","1255 Van Buren St NW","PAST SALE",2017-09-25,2017-09-18,"Single Family Residential","Washington","DC",20012,719000,4,3,1910,376.439790575916,3600,1940,"Sold",0.701270854805768
"10055099","532 Somerset Pl NW","PAST SALE",2017-09-25,2017-09-18,"Townhouse","Washington","DC",20011,420000,4,1.75,1052,399.239543726236,1419,1925,"Sold",0.641571981600135
"21648287","1742 Galen St SE","PAST SALE",2017-09-08,2017-08-15,"Townhouse","Washington","DC",20020,275500,3,2.5,1138,242.091388400703,2266,2008,"Sold",0.948861987894931
"10113035","2517 Benning Rd NE","PAST SALE",NA,NA,"Condo/Co-op","Washington","DC",20002,3e+05,3,2,1088,275.735294117647,1088,1939,NA,0.672277696768091
"9887484","1423 New Jersey Ave NW","PAST SALE",2017-09-07,2017-08-13,"Townhouse","Washington","DC",20001,760000,3,2.5,1314,578.386605783866,915,1900,"Sold",0.411896459430244
"10148646","1611 Q St SE","PAST SALE",2017-09-25,2017-09-18,"Townhouse","Washington","DC",20020,250000,3,1,1705,146.627565982405,1705,1939,"Sold",0.770898782033179
"9969189","3818 Ingomar St NW","PAST SALE",2017-09-08,2017-08-15,"Single Family Residential","Washington","DC",20015,2010000,6,4.5,3348,600.358422939068,5549,1927,"Sold",0.573513602655169
"10044821","649 Columbia Rd NW","PAST SALE",2017-09-13,2017-08-25,"Townhouse","Washington","DC",20001,960000,5,3.5,3030,316.831683168317,2447,1910,"Sold",0.56412804417889
"13861885","7 Grant Cir NW #1","PAST SALE",2017-09-13,2017-08-25,"Townhouse","Washington","DC",20011,750000,4,3,2300,326.086956521739,2300,1916,"Sold",0.510335284127243
"10083828","726 Emerson St NE","PAST SALE",2017-09-05,2017-08-09,"Townhouse","Washington","DC",20017,533000,3,2,1224,435.457516339869,1655,1948,"Sold",0.254714686546751
"10039249","5621 9th St NW","PAST SALE",2017-09-07,2017-08-13,"Townhouse","Washington","DC",20011,485000,3,2,1332,364.114114114114,1968,1922,"Sold",1.27866750833499
"10058285","515 Allison St NW","PAST SALE",2017-09-08,2017-08-15,"Townhouse","Washington","DC",20011,792500,4,3.5,3600,220.138888888889,1500,1925,"Sold",0.616049495351084
"9968947","3812 Brandywine St NW","PAST SALE",2017-09-08,2017-08-15,"Single Family Residential","Washington","DC",20016,757000,3,2,1986,381.168177240685,3387,1890,"Sold",0.243249881971004
"10068926","5619 1st St NW","PAST SALE",NA,NA,"Multi-Family (2-4 Unit)","Washington","DC",20011,550000,4,4,2856,192.577030812325,4590,1935,NA,0.749889498932619
"10024279","1317 Kennedy St NW","PAST SALE",2017-09-05,2017-08-09,"Townhouse","Washington","DC",20011,450000,4,2,1840,244.565217391304,2765,1920,"Sold",1.37212588539345
"10007781","1623 Irving St NW","PAST SALE",NA,NA,"Townhouse","Washington","DC",20010,1416000,3,3,2178,650.137741046832,3001,1914,NA,0.279200311647859
"10054731","6526 5th St NW","PAST SALE",NA,NA,"Single Family Residential","Washington","DC",20012,425000,3,1.5,1502,282.956058588549,3075,1937,NA,0.423014126985698
"10041888","838 Varnum St NW","PAST SALE",NA,NA,"Townhouse","Washington","DC",20011,1300000,3,1.5,1922,676.378772112383,3240,1908,NA,0.37186192762062
"10012266","4315 Argyle Ter NW","PAST SALE",2017-09-08,2017-08-15,"Single Family Residential","Washington","DC",20011,995000,3,3,2678,371.545929798357,11423,1934,"Sold",1.03770120389737
"10017172","1500 Decatur St NW","PAST SALE",NA,NA,"Condo/Co-op","Washington","DC",20011,650000,4,2,2586,251.353441608662,2586,1920,NA,0.925418666707989
"10065403","4417 3rd St NW","PAST SALE",NA,NA,"Townhouse","Washington","DC",20011,630000,3,3.5,1660,379.518072289157,1700,1929,NA,0.724875916409844
"10088284","4713 10th St NE","PAST SALE",2017-09-08,2017-08-15,"Townhouse","Washington","DC",20017,612500,3,3.5,1216,503.700657894737,3123,1941,"Sold",0.553085974904972
"10050811","726 Shepherd St NW","PAST SALE",2017-09-13,2017-08-25,"Townhouse","Washington","DC",20011,595000,3,1.5,1562,380.921895006402,1700,1912,"Sold",0.18303013118938
"9987410","2803 28th St NW","PAST SALE",2017-09-13,2017-08-25,"Townhouse","Washington","DC",20008,1220000,3,2.5,2040,598.039215686274,2400,1921,"Sold",0.165143217158766
"10044779","595 Columbia Rd NW","PAST SALE",2017-09-05,2017-08-09,"Townhouse","Washington","DC",20001,770000,3,2.5,1764,436.507936507937,2204,1912,"Sold",0.64036484144103
"10027518","3572 13th St NW","PAST SALE",NA,NA,"Condo/Co-op","Washington","DC",20010,637000,3,2,1574,404.701397712834,1574,1911,NA,0.357816734408597
"10056065","502 Oneida Pl NW","PAST SALE",NA,NA,"Single Family Residential","Washington","DC",20011,202970,4,2,1568,129.445153061224,2383,1931,NA,0.951294582375997
"10017646","5331 16th St NW","PAST SALE",2017-09-08,2017-08-15,"Single Family Residential","Washington","DC",20011,1370000,5,3.5,4800,285.416666666667,8691,1923,"Sold",1.35805350176448
"9942685","3125 Chain Bridge Rd NW","PAST SALE",2017-09-11,2017-08-21,"Single Family Residential","Washington","DC",20016,3500000,7,7.5,7870,444.726810673443,28100,1941,"Sold",1.35243222985705
"10056070","607 Oglethorpe St NW","PAST SALE",2017-09-08,2017-08-15,"Single Family Residential","Washington","DC",20011,599900,4,2.5,1660,361.385542168675,3677,1930,"Sold",0.985813913718586
"10067225","207 Underwood St NW","PAST SALE",NA,NA,"Single Family Residential","Washington","DC",20012,350000,3,1.5,1169,299.40119760479,3879,1928,NA,0.49002277838218
"10008078","1822 Kenyon St NW","PAST SALE",2017-09-13,2017-08-25,"Townhouse","Washington","DC",20010,1051000,4,3.5,1555,675.88424437299,2000,1916,"Sold",0.505646909737967
"10039581","5422 8th St NW Unit B","PAST SALE",NA,NA,"Single Family Residential","Washington","DC",20011,620000,3,1,1434,432.357043235704,2700,1912,NA,1.28801267077272
"10060406","4616 4th St NW","PAST SALE",2017-09-11,2017-08-21,"Townhouse","Washington","DC",20011,460000,3,1.5,1112,413.669064748201,1742,1926,"Sold",0.763284497034188
"10138176","1404 42nd Pl SE","PAST SALE",2017-09-21,2017-09-10,"Single Family Residential","Washington","DC",20020,4e+05,4,2,816,490.196078431373,3000,1964,"Sold",1.40726394538268
"13863750","1310 Q St NW #2","PAST SALE",2017-09-15,2017-08-29,"Condo/Co-op","Washington","DC",20009,3e+06,3,3.5,3460,867.052023121387,3460,2017,"Sold",0.423599159664769
"10149713","1731 S St SE","PAST SALE",2017-09-20,2017-09-08,"Townhouse","Washington","DC",20020,511000,3,3.5,1824,280.15350877193,2247,1937,"Sold",0.976873997614443
"9892306","1122 Abbey Pl NE","PAST SALE",2017-09-20,2017-09-08,"Townhouse","Washington","DC",20002,520000,3,1,960,541.666666666667,1038,1925,"Sold",0.222698463235689
"10139690","718 Hilltop Ter SE","PAST SALE",2017-09-20,2017-09-08,"Townhouse","Washington","DC",20019,4e+05,3,3.5,1668,239.808153477218,1867,1953,"Sold",0.742237574832024
"21648398","5341 Jay St NE","PAST SALE",2017-09-22,2017-09-12,"Single Family Residential","Washington","DC",20019,353000,4,3,864,408.564814814815,5000,2003,"Sold",0.79579537786731
"10142095","3321 Dubois Pl SE","PAST SALE",2017-09-22,2017-09-12,"Townhouse","Washington","DC",20019,365000,3,2,1024,356.4453125,2090,1948,"Sold",0.881070520642434
"9887241","1530 1st St NW","PAST SALE",2017-09-08,2017-08-15,"Townhouse","Washington","DC",20001,6e+05,3,1,1514,396.301188903567,1150,1907,"Sold",0.54023360780384
"10096125","1325 Trinidad Ave NE","PAST SALE",2017-09-08,2017-08-15,"Townhouse","Washington","DC",20002,739957,3,2.5,1476,501.325880758808,1395,1932,"Sold",0.989447191703712
"9912552","1342 F St NE","PAST SALE",NA,NA,"Townhouse","Washington","DC",20002,792000,4,2.5,1632,485.294117647059,1800,1900,NA,0.878661049550788
"10135224","5110 H St SE","PAST SALE",2017-09-22,2017-09-12,"Townhouse","Washington","DC",20019,391000,4,3,1224,319.444444444444,3542,1946,"Sold",0.903984439733003
"44643416","1811 3rd St NE #2","PAST SALE",2017-09-25,2017-09-18,"Condo/Co-op","Washington","DC",20002,760000,3,4,1770,429.378531073446,1770,2013,"Sold",0.507735254627647
"9872008","1335 Corcoran St NW","PAST SALE",2017-09-25,2017-09-18,"Townhouse","Washington","DC",20009,2010000,3,2.5,3040,661.184210526316,1800,1890,"Sold",0.358633296194171
"35654100","1208 Benning Rd","PAST SALE",2017-09-22,2017-09-12,"Single Family Residential","Capitol Heights","MD",20743,224000,4,3,2000,112,4924,1933,"Sold",1.07796059671467
"10121835","4414 Douglas St NE","PAST SALE",2017-09-26,2017-09-20,"Single Family Residential","Washington","DC",20019,212500,3,1.5,1920,110.677083333333,10586,1911,"Sold",0.345653428858463
"9921363","1728 Independence Ave SE","PAST SALE",2017-09-29,2017-09-26,"Townhouse","Washington","DC",20003,877000,4,3.5,2082,421.229586935639,2371,1926,"Sold",0.240981575725178
"10172944","1726 Minnesota Ave SE","PAST SALE",2017-09-28,2017-09-24,"Townhouse","Washington","DC",20020,310000,3,2,1152,269.097222222222,1825,1935,"Sold",0.884817214438575
"10160129","2425 18th Pl SE","PAST SALE",2017-09-29,2017-09-26,"Townhouse","Washington","DC",20020,206000,3,2,1152,178.819444444444,2760,1948,"Sold",0.959284378642051
"9888025","19 Q St NW","PAST SALE",NA,NA,"Condo/Co-op","Washington","DC",20001,207000,3,1,1090,189.908256880734,1090,1900,NA,0.501165295651003
"9896640","700 6th St NE","PAST SALE",NA,NA,"Condo/Co-op","Washington","DC",20002,1e+06,6,3.5,2394,417.710944026734,2394,1912,NA,0.448134444118273
"10149106","1401 Ridge Pl SE","PAST SALE",2017-09-15,2017-08-29,"Townhouse","Washington","DC",20020,501000,3,2.5,1498,334.445927903872,2336,1930,"Sold",0.747931355909124
"10094326","1846 Capitol Ave NE","PAST SALE",2017-09-30,2017-09-28,"Townhouse","Washington","DC",20002,381500,3,1,1184,322.212837837838,1891,1938,"Sold",0.836999340243538
"28496524","52 New York Ave NW #1","PAST SALE",2017-09-29,2017-09-26,"Condo/Co-op","Washington","DC",20001,660000,3,3,1642,401.948842874543,1642,1916,"Sold",0.413442003355989
"10122765","553 45th St NE","PAST SALE",2017-09-27,2017-09-22,"Townhouse","Washington","DC",20019,230000,3,2,954,241.090146750524,2370,1946,"Sold",0.470226690592163
"9945541","4905 Rodman St NW","PAST SALE",2017-09-05,2017-08-09,"Single Family Residential","Washington","DC",20016,2570000,5,4.5,4905,523.955147808359,8213,1941,"Sold",1.13844566665264
"9937532","1617 44th St NW","PAST SALE",2017-09-27,2017-09-22,"Townhouse","Washington","DC",20007,906503,4,2,2131,425.388549976537,1995,1929,"Sold",1.10901546848445
"9949777","4420 Windom Pl NW","PAST SALE",2017-09-20,2017-09-08,"Single Family Residential","Washington","DC",20016,995000,4,3,1740,571.83908045977,4558,1939,"Sold",0.460869571904031
"9963605","3924 Macomb St NW","PAST SALE",2017-09-14,2017-08-27,"Single Family Residential","Washington","DC",20016,1175000,5,3.5,2984,393.766756032172,5879,1935,"Sold",1.03731228082605
"9942042","5234 Sherier Pl NW","PAST SALE",NA,NA,"Single Family Residential","Washington","DC",20016,854700,4,2.5,1625,525.969230769231,3329,1915,NA,2.03295571172067
"10066364","5514 2nd St NW","PAST SALE",2017-09-11,2017-08-21,"Townhouse","Washington","DC",20011,636000,4,3.5,1090,583.48623853211,1228,1931,"Sold",0.838224598554284
"10059574","3920 Illinois Ave NW","PAST SALE",2017-09-19,2017-09-06,"Condo/Co-op","Washington","DC",20011,785000,4,3,1556,504.498714652956,1702,1919,"Sold",0.416795650647261
"10031300","2703 11th St NW #3","PAST SALE",2017-09-15,2017-08-29,"Townhouse","Washington","DC",20001,830000,3,3,1320,628.787878787879,1320,2016,"Sold",0.418977485854811
"10035320","1219 Delafield Pl NW","PAST SALE",2017-09-21,2017-09-10,"Single Family Residential","Washington","DC",20011,1260000,5,4.5,3533,356.637418624399,3647,1913,"Sold",0.855455805161168
"10974345","7006 Westmoreland Ave","PAST SALE",NA,NA,"Single Family Residential","Takoma Park","MD",20912,950100,NA,1.5,1260,754.047619047619,9922,1940,NA,0.369146379833311
"10055168","606 Tuckerman St NW","PAST SALE",2017-09-08,2017-08-15,"Townhouse","Washington","DC",20011,415000,3,1,1054,393.738140417457,1760,1927,"Sold",0.609970926209289
"10041890","836 Varnum St NW","PAST SALE",NA,NA,"Single Family Residential","Washington","DC",20011,1185000,3,1,1922,616.545265348595,3140,1908,NA,0.371958929622942
"10015502","1416 Quincy St NW","PAST SALE",2017-09-04,2017-08-07,"Townhouse","Washington","DC",20011,960000,4,3.5,2104,456.273764258555,2279,1923,"Sold",0.502918227505765
"03932104","5508 North Capitol St NW","PAST SALE",2017-09-12,2017-08-23,"Single Family Residential","Washington","DC",20011,980000,6,4.5,5100,192.156862745098,5750,2016,"Sold",0.604633286169569
"10062177","408 Rittenhouse St NW","PAST SALE",2017-09-22,2017-09-12,"Townhouse","Washington","DC",20011,610000,4,3.5,2272,268.485915492958,4793,1924,"Sold",0.749111703119453
"10052427","5710 7th St NW","PAST SALE",2017-09-25,2017-09-18,"Single Family Residential","Washington","DC",20011,636000,3,2.5,1652,384.98789346247,5000,1923,"Sold",1.17345638513523
"10012071","1610 Varnum St NW","PAST SALE",2017-09-29,2017-09-26,"Townhouse","Washington","DC",20011,1195000,4,3.5,3552,336.43018018018,5170,1922,"Sold",0.810522254640564
"10179782","717 Oneida Pl NW","PAST SALE",2017-09-11,2017-08-21,"Townhouse","Washington","DC",20011,494885,3,2.5,1260,392.765873015873,1938,1950,"Sold",0.961717413998869
"10068946","5604 Capitol St NW","PAST SALE",2017-09-15,2017-08-29,"Single Family Residential","Washington","DC",20011,640000,4,3.5,1861,343.901128425578,4792,1938,"Sold",0.651287017149341
"10053076","6319 8th St NW","PAST SALE",2017-09-15,2017-08-29,"Townhouse","Washington","DC",20011,385000,4,2,1054,365.27514231499,1965,1928,"Sold",0.672648961518716
"10030517","1206 Fairmont St NW","PAST SALE",NA,NA,"Townhouse","Washington","DC",20009,1465000,5,4.5,2358,621.289228159457,2376,1907,NA,0.382028152754242
"10064840","312 Taylor St NW","PAST SALE",2017-09-19,2017-09-06,"Townhouse","Washington","DC",20011,805000,4,3.5,2250,357.777777777778,1400,1919,"Sold",0.529391965913595
"30655849","1806 9th St NW #1","PAST SALE",2017-09-15,2017-08-29,"Townhouse","Washington","DC",20001,1350000,3,3,1945,694.087403598972,1945,1895,"Sold",0.142049119129017
"10036118","1243 Rock Creek Ford Rd NW","PAST SALE",2017-09-29,2017-09-26,"Townhouse","Washington","DC",20011,377000,4,2,1200,314.166666666667,1034,1910,"Sold",1.10706872106952
"10104325",NA,"PAST SALE",2017-09-12,2017-08-23,"Townhouse","Washington","DC",20018,308750,3,2,2118,145.774315391879,4249,1925,"Sold",1.17724701453955
"10104463","2207 Douglas St NE","PAST SALE",2017-09-18,2017-09-04,"Townhouse","Washington","DC",20018,460000,3,2,1348,341.246290801187,833,1939,"Sold",1.04680600969798
"10085594","600 Allison St NE","PAST SALE",2017-09-20,2017-09-08,"Townhouse","Washington","DC",20017,475000,4,2.5,2002,237.262737262737,4248,1977,"Sold",0.480015721351523
"10082289","5501 5th St NE","PAST SALE",2017-09-06,2017-08-11,"Townhouse","Washington","DC",20011,412000,3,2,1269,324.665090622537,2658,1955,"Sold",0.281468547544906
"10090474","1240 Lawrence St NE","PAST SALE",2017-09-22,2017-09-12,"Single Family Residential","Washington","DC",20017,798500,3,1.5,2130,374.882629107981,7500,1890,"Sold",0.312076291579096
"10101649","1813 Randolph St NE","PAST SALE",2017-09-28,2017-09-24,"Single Family Residential","Washington","DC",20018,540000,5,2.5,3680,146.739130434783,4594,1935,"Sold",0.87295618066953
"11873077","4 Alexander St","PAST SALE",2017-09-19,2017-09-06,"Townhouse","Alexandria","VA",22314,1850000,4,4,3192,579.573934837093,1321,1998,"Sold",1.33186582511454
"10162616","1803 Valley Ter SE","PAST SALE",2017-09-19,2017-09-06,"Townhouse","Washington","DC",20032,290000,3,2.5,1400,207.142857142857,2200,1985,"Sold",0.450456938453497
"10172126","162 Joliet St SW","PAST SALE",2017-09-22,2017-09-12,"Townhouse","Washington","DC",20032,210000,5,2,2384,88.0872483221476,6422,1953,"Sold",1.6587152479792
"10330698","3303 7th St SE","PAST SALE",2017-09-22,2017-09-12,"Single Family Residential","Washington","DC",20032,474000,4,3.5,1490,318.120805369128,3086,2004,"Sold",0.482663518157185
"10163076","1204 Barnaby Ter SE","PAST SALE",2017-09-28,2017-09-24,"Townhouse","Washington","DC",20032,294999,3,2.5,1134,260.140211640212,1111,1977,"Sold",0.250910750655077
"10126592","4929 Sheriff Rd NE","PAST SALE",NA,NA,"Townhouse","Washington","DC",20019,182920,3,1.5,1359,134.598969830758,2454,1941,NA,0.39897654706155
"9930428","3422 Dent Pl NW","PAST SALE",2017-09-20,2017-09-08,"Townhouse","Washington","DC",20007,1240000,4,3.5,2315,535.637149028078,2275,1954,"Sold",1.03125803622933
"9981366","3200 Ellicott St NW","PAST SALE",2017-09-20,2017-09-08,"Single Family Residential","Washington","DC",20008,1e+06,3,3.5,3924,254.841997961264,7500,1983,"Sold",0.597944703375096
"9970477","3606 Quesada St NW","PAST SALE",2017-09-08,2017-08-15,"Single Family Residential","Washington","DC",20015,1450000,6,3.5,3516,412.400455062571,7780,1927,"Sold",0.837783970207055
"9932133","3629 Winfield Ln NW","PAST SALE",2017-09-11,2017-08-21,"Townhouse","Washington","DC",20007,1600000,6,6.5,3200,500,2086,1985,"Sold",1.0627418116003
"9993291","2908 Legation St NW","PAST SALE",2017-09-08,2017-08-15,"Single Family Residential","Washington","DC",20015,950000,4,2.5,1436,661.559888579387,4556,1940,"Sold",1.42521511823061
"9991552","4214 Lenore Ln NW","PAST SALE",2017-09-28,2017-09-24,"Single Family Residential","Washington","DC",20008,1650000,5,5,7039,234.408296633044,9107,1980,"Sold",0.55911961391646
"9982392","3011 Albemarle St NW","PAST SALE",2017-09-13,2017-08-25,"Single Family Residential","Washington","DC",20008,1250000,5,3.5,2573,485.814224640497,7500,1925,"Sold",0.29306055432018
"9980864","3239 Military Rd NW","PAST SALE",2017-09-14,2017-08-27,"Single Family Residential","Washington","DC",20015,825000,3,2,1744,473.050458715596,2455,1930,"Sold",1.08779967280274
"43505916","5365 29th St NW","PAST SALE",2017-09-30,2017-09-28,"Single Family Residential","Washington","DC",20015,1575000,5,5.5,5279,298.351960598598,5058,2017,"Sold",1.17497989058279
"11870903","470 Union St S","PAST SALE",2017-09-18,2017-09-04,"Townhouse","Alexandria","VA",22314,2050000,4,4.5,3932,521.363173957274,3932,1993,"Sold",1.13270677391771
"9939635","4481 Q St NW","PAST SALE",2017-09-18,2017-09-04,"Single Family Residential","Washington","DC",20007,789770,3,2,1338,590.26158445441,3565,1941,"Sold",1.16666509760992
"10095772","1250 Owen Pl NE","PAST SALE",2017-09-29,2017-09-26,"Multi-Family (2-4 Unit)","Washington","DC",20002,656900,NA,NA,3440,190.959302325581,3528,1935,"Sold",0.914403637686755
"9931945","3510 Winfield Ln NW","PAST SALE",2017-09-28,2017-09-24,"Townhouse","Washington","DC",20007,1410000,4,3.5,2384,591.442953020134,1287,1985,"Sold",1.03429690296513
"9942305","5030 Garfield St NW","PAST SALE",2017-09-29,2017-09-26,"Single Family Residential","Washington","DC",20016,1200000,4,3.5,2262,530.503978779841,7648,1968,"Sold",1.80330069192049
"10134758","5008 B St SE","PAST SALE",2017-09-14,2017-08-27,"Single Family Residential","Washington","DC",20019,375000,4,3,1564,239.769820971867,4000,1938,"Sold",0.472401319146093
"9919736","1657 C St NE","PAST SALE",2017-09-18,2017-09-04,"Townhouse","Washington","DC",20002,505000,5,3,1476,342.140921409214,1337,1933,"Sold",0.434575391313457
"10148324","2228 R St SE","PAST SALE",2017-09-18,2017-09-04,"Single Family Residential","Washington","DC",20020,490000,4,3,2069,236.829386176897,3850,1910,"Sold",1.02813735156555
"10141628","113 34th St SE","PAST SALE",2017-09-18,2017-09-04,"Townhouse","Washington","DC",20019,309000,3,1.5,1224,252.450980392157,1525,1989,"Sold",0.663620620402929
"10160582","2301 Irving St SE","PAST SALE",2017-09-25,2017-09-18,"Single Family Residential","Washington","DC",20020,360000,3,3,1603,224.578914535246,4000,1948,"Sold",0.897233157303489
"10144534","1711 Fort Davis St SE","PAST SALE",2017-09-22,2017-09-12,"Townhouse","Washington","DC",20020,305500,3,2,1024,298.33984375,1962,1939,"Sold",1.09984176350535
"10146693","1423 22nd St SE","PAST SALE",2017-09-26,2017-09-20,"Townhouse","Washington","DC",20020,378000,3,2.5,1368,276.315789473684,2813,1977,"Sold",0.784791606482888
"10137738","4305 Massachusetts Ave SE","PAST SALE",2017-09-25,2017-09-18,"Single Family Residential","Washington","DC",20019,455000,4,3,1288,353.260869565217,3234,1967,"Sold",1.46339322137789
"10139101","4448 Alabama Ave SE","PAST SALE",2017-09-28,2017-09-24,"Single Family Residential","Washington","DC",20019,275000,3,2,1344,204.613095238095,5512,1936,"Sold",0.996368015202314
"21647364","135 Danbury St SW","PAST SALE",2017-09-28,2017-09-24,"Townhouse","Washington","DC",20032,280000,3,3.5,1152,243.055555555556,640,2006,"Sold",1.60456541548588
"10118120","162 36th St NE","PAST SALE",2017-09-15,2017-08-29,"Multi-Family (2-4 Unit)","Washington","DC",20019,525000,NA,NA,3060,171.56862745098,3381,1941,"Sold",0.301515063232848
"10137017","4608 Easy Pl SE","PAST SALE",2017-09-29,2017-09-26,"Single Family Residential","Washington","DC",20019,398000,3,2.5,1120,355.357142857143,4180,1952,"Sold",1.02096677181273
"13716338","4601 Grant St NE","PAST SALE",2017-09-15,2017-08-29,"Townhouse","Washington","DC",20019,480000,8,4,1716,279.72027972028,2513,2016,"Sold",0.547274457845097
"10126062","1017 49th St NE","PAST SALE",2017-09-14,2017-08-27,"Single Family Residential","Washington","DC",20019,319000,3,2,1060,300.943396226415,2000,1921,"Sold",0.343726671051448
"10090753","2929 12th St NE","PAST SALE",2017-09-11,2017-08-21,"Single Family Residential","Washington","DC",20017,710000,4,2.5,1377,515.613652868555,3675,1911,"Sold",0.396777711896895
"10099401","3005 17th St NE","PAST SALE",2017-09-15,2017-08-29,"Single Family Residential","Washington","DC",20018,719900,4,3,1400,514.214285714286,2429,1948,"Sold",0.815135942835488
"10083910","751 Gallatin St NE","PAST SALE",2017-09-08,2017-08-15,"Townhouse","Washington","DC",20017,379999,3,2,600,633.331666666667,2091,1949,"Sold",0.263830172363941
"9899080","634 Lexington Pl NE","PAST SALE",2017-09-19,2017-09-06,"Townhouse","Washington","DC",20002,815000,4,1,1280,636.71875,1618,1912,"Sold",0.549940380196935
"10089816","4713 12th St NE","PAST SALE",2017-09-18,2017-09-04,"Townhouse","Washington","DC",20017,649500,3,3.5,1178,551.358234295416,2834,1941,"Sold",0.649948968878297
"10117112","3438 Dix St NE","PAST SALE",2017-09-22,2017-09-12,"Townhouse","Washington","DC",20019,385000,3,2,1260,305.555555555556,1472,1939,"Sold",0.385186677418863
"10089326","5051 Sargent Rd NE","PAST SALE",2017-09-22,2017-09-12,"Townhouse","Washington","DC",20017,368000,3,1.5,1120,328.571428571429,1620,1950,"Sold",0.554006354417835
"10078592","333 Oglethorpe St NE","PAST SALE",2017-09-25,2017-09-18,"Townhouse","Washington","DC",20011,460000,3,2.5,1666,276.110444177671,2013,1950,"Sold",0.597328065373807
"10101253","4229 19th St NE","PAST SALE",2017-09-27,2017-09-22,"Single Family Residential","Washington","DC",20018,650000,3,3,1662,391.095066185319,4500,1941,"Sold",1.0351923350134
"10092557","4402 13th Pl NE","PAST SALE",2017-09-29,2017-09-26,"Townhouse","Washington","DC",20017,570000,3,2.5,1620,351.851851851852,3390,1937,"Sold",0.740648598231475
"11743921","4125 19th St NE","PAST SALE",2017-09-29,2017-09-26,"Single Family Residential","Washington","DC",20018,860000,5,5.5,2667,322.459692538433,5943,2006,"Sold",1.00353452289416
"10972949","6617 Eastern Ave","PAST SALE",2017-09-22,2017-09-12,"Single Family Residential","Takoma Park","MD",20912,410000,4,2,1512,271.164021164021,6300,1928,"Sold",0.636486694507975
"10043670","612 Keefer Pl NW","PAST SALE",2017-09-25,2017-09-18,"Townhouse","Washington","DC",20010,669000,4,2.5,1836,364.37908496732,2062,1910,"Sold",0.492477913987831
"10026133","1319 Spring Rd NW","PAST SALE",2017-09-22,2017-09-12,"Townhouse","Washington","DC",20010,635000,3,1.5,1536,413.411458333333,2918,1919,"Sold",0.322206960310931
"10037190","7529 9th St NW","PAST SALE",2017-09-25,2017-09-18,"Townhouse","Washington","DC",20012,485000,3,1.5,1403,345.687811831789,2244,1948,"Sold",0.59085072473135
"9902921","231 8th St NE","PAST SALE",2017-09-26,2017-09-20,"Townhouse","Washington","DC",20002,1062776,3,2.5,2111,503.446707721459,1872,1900,"Sold",0.609073134800756
"9932091","3727 Winfield Ln NW","PAST SALE",2017-09-28,2017-09-24,"Townhouse","Washington","DC",20007,1219000,3,3.5,1748,697.368421052632,1620,1987,"Sold",1.06462136373147
"10038803","809 Quackenbos St NW","PAST SALE",2017-09-28,2017-09-24,"Townhouse","Washington","DC",20011,470000,3,2,1440,326.388888888889,1820,1924,"Sold",0.875252567355967
"9996956","3009 Daniel Ln NW","PAST SALE",2017-09-29,2017-09-26,"Single Family Residential","Washington","DC",20015,909000,4,3,3249,279.778393351801,8346,1952,"Sold",1.38720309954602
"9928557","2447 P St NW","PAST SALE",2017-09-29,2017-09-26,"Townhouse","Washington","DC",20007,1662500,4,3.5,1376,1208.21220930233,1966,1900,"Sold",0.451940019989428
"9944167","5225 Partridge Ln NW","PAST SALE",2017-09-29,2017-09-26,"Single Family Residential","Washington","DC",20016,2040000,7,5.5,4784,426.421404682274,9091,1941,"Sold",1.76451636185281
"10032054","742 Harvard St NW","PAST SALE",2017-09-29,2017-09-26,"Townhouse","Washington","DC",20001,649000,3,1.5,1384,468.93063583815,1375,1910,"Sold",0.477336506124119
"10066632","5608 Kansas Ave NW","PAST SALE",2017-09-27,2017-09-22,"Townhouse","Washington","DC",20011,432000,3,1.5,1152,375,1890,1931,"Sold",0.885854130208281
"9945397","5058 Sedgwick St NW","PAST SALE",2017-09-29,2017-09-26,"Single Family Residential","Washington","DC",20016,2e+06,4,3,3421,584.624378836597,9454,1940,"Sold",1.34309896465202
"10056919","620 Jefferson St NW","PAST SALE",2017-09-29,2017-09-26,"Townhouse","Washington","DC",20011,516000,3,2,1224,421.56862745098,2208,1925,"Sold",1.19612617885688
"9988063","3201 Garfield St NW","PAST SALE",2017-09-29,2017-09-26,"Single Family Residential","Washington","DC",20008,1610000,4,4.5,3390,474.926253687316,7965,1922,"Sold",0.582839583558882
"10030652","1123 Euclid St NW","PAST SALE",2017-09-15,2017-08-29,"Townhouse","Washington","DC",20009,1333000,6,3,3494,381.511161991986,3494,1907,"Sold",0.422434594821778
"9916183","1441 Duncan St NE","PAST SALE",2017-09-18,2017-09-04,"Townhouse","Washington","DC",20002,692500,3,3,1440,480.902777777778,1120,1925,"Sold",0.662320775201181
"10057834","611 Delafield Pl NW","PAST SALE",2017-09-18,2017-09-04,"Townhouse","Washington","DC",20011,450000,4,2,1395,322.58064516129,1607,1928,"Sold",0.854789968685383
"9907751","923 11th St NE","PAST SALE",2017-09-20,2017-09-08,"Townhouse","Washington","DC",20002,930000,4,3.5,2404,386.855241264559,1378,1915,"Sold",0.741755199350571
"21647138","88 P St NW","PAST SALE",2017-09-20,2017-09-08,"Townhouse","Washington","DC",20001,995000,4,4.5,2500,398,1204,2005,"Sold",0.483485486408357
"10180290","1219 Trinidad Ave NE","PAST SALE",2017-09-21,2017-09-10,"Townhouse","Washington","DC",20002,485000,3,1,1020,475.490196078431,1246,1925,"Sold",0.970487372150842
"10166881","509 Oakwood St SE","PAST SALE",2017-09-21,2017-09-10,"Townhouse","Washington","DC",20032,176000,4,2,1284,137.071651090343,2475,1941,"Sold",0.684712403734969
"56691371","941 M St NW Unit A","PAST SALE",2017-09-22,2017-09-12,"Condo/Co-op","Washington","DC",20001,1365000,4,3.5,2407,567.095970087246,2407,2013,"Sold",0.204577518451432
"10044488","3114 Park Pl NW","PAST SALE",2017-09-22,2017-09-12,"Townhouse","Washington","DC",20010,699000,3,2.5,1902,367.507886435331,1448,1916,"Sold",0.599865572602785
"10141703","3327 B St SE","PAST SALE",2017-09-27,2017-09-22,"Townhouse","Washington","DC",20019,350000,3,2,1760,198.863636363636,1689,1942,"Sold",0.717521511171094
"10016785","1410 Buchanan St NW","PAST SALE",2017-09-29,2017-09-26,"Townhouse","Washington","DC",20011,835000,4,3.5,2124,393.126177024482,3260,1913,"Sold",0.769203386074217
"10005010","2302 17th St NW","PAST SALE",2017-09-29,2017-09-26,"Townhouse","Washington","DC",20009,1355000,3,3.5,2321,583.800086169754,1546,1912,"Sold",0.588909135568645
"10185040","1902 Tremont St SE","PAST SALE",2017-09-29,2017-09-26,"Townhouse","Washington","DC",20020,3e+05,3,1.5,1200,250,2364,2001,"Sold",0.6442852041963
"10143643","1242 Anacostia Rd SE","PAST SALE",2017-09-29,2017-09-26,"Single Family Residential","Washington","DC",20019,549000,5,3.5,3000,183,11784,1927,"Sold",1.16625947492725
"41409198","1252 6th St SW Unit NA","PAST SALE",2017-09-28,2017-09-24,"Condo/Co-op","Washington","DC",20024,2400000,5,2.5,4050,592.592592592593,4050,1796,"Sold",0.195459805558797
"10106106","3009 South Dakota Ave NE","PAST SALE",2017-09-13,2017-08-25,"Single Family Residential","Washington","DC",20018,660000,4,3.5,2703,244.173140954495,8000,1922,"Sold",1.38924410879081
"10145100","3807 Massachusetts Ave SE","PAST SALE",2017-09-14,2017-08-27,"Single Family Residential","Washington","DC",20019,447000,4,3,1258,355.325914149444,5000,1963,"Sold",1.36670449236804
"39955924","5030 Ivory Walters Ln SE","PAST SALE",2017-09-22,2017-09-12,"Townhouse","Washington","DC",20019,363975,3,2.5,1544,235.735103626943,2271,2009,"Sold",0.737010414556193
"12530053","3031 30th St SE #5","PAST SALE",2017-09-22,2017-09-12,"Condo/Co-op","Washington","DC",20020,22000,3,1,1659,13.2610006027728,1659,1944,"Sold",0.490721133274576
"10132716","5300 Central Ave SE","PAST SALE",2017-09-05,2017-08-09,"Single Family Residential","Washington","DC",20019,428000,6,4,4590,93.2461873638344,5229,1987,"Sold",0.683712537773841
"10180383","2505 Rhode Island Ave NE","PAST SALE",NA,NA,"Single Family Residential","Washington","DC",20018,720000,6,3.5,2796,257.510729613734,3565,1919,NA,1.30919350821169
"10107647","3124 Apple Rd NE #16","PAST SALE",2017-09-18,2017-09-04,"Townhouse","Washington","DC",20018,299999,3,2,1527,196.462999345121,1527,1978,"Sold",1.65554953181177
"9892091","1156 4th St NE","PAST SALE",2017-09-06,2017-08-11,"Townhouse","Washington","DC",20002,580000,3,1.5,1368,423.976608187135,987,1923,"Sold",0.193956813131215
"10101461","1916 Shepherd St NE","PAST SALE",2017-09-12,2017-08-23,"Single Family Residential","Washington","DC",20018,490000,3,1.5,1196,409.698996655518,5614,1936,"Sold",1.01429116801554
"40501987","3033 Chancellor's Way NE","PAST SALE",2017-09-14,2017-08-27,"Townhouse","Washington","DC",20017,850000,3,3.5,2100,404.761904761905,978,2013,"Sold",0.422788580039054
"10040936","909 Delafield Pl NW","PAST SALE",2017-09-15,2017-08-29,"Townhouse","Washington","DC",20011,685000,4,3.5,1962,349.133537206932,1620,1924,"Sold",0.827682408869429
"13861888","7 Grant Cir NW #2","PAST SALE",2017-09-15,2017-08-29,"Townhouse","Washington","DC",20011,859000,4,3,2300,373.478260869565,2300,1916,"Sold",0.510335284127243
"30647455","1806 9th St NW #2","PAST SALE",2017-09-15,2017-08-29,"Townhouse","Washington","DC",20001,1545000,3,3.5,1865,828.418230563003,1865,1895,"Sold",0.142244663426507
"9925092","1220 Bank Aly NW","PAST SALE",NA,NA,"Townhouse","Washington","DC",20007,1035000,4,3.5,2040,507.352941176471,835,1900,NA,0.666467888299655
"10099023","1505 Saratoga Ave NE","PAST SALE",NA,NA,"Single Family Residential","Washington","DC",20018,439000,3,2.5,1602,274.032459425718,3801,1939,NA,0.553608521853817
"9873403","1223 W St NW","PAST SALE",NA,NA,"Condo/Co-op","Washington","DC",20009,490000,3,1,1496,327.540106951872,1496,1890,NA,0.166397342284738
"9998122","2229 California St NW","PAST SALE",2017-09-20,2017-09-08,"Townhouse","Washington","DC",20008,1900000,4,3.5,3700,513.513513513514,1713,1905,"Sold",0.441225046161025
"9927230","3011 Dumbarton St NW","PAST SALE",2017-09-20,2017-09-08,"Townhouse","Washington","DC",20007,1695000,3,2.5,1698,998.233215547703,1177,1900,"Sold",0.677923810157713
"10081320","613 Kensington Pl NE","PAST SALE",2017-09-15,2017-08-29,"Townhouse","Washington","DC",20011,355500,3,1.5,1244,285.771704180064,2725,1952,"Sold",0.387446012536825
"9928525","1517 26th St NW","PAST SALE",2017-09-21,2017-09-10,"Townhouse","Washington","DC",20007,1653000,3,3,2100,787.142857142857,1380,1953,"Sold",0.526514923759575
"9917963","544 14th St SE","PAST SALE",2017-09-22,2017-09-12,"Townhouse","Washington","DC",20003,745000,4,2,1880,396.276595744681,1467,1906,"Sold",0.0374292643340355
"23225133","1201 Kenyon St NW #4","PAST SALE",2017-09-22,2017-09-12,"Condo/Co-op","Washington","DC",20010,1050000,3,3,2125,494.117647058824,2125,1901,"Sold",0.269983107725443
"10111879","1929 H St NE","PAST SALE",2017-09-22,2017-09-12,"Townhouse","Washington","DC",20002,440000,3,2,1712,257.009345794393,1600,1927,"Sold",0.789074215001382
"9890465","101 Duddington Pl SE","PAST SALE",2017-09-22,2017-09-12,"Townhouse","Washington","DC",20003,1275000,3,2.5,2042,624.387855044074,1122,1907,"Sold",0.187393084463572
"96526603","1128 Columbia Rd NW #2","PAST SALE",2017-09-22,2017-09-12,"Townhouse","Washington","DC",20009,995000,3,3.5,1940,512.886597938144,1940,1910,"Sold",0.264025560734549
"14111537","1540 Levis St NE Unit B","PAST SALE",2017-09-20,2017-09-08,"Townhouse","Washington","DC",20002,735000,4,3.5,2078,353.705486044273,2340,2017,"Sold",1.15452495241483
"10047510","47 Randolph Pl NW","PAST SALE",2017-09-19,2017-09-06,"Townhouse","Washington","DC",20001,675000,4,2,1462,461.696306429549,1500,1895,"Sold",0.586344657223802
"10026014","3812 13th St NW","PAST SALE",2017-09-05,2017-08-09,"Townhouse","Washington","DC",20011,669000,4,2,1460,458.219178082192,2156,1919,"Sold",0.294775866746166
"9888841","75 New York Ave NW","PAST SALE",NA,NA,"Townhouse","Washington","DC",20001,840000,4,3,1892,443.974630021142,1616,1915,NA,0.451458992427353
"10096819","1224 Holbrook St NE","PAST SALE",NA,NA,"Multi-Family (2-4 Unit)","Washington","DC",20002,430000,4,4,3146,136.681500317864,2805,1932,NA,1.06105851019734
"10093042","1245 Emerson St NE","PAST SALE",2017-09-11,2017-08-21,"Townhouse","Washington","DC",20017,5e+05,3,1.5,1640,304.878048780488,2125,1950,"Sold",0.646444366452198
"10051093","4123 8th St NW","PAST SALE",NA,NA,"Townhouse","Washington","DC",20011,995000,3,1.5,1481,671.843349088454,1900,1915,NA,0.310484000924967
"9885594","739 Delaware Ave SW #189","PAST SALE",NA,NA,"Condo/Co-op","Washington","DC",20024,669500,3,2.5,1728,387.44212962963,1728,1961,NA,0.296280453539256
"9896776","648 6th St NE","PAST SALE",2017-09-15,2017-08-29,"Townhouse","Washington","DC",20002,1167000,4,3.5,2508,465.311004784689,1330,1912,"Sold",0.439993662813801
"10029428","3016 Sherman Ave NW","PAST SALE",NA,NA,"Condo/Co-op","Washington","DC",20001,418847,3,1,1362,307.523494860499,1362,1912,NA,0.351202659441595
"10069496","113 Hamilton St NW","PAST SALE",2017-09-14,2017-08-27,"Townhouse","Washington","DC",20011,744000,4,3.5,2240,332.142857142857,2886,1937,"Sold",0.692200737108476
"9914073","1360 East Capitol St NE","PAST SALE",2017-09-13,2017-08-25,"Townhouse","Washington","DC",20003,1155000,5,3.5,1544,748.056994818653,2203,1919,"Sold",0.605692035299996
"10026748","3617 13th St NW","PAST SALE",2017-09-12,2017-08-23,"Townhouse","Washington","DC",20010,849000,3,2.5,2056,412.937743190661,2556,1913,"Sold",0.297708946287643
"10042423","742 Princeton Pl NW","PAST SALE",NA,NA,"Condo/Co-op","Washington","DC",20010,520000,3,1,1440,361.111111111111,1440,1923,NA,0.186878416627952
"9878932","1537 8th St NW","PAST SALE",NA,NA,"Multi-Family (2-4 Unit)","Washington","DC",20001,1005000,3,3,2193,458.27633378933,1596,1900,NA,0.140739295200639
"10088999","1114 Galloway St NE","PAST SALE",2017-09-15,2017-08-29,"Townhouse","Washington","DC",20011,351000,3,1.5,1264,277.689873417722,3928,1956,"Sold",0.474470797304258
"10064609","4222 3rd St NW","PAST SALE",2017-09-15,2017-08-29,"Townhouse","Washington","DC",20011,535000,3,2,1120,477.678571428571,1758,1923,"Sold",0.613316870621865
"10052198","5423 8th St NW","PAST SALE",2017-09-15,2017-08-29,"Single Family Residential","Washington","DC",20011,520000,3,2,1500,346.666666666667,2313,1905,"Sold",1.29734920052732
"10025295","4505 Arkansas Ave NW","PAST SALE",2017-09-08,2017-08-15,"Townhouse","Washington","DC",20011,795000,4,3.5,1368,581.140350877193,2390,1923,"Sold",0.656063142002765
"10027407","3535 13th St NW","PAST SALE",NA,NA,"Townhouse","Washington","DC",20010,1190000,5,4,2898,410.628019323671,2598,1910,NA,0.352659729651676
"10094501","1281 Simms Pl NE","PAST SALE",NA,NA,"Multi-Family (2-4 Unit)","Washington","DC",20002,545000,8,4,3697,147.416824452259,3559,1934,NA,1.10178341124965
"10069922","5017 1st St NW","PAST SALE",NA,NA,"Multi-Family (2-4 Unit)","Washington","DC",20011,350000,4,4,2720,128.676470588235,5327,1937,NA,0.677767347217454
"13899373","1310 Q St NW #3","PAST SALE",2017-09-11,2017-08-21,"Condo/Co-op","Washington","DC",20009,2395000,3,3.5,2570,931.906614785992,2570,2017,"Sold",0.423599159664769
"9994265","3119 Patterson Pl NW","PAST SALE",2017-09-14,2017-08-27,"Single Family Residential","Washington","DC",20015,8e+05,3,3.5,1518,527.009222661397,3956,1941,"Sold",1.36309907642491
"9996650","6931 33rd St NW","PAST SALE",2017-09-06,2017-08-11,"Single Family Residential","Washington","DC",20015,797500,3,2.5,1883,423.526287838556,8100,1952,"Sold",1.66986288870103
"10018764","1510 Van Buren St NW","PAST SALE",2017-09-20,2017-09-08,"Townhouse","Washington","DC",20012,950000,5,5,1944,488.683127572016,3300,1927,"Sold",1.02702725588647
"9995973","3270 Aberfoyle Pl NW","PAST SALE",2017-09-07,2017-08-13,"Single Family Residential","Washington","DC",20015,1149000,5,3.5,2900,396.206896551724,8018,1948,"Sold",1.73787258997265
"10036214","6304 Piney Branch Rd NW","PAST SALE",NA,NA,"Single Family Residential","Washington","DC",20011,570000,3,1.5,1242,458.937198067633,3275,1938,NA,0.850272462405376
"10067228","6650 Blair Rd NW","PAST SALE",2017-09-18,2017-09-04,"Townhouse","Washington","DC",20012,549000,3,2.5,1550,354.193548387097,1307,1950,"Sold",0.327390132394098
"10078937","6208 Sligo Mill Rd NE","PAST SALE",2017-09-18,2017-09-04,"Single Family Residential","Washington","DC",20011,586900,3,2,1008,582.242063492063,5026,1939,"Sold",0.96594546538018
"9973579","3620 Norton Pl NW","PAST SALE",2017-09-18,2017-09-04,"Townhouse","Washington","DC",20016,1067500,3,3.5,2450,435.714285714286,1995,1925,"Sold",0.709030572076197
"9949290","4401 River Rd NW","PAST SALE",2017-09-15,2017-08-29,"Single Family Residential","Washington","DC",20016,895000,3,2.5,1380,648.550724637681,3436,1923,"Sold",0.505516274062132
"9934233","3751 W St NW","PAST SALE",2017-09-15,2017-08-29,"Townhouse","Washington","DC",20007,954000,4,2.5,2200,433.636363636364,1584,1932,"Sold",1.27824589830566
"9935937","3703 S St NW","PAST SALE",2017-09-07,2017-08-13,"Townhouse","Washington","DC",20007,890000,5,3,2400,370.833333333333,2316,1928,"Sold",1.23618509662472
"9936391","3831 S St NW","PAST SALE",2017-09-18,2017-09-04,"Townhouse","Washington","DC",20007,820000,3,2,1260,650.793650793651,2281,1927,"Sold",1.2434941908918
"11873081","704 Kahn Pl","PAST SALE",2017-09-15,2017-08-29,"Townhouse","Alexandria","VA",22314,1930000,3,4,3192,604.636591478697,1633,1998,"Sold",1.31783561302546
"10165508","3219 5th St SE","PAST SALE",2017-09-15,2017-08-29,"Single Family Residential","Washington","DC",20032,306000,3,1.5,1706,179.36694021102,4892,1905,"Sold",0.656883170694318
"10158061","2011 16th St SE","PAST SALE",2017-09-15,2017-08-29,"Single Family Residential","Washington","DC",20020,435000,6,4,3416,127.341920374707,3840,1936,"Sold",0.809819394402441
"10166447","436 Mellon St SE","PAST SALE",NA,NA,"Multi-Family (2-4 Unit)","Washington","DC",20032,447500,6,4,3248,137.777093596059,4201,1943,NA,0.712283228836647
"10162503","1954 Valley Ter SE","PAST SALE",NA,NA,"Townhouse","Washington","DC",20032,311000,3,2.5,1400,222.142857142857,1929,1978,NA,0.561736737532977
"10075043","2012 4th St NE","PAST SALE",NA,NA,"Townhouse","Washington","DC",20002,115000,3,3.5,1160,99.1379310344828,2321,1915,NA,0.522100445791159
"10182445","4142 2nd St SW","PAST SALE",NA,NA,"Single Family Residential","Washington","DC",20032,252000,3,1.5,1150,219.130434782609,7059,1963,NA,1.69904729337121
"10075453","222 Seaton Pl NE","PAST SALE",NA,NA,"Townhouse","Washington","DC",20002,578000,3,2.5,1816,318.281938325991,1500,1905,NA,0.534120610797319
"10074619","220 Ascot Pl NE","PAST SALE",2017-09-08,2017-08-15,"Townhouse","Washington","DC",20002,550000,3,2,1140,482.456140350877,1115,1922,"Sold",0.515271358908568
"9872707","1312 13th St NW","PAST SALE",NA,NA,"Multi-Family (2-4 Unit)","Washington","DC",20005,1450000,4,4.5,3336,434.652278177458,2147,1900,NA,0.449398261870021
"9900972","720 K St NE","PAST SALE",NA,NA,"Townhouse","Washington","DC",20002,239000,3,3,1280,186.71875,1274,1912,NA,0.529508449783214
"10072345","28 T St NE #2","PAST SALE",NA,NA,"Townhouse","Washington","DC",20002,822000,3,3,2355,349.044585987261,1751,1905,NA,0.636547103706327
"10075971","2701 6th St NE","PAST SALE",2017-09-08,2017-08-15,"Townhouse","Washington","DC",20017,685000,4,2,2490,275.100401606426,3920,1927,"Sold",0.319580402738065
"9872499","1310 Vermont Ave NW","PAST SALE",2017-09-05,2017-08-09,"Single Family Residential","Washington","DC",20005,2600000,4,3.5,4300,604.651162790698,2762,1880,"Sold",0.483185117074536
"52386607","1909 Foxview Cir NW","PAST SALE",2017-09-08,2017-08-15,"Single Family Residential","Washington","DC",20007,3850000,6,6.5,8024,479.810568295115,12357,2015,"Sold",1.48915628342172
"9929637","2709 P St NW","PAST SALE",2017-09-06,2017-08-11,"Townhouse","Washington","DC",20007,2200000,5,3.5,2556,860.719874804382,1953,1900,"Sold",0.600676809129039
"9887347","1419 3rd St NW","PAST SALE",2017-09-06,2017-08-11,"Townhouse","Washington","DC",20001,610000,3,2.5,1320,462.121212121212,900,1907,"Sold",0.448216288909666
"9892571","720 4th St NE","PAST SALE",2017-09-08,2017-08-15,"Townhouse","Washington","DC",20002,1100000,3,2.5,1496,735.294117647059,1280,1902,"Sold",0.339525652526673
"11011173","817 57th Pl","PAST SALE",2017-09-11,2017-08-21,"Single Family Residential","Fairmount Heights","MD",20743,95000,3,2,1375,69.0909090909091,6250,1945,"Sold",1.05066728695208
"11207829","8045 Newell St #513","PAST SALE",2017-09-18,2017-09-04,"Condo/Co-op","Silver Spring","MD",20910,274000,1,1,820,334.146341463415,820,2005,"Sold",0.370156816516425
"08439564","3850 Clara Downey Ave #33","PAST SALE",2017-09-29,2017-09-26,"Condo/Co-op","Silver Spring","MD",20906,375000,2,2,1221,307.125307125307,1221,2014,"Sold",3.68514869779394
"04458775","3910 Doc Berlin Dr #14","PAST SALE",2017-09-15,2017-08-29,"Condo/Co-op","Silver Spring","MD",20906,315000,2,2,1207,260.977630488815,1207,2016,"Sold",3.73949341166339
"11117049","1111 University Blvd Unit 701-A","PAST SALE",2017-09-08,2017-08-15,"Condo/Co-op","Silver Spring","MD",20902,72000,0,1,410,175.609756097561,410,1982,"Sold",1.26022797677879
"11097420","2115 Walsh View Ter Unit 8-203","PAST SALE",NA,NA,"Condo/Co-op","Silver Spring","MD",20902,219000,NA,NA,1047,209.169054441261,1047,1974,NA,0.201252679462019
"11096948","2619 Holman Ave #2619","PAST SALE",NA,NA,"Townhouse","Silver Spring","MD",20910,360000,NA,NA,493,730.223123732252,3402,1955,NA,0.660729411447776
"11145418","14809 Pennfield Cir Apt 105","PAST SALE",NA,NA,"Condo/Co-op","Silver Spring","MD",20906,150000,NA,NA,946,158.562367864693,946,1996,NA,2.9376894194026
"22040650","1201 East West Hwy #233","PAST SALE",2017-09-08,2017-08-15,"Condo/Co-op","Silver Spring","MD",20910,299000,1,1,776,385.309278350515,776,2006,"Sold",0.307378781453124
"10953746","508 Silver Spring Ave","PAST SALE",2017-09-11,2017-08-21,"Single Family Residential","Silver Spring","MD",20910,3e+05,2,1,832,360.576923076923,5986,1936,"Sold",1.04578735109611
"11099169","9019 Glenville Rd","PAST SALE",NA,NA,"Townhouse","Silver Spring","MD",20901,280000,NA,2.5,1152,243.055555555556,1563,1976,NA,2.01069111910548
"10589201","13939 Palmer House Way Unit 28-207","PAST SALE",2017-09-06,2017-08-11,"Townhouse","Silver Spring","MD",20904,229000,2,1.5,997,229.689067201605,997,1983,"Sold",5.1255936810891
"10602040","13609 Sir Thomas Way #34","PAST SALE",2017-09-05,2017-08-09,"Condo/Co-op","Silver Spring","MD",20904,185000,2,2,1087,170.193192272309,1087,1989,"Sold",5.1212291848226
"21658965","1201 East West Hwy #144","PAST SALE",2017-09-08,2017-08-15,"Condo/Co-op","Silver Spring","MD",20910,320000,1,1,870,367.816091954023,870,2006,"Sold",0.307378781453124
"21512204","1201 East West Hwy #415","PAST SALE",2017-09-29,2017-09-26,"Condo/Co-op","Silver Spring","MD",20910,309000,1,1,788,392.131979695431,788,2006,"Sold",0.307378781453124
"12450681","10851 Amherst Ave Apt 1","PAST SALE",NA,NA,"Condo/Co-op","Silver Spring","MD",20902,270000,NA,NA,1254,215.311004784689,1254,2008,NA,0.396150388779049
"00218444","8329 Grubb Rd Unit G-102","PAST SALE",2017-09-22,2017-09-12,"Condo/Co-op","Silver Spring","MD",20910,205000,1,1,696,294.540229885057,696,1948,"Sold",1.00005468275816
"43414838","2305 Greenery Ln Unit 204-3","PAST SALE",2017-09-29,2017-09-26,"Condo/Co-op","Silver Spring","MD",20906,147000,1,1,838,175.417661097852,838,1974,"Sold",0.118084589947012
"13887319","15101 Interlachen Dr Unit 1-904","PAST SALE",2017-09-14,2017-08-27,"Condo/Co-op","Silver Spring","MD",20906,230000,2,2,1520,151.315789473684,1520,1984,"Sold",2.95398873312558
"11128243","15107 Interlachen Dr Unit 2-618","PAST SALE",2017-09-15,2017-08-29,"Condo/Co-op","Silver Spring","MD",20906,226000,2,2,1480,152.702702702703,1480,1984,"Sold",3.020476568217
"11100738","15100 Glade Dr Unit 11-1F","PAST SALE",2017-09-18,2017-09-04,"Condo/Co-op","Silver Spring","MD",20906,115000,1,1,946,121.564482029598,946,1977,"Sold",3.02710745966942
"11193694","3200 Leisure World Blvd #309","PAST SALE",2017-09-18,2017-09-04,"Condo/Co-op","Silver Spring","MD",20906,275000,2,2,1280,214.84375,1280,2002,"Sold",3.18204607010439
"11095294","3972 Bel Pre Rd #7","PAST SALE",2017-09-20,2017-09-08,"Condo/Co-op","Silver Spring","MD",20906,105000,2,2,1016,103.346456692913,1016,1976,"Sold",2.54217600222591
"28961977","3376 Chiswick Ct Unit 52-1B","PAST SALE",2017-09-22,2017-09-12,"Condo/Co-op","Silver Spring","MD",20906,54000,1,1,635,85.0393700787402,635,1967,"Sold",2.60725072038537
"28961969","3378 Chiswick Ct Unit 52-1H","PAST SALE",2017-09-27,2017-09-22,"Condo/Co-op","Silver Spring","MD",20906,56000,1,1,635,88.1889763779528,635,1967,"Sold",2.60665311355162
"11205811","3100 N Leisure World Blvd Apt 316","PAST SALE",NA,NA,"Condo/Co-op","Silver Spring","MD",20906,187500,NA,NA,1035,181.159420289855,1035,2004,NA,3.03837321885123
"11091562","3124 Beckenham Ct Unit 250-G","PAST SALE",NA,NA,"Townhouse","Silver Spring","MD",20906,140000,NA,NA,1385,101.083032490975,5677,1975,NA,2.65751756527262
"11096747","8914 16th St #8914","PAST SALE",2017-09-12,2017-08-23,"Condo/Co-op","Silver Spring","MD",20910,182000,0,1,598,304.347826086957,598,1965,"Sold",0.738916892716074
"11138881","3310 Leisure World Blvd #317","PAST SALE",2017-09-14,2017-08-27,"Condo/Co-op","Silver Spring","MD",20906,185000,2,2,1115,165.919282511211,1115,1991,"Sold",3.29567624166591
"28431786","1121 University Unit 719-B","PAST SALE",2017-09-18,2017-09-04,"Condo/Co-op","Silver Spring","MD",20902,125000,2,2,1148,108.885017421603,1148,1982,"Sold",1.20380707926868
"11027630","502 E Wayne Ave","PAST SALE",NA,NA,"Single Family Residential","Silver Spring","MD",20901,411000,2,2,920,446.739130434783,5164,1943,NA,1.97864820049641
"10589925","13113 Conductor Way #239","PAST SALE",NA,NA,"Condo/Co-op","Silver Spring","MD",20904,217000,NA,NA,1144,189.685314685315,1144,1984,NA,4.66441543693485
"10967936","8406 Houston St","PAST SALE",NA,NA,"Single Family Residential","Silver Spring","MD",20910,530100,NA,2,956,554.497907949791,5002,1941,NA,0.638012034300747
"10587258","1450 Farmcrest Way","PAST SALE",2017-09-28,2017-09-24,"Townhouse","Silver Spring","MD",20905,215000,2,2,915,234.972677595628,1558,1983,"Sold",4.28841378720584
"10588473","13814 Carter House Way Unit 16-149","PAST SALE",NA,NA,"Townhouse","Silver Spring","MD",20904,217000,NA,NA,576,376.736111111111,6055,1983,NA,5.27839726538126
"11003870","11823 Idlewood Rd","PAST SALE",2017-09-22,2017-09-12,"Single Family Residential","Silver Spring","MD",20906,330000,2,2,695,474.820143884892,6000,1946,"Sold",1.41138710923109
"11759279","1201 East West Hwy #117","PAST SALE",2017-09-26,2017-09-20,"Condo/Co-op","Silver Spring","MD",20910,458000,2,2,1257,364.359586316627,1257,2006,"Sold",0.906517918136737
"11113878","9039 Sligo Creek Pkwy #310","PAST SALE",2017-09-27,2017-09-22,"Condo/Co-op","Silver Spring","MD",20901,163000,1,1,927,175.836030204962,927,1965,"Sold",1.24374914588447
"11760738","1220 Blair Mill Rd #805","PAST SALE",2017-09-15,2017-08-29,"Condo/Co-op","Silver Spring","MD",20910,374000,2,2,1590,235.220125786164,1590,2006,"Sold",0.299690474223805
"95959484","1121 University Blvd Unit 1310-B","PAST SALE",2017-09-15,2017-08-29,"Condo/Co-op","Silver Spring","MD",20902,119500,1,1,776,153.994845360825,776,1982,"Sold",1.20380707926868
"11108029","1900 Lyttonsville Rd #1306","PAST SALE",2017-09-18,2017-09-04,"Townhouse","Silver Spring","MD",20910,196000,2,2,1050,186.666666666667,1050,1980,"Sold",0.721671116222251
"11114327","9039 Sligo Creek Pkwy Apt 1406","PAST SALE",NA,NA,"Condo/Co-op","Silver Spring","MD",20901,196000,NA,NA,892,219.730941704036,892,1965,NA,1.24374914588447
"11014912","308 Ladson Rd","PAST SALE",2017-09-26,2017-09-20,"Single Family Residential","Silver Spring","MD",20901,3e+05,2,2,1734,173.010380622837,5181,1950,"Sold",1.70283745100693
"12450900","10864 Bucknell Dr #302","PAST SALE",2017-09-28,2017-09-24,"Condo/Co-op","Silver Spring","MD",20902,310000,2,2,1198,258.764607679466,1198,2008,"Sold",0.423411628566592
"10993536","1023 Ruatan St","PAST SALE",2017-09-29,2017-09-26,"Townhouse","Silver Spring","MD",20903,245000,2,1,832,294.471153846154,3942,1952,"Sold",2.17343848823324
"11030487","2500 Kimberly St","PAST SALE",2017-09-29,2017-09-26,"Single Family Residential","Silver Spring","MD",20902,367500,2,1.5,1040,353.365384615385,6071,1950,"Sold",0.476516740530078
"14015052","15100 Interlachen Dr #917","PAST SALE",2017-09-28,2017-09-24,"Condo/Co-op","Silver Spring","MD",20906,189000,2,2,1317,143.507972665148,1317,1984,"Sold",3.08671123897384
"11760603","1201 East West Hwy #250","PAST SALE",2017-09-28,2017-09-24,"Condo/Co-op","Silver Spring","MD",20910,330000,1,1,880,375,880,2006,"Sold",0.307378781453124
"11088460","3204 Glen Eagles Dr Unit 109-C","PAST SALE",2017-09-29,2017-09-26,"Townhouse","Silver Spring","MD",20906,175000,2,2.5,1445,121.107266435986,1445,1970,"Sold",2.72348689419009
"11760762","1220 Blair Mill Rd #1202","PAST SALE",2017-09-15,2017-08-29,"Condo/Co-op","Silver Spring","MD",20910,249900,1,1,860,290.581395348837,860,2006,"Sold",0.299690474223805
"11140198","2700 Snowbird Ter Unit 7-13","PAST SALE",2017-09-06,2017-08-11,"Condo/Co-op","Silver Spring","MD",20906,205000,2,2,938,218.550106609808,938,1992,"Sold",3.02916480791975
"28962263","3320 Gleneagles Dr Unit 68-1B","PAST SALE",2017-09-05,2017-08-09,"Condo/Co-op","Silver Spring","MD",20906,83000,1,1,990,83.8383838383838,990,1967,"Sold",2.72249781824147
"41529071","3310 Leisure World Blvd #518","PAST SALE",2017-09-07,2017-08-13,"Condo/Co-op","Silver Spring","MD",20906,157000,2,2,980,160.204081632653,980,1991,"Sold",3.29567624166591
"11193730","3200 Leisure World Blvd #804","PAST SALE",2017-09-15,2017-08-29,"Condo/Co-op","Silver Spring","MD",20906,332000,2,2,1305,254.406130268199,1305,2002,"Sold",3.18204607010439
"11100991","3500 Forest Edge Dr Unit 15-1C","PAST SALE",2017-09-14,2017-08-27,"Condo/Co-op","Silver Spring","MD",20906,140000,2,2,1273,109.976433621367,1273,1977,"Sold",3.0615776806437
"11139876","6 Valleyfield Ct Unit 3-6","PAST SALE",NA,NA,"Condo/Co-op","Silver Spring","MD",20906,186000,NA,NA,1053,176.638176638177,1053,1991,NA,2.86989332361626
"28961611","3486 Chiswick Ct Unit 41-H","PAST SALE",2017-09-26,2017-09-20,"Townhouse","Silver Spring","MD",20906,147700,2,2,1600,92.3125,1600,1967,"Sold",2.65742787076009
"11091337","3184 Adderley Ct Unit 240-F","PAST SALE",2017-09-29,2017-09-26,"Townhouse","Silver Spring","MD",20906,152500,2,2.5,1359,112.214863870493,1359,1975,"Sold",2.60949618427539
"11145493","14809 Pennfield Cir #314","PAST SALE",2017-09-29,2017-09-26,"Condo/Co-op","Silver Spring","MD",20906,135000,1,1.5,946,142.706131078224,946,1996,"Sold",2.9376894194026
"10590790","13213 Conductor Way #258","PAST SALE",2017-09-15,2017-08-29,"Townhouse","Silver Spring","MD",20904,160000,1,1,900,177.777777777778,900,1984,"Sold",4.67082563238066
"28961802","3673 Leisure World Blvd S","PAST SALE",2017-09-29,2017-09-26,"Townhouse","Silver Spring","MD",20906,147000,2,2,1600,91.875,1600,1968,"Sold",2.6876493674049
"10971460","8442 New Hampshire Ave","PAST SALE",2017-09-15,2017-08-29,"Townhouse","Silver Spring","MD",20903,220000,2,1,946,232.558139534884,3750,1950,"Sold",2.40613586512387
"11186384","3210 Leisure World Blvd #202","PAST SALE",2017-09-29,2017-09-26,"Condo/Co-op","Silver Spring","MD",20906,190000,2,2,1090,174.311926605505,1090,2001,"Sold",3.26360523911832
"13911055","11404 Cherry Hill Rd Unit ME-203","PAST SALE",2017-09-29,2017-09-26,"Condo/Co-op","Silver Spring","MD",20904,62000,1,1,759,81.6864295125165,759,1973,"Sold",4.58238095904908
"11128451","15107 Interlachen Dr Unit 2-1005","PAST SALE",2017-09-11,2017-08-21,"Condo/Co-op","Silver Spring","MD",20906,149000,2,1.5,950,156.842105263158,950,1984,"Sold",3.020476568217
"35615526","1621 Whitehall Dr","PAST SALE",2017-09-29,2017-09-26,"Townhouse","Silver Spring","MD",20904,460000,3,3,2880,159.722222222222,3003,2007,"Sold",3.91729677183238
"10951175","614 Pershing Dr","PAST SALE",2017-09-26,2017-09-20,"Single Family Residential","Silver Spring","MD",20910,630000,3,2.5,1244,506.430868167203,5550,1936,"Sold",0.729998812445403
"11056358","1127 Caddington Ave","PAST SALE",2017-09-12,2017-08-23,"Single Family Residential","Silver Spring","MD",20901,419500,4,1.5,1440,291.319444444444,7500,1957,"Sold",1.65535383989771
"44617532","2146 Little Sorrel Way","PAST SALE",2017-09-21,2017-09-10,"Townhouse","Silver Spring","MD",20902,460000,3,3,1960,234.69387755102,1240,2011,"Sold",0.527059871776716
"11010902","10709 Torrance Dr","PAST SALE",2017-09-25,2017-09-18,"Single Family Residential","Silver Spring","MD",20902,368000,4,2.5,2652,138.763197586727,6969,1918,"Sold",0.416773975420702
"10990735","2419 Churchill Rd","PAST SALE",2017-09-25,2017-09-18,"Single Family Residential","Silver Spring","MD",20902,416000,3,2,1428,291.316526610644,6983,1947,"Sold",0.675983180546013
"10982440","2417 Evans Dr","PAST SALE",2017-09-14,2017-08-27,"Single Family Residential","Silver Spring","MD",20902,417000,4,2,1760,236.931818181818,8628,1950,"Sold",0.821998406198254
"10965878","10420 Eastwood Ave","PAST SALE",2017-09-22,2017-09-12,"Single Family Residential","Silver Spring","MD",20901,466500,4,3,1860,250.806451612903,9365,1938,"Sold",1.78812130883426
"11017683","10603 Huntley Pl","PAST SALE",2017-09-21,2017-09-10,"Single Family Residential","Silver Spring","MD",20902,435000,3,3,1950,223.076923076923,5300,1950,"Sold",0.900860195095548
"10961208","302 Normandy Dr","PAST SALE",NA,NA,"Single Family Residential","Silver Spring","MD",20901,547000,NA,1.5,1296,422.067901234568,6200,1940,NA,1.48625147501439
"11028719","4018 Ingersol Dr","PAST SALE",NA,NA,"Single Family Residential","Silver Spring","MD",20902,620000,NA,2,1296,478.395061728395,9978,1959,NA,1.6210889884031
"11015526","317 Saint Lawrence Dr","PAST SALE",NA,NA,"Single Family Residential","Silver Spring","MD",20901,425000,NA,1,1040,408.653846153846,6236,1940,NA,2.17576143107715
"08438166","11521 Green St","PAST SALE",NA,NA,"Single Family Residential","Fulton","MD",20759,807729,NA,NA,NA,NA,4200,NA,NA,3.17792803399417
"11097183","9872 Hollow Glen Pl Unit 2524B","PAST SALE",NA,NA,"Townhouse","Silver Spring","MD",20910,315000,NA,NA,510,617.647058823529,2876,1953,NA,0.549250984949405
"10987115","1707 Sherwood Rd","PAST SALE",NA,NA,"Single Family Residential","Silver Spring","MD",20902,450000,NA,2.5,1777,253.235790658413,10800,1949,NA,0.267717770685841
"11055981","1301 Caddington Ave","PAST SALE",NA,NA,"Single Family Residential","Silver Spring","MD",20901,335000,NA,2,1084,309.040590405904,7500,1957,NA,1.59317020982158
"11102391","8830 Piney Branch Rd Apt 1107","PAST SALE",NA,NA,"Condo/Co-op","Silver Spring","MD",20903,151000,NA,NA,1290,117.054263565891,1290,1975,NA,2.15902548060104
"10986908","1814 Sherwood Rd","PAST SALE",NA,NA,"Single Family Residential","Silver Spring","MD",20902,659000,NA,2.5,1467,449.216087252897,12000,1941,NA,0.151615951824944
"10562456","1109 W Nolcrest Dr","PAST SALE",NA,NA,"Single Family Residential","Silver Spring","MD",20903,539500,NA,3,2437,221.378744357817,16730,1956,NA,3.10247036884552
"10562903","424 Neale Ave","PAST SALE",NA,NA,"Single Family Residential","Silver Spring","MD",20901,455000,NA,3,2354,193.288020390824,10216,1957,NA,2.5701147363166
"11048597","109 Claybrook Dr","PAST SALE",NA,NA,"Single Family Residential","Silver Spring","MD",20902,445100,NA,2.5,1340,332.164179104478,9000,1962,NA,2.10594400867829
"10562924","301 Burnt Mills Ave","PAST SALE",2017-09-08,2017-08-15,"Single Family Residential","Silver Spring","MD",20901,427000,5,3.5,2557,166.992569417286,9483,1956,"Sold",2.43239303399343
"10997121","8809 Maywood Ave","PAST SALE",2017-09-05,2017-08-09,"Single Family Residential","Silver Spring","MD",20910,580000,3,1.5,1272,455.974842767296,5332,1950,"Sold",0.818651743033852
"11007998","1005 Lanark Way","PAST SALE",2017-09-12,2017-08-23,"Single Family Residential","Silver Spring","MD",20901,450000,4,3,1768,254.524886877828,6981,1956,"Sold",1.05644495183014
"10990289","2307 Churchill Rd","PAST SALE",2017-09-15,2017-08-29,"Single Family Residential","Silver Spring","MD",20902,510000,3,1.5,1453,350.997935306263,6860,1948,"Sold",0.556513241502558
"11071131","2206 Ellis St","PAST SALE",2017-09-20,2017-09-08,"Single Family Residential","Silver Spring","MD",20910,480000,5,3,1333,360.090022505626,7471,1959,"Sold",0.222637660228358
"10981108","10416 Hemley Ln","PAST SALE",NA,NA,"Single Family Residential","Silver Spring","MD",20902,350000,NA,1,1223,286.181520850368,5000,1949,NA,0.884219738135881
"10977407","10516 Lorain Ave","PAST SALE",NA,NA,"Single Family Residential","Silver Spring","MD",20901,614900,NA,3,1433,429.099790648988,7000,1939,NA,2.01190628902431
"11060977","105 Belton Rd","PAST SALE",NA,NA,"Single Family Residential","Silver Spring","MD",20901,440000,NA,3,1150,382.608695652174,6900,1954,NA,1.99620686163339
"10590068","157 Finale Ter","PAST SALE",2017-09-22,2017-09-12,"Townhouse","Silver Spring","MD",20901,390000,3,3.5,2000,195,2009,1984,"Sold",2.44915246623667
"10965040","10312 Colesville Rd","PAST SALE",2017-09-28,2017-09-24,"Single Family Residential","Silver Spring","MD",20901,385000,3,2.5,1543,249.51393389501,8497,1949,"Sold",1.81776554461919
"40017157","11618 Leesborough Cir","PAST SALE",2017-09-28,2017-09-24,"Townhouse","Silver Spring","MD",20902,450000,3,3,2000,225,1170,2010,"Sold",0.507115773597225
"11051207","717 N Belgrade Rd","PAST SALE",NA,NA,"Single Family Residential","Silver Spring","MD",20902,416000,NA,2.5,1800,231.111111111111,6910,1958,NA,1.59986191467651
"11120731","2892 Schoolhouse Cir","PAST SALE",2017-09-15,2017-08-29,"Townhouse","Silver Spring","MD",20902,330000,3,2.5,1440,229.166666666667,1600,1984,"Sold",0.669363417814167
"11113175","10105 Green Holly Ter","PAST SALE",2017-09-05,2017-08-09,"Townhouse","Silver Spring","MD",20902,379000,3,3.5,1860,203.763440860215,1545,1985,"Sold",0.644515254474236
"11060659","201 Belton Rd","PAST SALE",2017-09-05,2017-08-09,"Single Family Residential","Silver Spring","MD",20901,396000,3,2,1134,349.206349206349,9999,1955,"Sold",1.93859654181961
"10960838","15 Indian Spring Dr","PAST SALE",2017-09-07,2017-08-13,"Single Family Residential","Silver Spring","MD",20901,545000,3,2.5,2312,235.726643598616,7250,1948,"Sold",1.78222468064708
"10562712","11020 Oakwood St","PAST SALE",2017-09-08,2017-08-15,"Single Family Residential","Silver Spring","MD",20901,417000,3,2.5,1306,319.295558958652,12861,1956,"Sold",2.36861035670877
"10968561","8404 Galveston Rd","PAST SALE",2017-09-09,2017-08-17,"Single Family Residential","Silver Spring","MD",20910,670000,5,2,2295,291.938997821351,6563,1940,"Sold",1.10099513496317
"11075678","2216 Luzerne Ave","PAST SALE",2017-09-18,2017-09-04,"Single Family Residential","Silver Spring","MD",20910,360000,4,1,1260,285.714285714286,5612,1950,"Sold",0.807279203694327
"10967811","701 Thayer Ave","PAST SALE",2017-09-18,2017-09-04,"Single Family Residential","Silver Spring","MD",20910,737000,5,3,2350,313.617021276596,7500,1992,"Sold",0.729452746842756
"11027273","9316 Glenville Rd","PAST SALE",2017-09-18,2017-09-04,"Single Family Residential","Silver Spring","MD",20901,420000,4,2,1818,231.023102310231,7105,1943,"Sold",2.0049511419577
"10961265","9707 Lawson Pl","PAST SALE",2017-09-19,2017-09-06,"Single Family Residential","Silver Spring","MD",20901,575000,4,2,1960,293.367346938775,5500,1940,"Sold",1.70520542372483
"11074147","1902 Reedie Dr","PAST SALE",2017-09-07,2017-08-13,"Single Family Residential","Silver Spring","MD",20902,4e+05,3,2.5,1261,317.208564631245,9985,1957,"Sold",0.482175222584033
"11143207","10429 Eastwood Ave","PAST SALE",2017-09-24,2017-09-16,"Single Family Residential","Silver Spring","MD",20901,625000,6,3.5,2826,221.160651096957,9672,1999,"Sold",1.81521076068241
"10949466","7910 Long Branch Pkwy","PAST SALE",2017-09-22,2017-09-12,"Multi-Family (5+ Unit)","Takoma Park","MD",20912,950000,12,6,4424,214.737793851718,5281,1938,"Sold",1.43953161048788
"10985375","9920 Rogart Rd","PAST SALE",2017-09-28,2017-09-24,"Single Family Residential","Silver Spring","MD",20901,542000,3,3,2327,232.917920068758,6900,1940,"Sold",1.39298668847148
"10586766","306 Crescendo Way","PAST SALE",2017-09-28,2017-09-24,"Townhouse","Silver Spring","MD",20901,365000,3,2.5,1470,248.299319727891,2100,1983,"Sold",2.5258207055791
"11049703","11401 Clara St","PAST SALE",2017-09-27,2017-09-22,"Single Family Residential","Silver Spring","MD",20902,410000,4,2.5,1652,248.18401937046,7576,1959,"Sold",1.86085839651451
"10967877","710 Wayne Ave","PAST SALE",2017-09-29,2017-09-26,"Single Family Residential","Silver Spring","MD",20910,710710,4,2,2141,331.952358710883,8307,1928,"Sold",0.646851786407354
"11014861","707 University Blvd W","PAST SALE",2017-09-29,2017-09-26,"Single Family Residential","Silver Spring","MD",20901,356800,5,4,1939,184.012377514183,7060,1956,"Sold",1.56451608131626
"11049903","810 Kenbrook Dr","PAST SALE",2017-09-28,2017-09-24,"Single Family Residential","Silver Spring","MD",20902,415000,3,2.5,1882,220.510095642933,8951,1957,"Sold",1.41049802068191
"10561151","1616 Parham Rd","PAST SALE",2017-09-06,2017-08-11,"Single Family Residential","Silver Spring","MD",20903,370000,3,2,1866,198.285101822079,6300,1951,"Sold",3.17513494185524
"10564826","1204 Devere Dr","PAST SALE",2017-09-15,2017-08-29,"Single Family Residential","Silver Spring","MD",20903,377000,4,2.5,1428,264.005602240896,12323,1960,"Sold",3.07376179718262
"10990318","10108 Kohler Rd","PAST SALE",NA,NA,"Single Family Residential","Silver Spring","MD",20902,576500,NA,3,1118,515.652951699463,8108,1961,NA,0.691137516324162
"10983372","2703 Loma St","PAST SALE",NA,NA,"Single Family Residential","Silver Spring","MD",20902,495000,NA,3,1756,281.890660592255,6608,1955,NA,0.912964288603187
"10999373","2714 East West Hwy","PAST SALE",2017-09-25,2017-09-18,"Single Family Residential","Chevy Chase","MD",20815,595000,3,1.5,1512,393.518518518519,5347,1941,"Sold",1.34929186571197
"10993598","1004 Osage St","PAST SALE",2017-09-11,2017-08-21,"Townhouse","Silver Spring","MD",20903,290000,5,2.5,1088,266.544117647059,2929,1952,"Sold",1.99922811643693
"10992412","906 Navahoe Dr","PAST SALE",NA,NA,"Townhouse","Silver Spring","MD",20903,275000,NA,1.5,1088,252.757352941176,3291,1952,NA,1.90060963152137
"11071215","702 Malibu Dr","PAST SALE",2017-09-29,2017-09-26,"Single Family Residential","Silver Spring","MD",20901,490000,4,3.5,1826,268.346111719606,7071,1968,"Sold",2.25459504142434
"10561013","1503 Oakview Dr","PAST SALE",2017-09-13,2017-08-25,"Single Family Residential","Silver Spring","MD",20903,395000,4,3.5,2348,168.228279386712,7063,1951,"Sold",3.03151155077609
"10561944","1610 Oakview Dr","PAST SALE",NA,NA,"Single Family Residential","Silver Spring","MD",20903,415000,NA,1.5,1376,301.598837209302,6270,1950,NA,3.20371533924257
"40017057","1761 Chiswick Ct","PAST SALE",NA,NA,"Townhouse","Silver Spring","MD",20904,445000,NA,3.5,2208,201.539855072464,2002,2009,NA,4.01315985888591
"11014369","512 Kerwin Rd","PAST SALE",2017-09-06,2017-08-11,"Single Family Residential","Silver Spring","MD",20901,467000,4,2,1449,322.291235334714,6099,1950,"Sold",1.53246229904786
"11059272","10205 Procter St","PAST SALE",2017-09-08,2017-08-15,"Single Family Residential","Silver Spring","MD",20901,355000,3,1,962,369.022869022869,6000,1951,"Sold",1.22021109540203
"11049647","1005 Belgrade Rd N","PAST SALE",2017-09-13,2017-08-25,"Single Family Residential","Silver Spring","MD",20902,449900,4,2.5,1410,319.078014184397,8545,1965,"Sold",1.33512928838759
"11083813","10905 Fiesta Rd","PAST SALE",NA,NA,"Single Family Residential","Silver Spring","MD",20901,330000,NA,2.5,1888,174.78813559322,7566,1959,NA,1.35393234477038
"11143491","1802 Locust Grove Rd","PAST SALE",NA,NA,"Townhouse","Silver Spring","MD",20910,470000,NA,3.5,1644,285.888077858881,1730,1995,NA,0.278596474353378
"10983199","10312 Georgia Ave","PAST SALE",NA,NA,"Single Family Residential","Silver Spring","MD",20902,360000,NA,1.5,1066,337.711069418387,7500,1951,NA,0.694081009736507
"11050030","11501 Lamberton Ct","PAST SALE",NA,NA,"Single Family Residential","Silver Spring","MD",20902,540000,NA,3.5,2176,248.161764705882,17724,1961,NA,1.87647452802931
"11202773","612 Seaton Square Dr","PAST SALE",NA,NA,"Townhouse","Silver Spring","MD",20901,458000,NA,3.5,2208,207.427536231884,1694,2004,NA,2.94580067327299
"11016787","306 Whitestone Rd","PAST SALE",NA,NA,"Single Family Residential","Silver Spring","MD",20901,560000,NA,2.5,1614,346.964064436183,7475,1941,NA,2.10715763333308
"11054253","10812 Tenbrook Dr","PAST SALE",NA,NA,"Single Family Residential","Silver Spring","MD",20901,372000,3,2,1040,357.692307692308,8853,1955,NA,1.21767753569655
"10967227","748 Thayer Ave","PAST SALE",2017-09-05,2017-08-09,"Single Family Residential","Silver Spring","MD",20910,459000,3,2,1344,341.517857142857,5500,1925,"Sold",0.558669298988165
"11039292","8412 Farrell Dr","PAST SALE",2017-09-07,2017-08-13,"Single Family Residential","Chevy Chase","MD",20815,725000,4,2.5,2465,294.117647058824,7556,1951,"Sold",1.43468356736456
"10969721","245 Dale Dr","PAST SALE",2017-09-12,2017-08-23,"Single Family Residential","Silver Spring","MD",20910,575000,4,2,1600,359.375,7713,1937,"Sold",0.918650804196799
"10947848","2401 Colston Dr","PAST SALE",NA,NA,"Single Family Residential","Silver Spring","MD",20910,614900,NA,2,1425,431.508771929825,7560,1950,NA,0.969189889386499
"11000810","807 Forston St","PAST SALE",NA,NA,"Single Family Residential","Takoma Park","MD",20912,276000,NA,2,1272,216.981132075472,6122,1947,NA,1.7969916411093
"10976703","507 Margaret Dr","PAST SALE",NA,NA,"Single Family Residential","Silver Spring","MD",20910,662000,NA,2,1176,562.925170068027,5944,1947,NA,0.720524796678116
"11039070","8437 Freyman Dr","PAST SALE",2017-09-05,2017-08-09,"Single Family Residential","Chevy Chase","MD",20815,6e+05,3,2.5,2015,297.766749379653,10680,1956,"Sold",1.53732049413692
"11142493","752 Silver Spring Ave","PAST SALE",NA,NA,"Single Family Residential","Silver Spring","MD",20910,960000,NA,3.5,2715,353.591160220994,10873,1922,NA,0.626793607781531
"10561391","9930 Cottrell Ter","PAST SALE",2017-09-29,2017-09-26,"Single Family Residential","Silver Spring","MD",20903,310000,4,1,1287,240.870240870241,5643,1950,"Sold",3.29812953473033
"11014569","10626 Eastwood Ave","PAST SALE",NA,NA,"Single Family Residential","Silver Spring","MD",20901,465000,NA,2,1329,349.887133182844,6384,1952,NA,1.79275454694734
"11039733","1710 Belvedere Blvd","PAST SALE",NA,NA,"Single Family Residential","Silver Spring","MD",20902,472100,NA,1,1253,376.775738228252,5828,1953,NA,0.314533312112359
"10967715","609 Thayer Ave","PAST SALE",NA,NA,"Townhouse","Silver Spring","MD",20910,363000,NA,2,957,379.310344827586,5250,1926,NA,0.748062285417834
"11036415","917 Benson Ter","PAST SALE",2017-09-22,2017-09-12,"Single Family Residential","Silver Spring","MD",20901,424900,3,2,1324,320.921450151057,7969,1954,"Sold",1.2736274929126
"11069983","505 Stirling Rd","PAST SALE",2017-09-28,2017-09-24,"Single Family Residential","Silver Spring","MD",20901,371500,3,2,2394,155.179615705931,6803,1940,"Sold",1.3494966346486
"11031825","11022 Burnley Ter","PAST SALE",2017-09-28,2017-09-24,"Single Family Residential","Silver Spring","MD",20902,450000,3,2,2166,207.756232686981,8574,1951,"Sold",0.160488028942685
"28476652","11607 Georgia Ave","PAST SALE",2017-09-29,2017-09-26,"Townhouse","Silver Spring","MD",20902,460000,3,2.5,2686,171.258376768429,2686,2009,"Sold",0.520354832205867
"10965324","10216 Lorain Ave","PAST SALE",2017-09-29,2017-09-26,"Single Family Residential","Silver Spring","MD",20901,520000,5,3,2470,210.526315789474,10041,1936,"Sold",1.7025870658247
"10966150","9405 Colesville Rd","PAST SALE",NA,NA,"Single Family Residential","Silver Spring","MD",20901,442500,NA,2,1512,292.65873015873,10341,1923,NA,1.33310425646778
"10955126","10013 Leafy Ave","PAST SALE",NA,NA,"Single Family Residential","Silver Spring","MD",20910,692500,NA,3.5,2298,301.348999129678,7875,1990,NA,0.905624136182067
"11069838","11511 Bucknell Dr","PAST SALE",2017-09-15,2017-08-29,"Single Family Residential","Silver Spring","MD",20902,455000,5,3.5,3000,151.666666666667,9647,1963,"Sold",0.506678221301528
"10959591","9129 Sudbury Rd","PAST SALE",2017-09-13,2017-08-25,"Single Family Residential","Silver Spring","MD",20901,425000,3,2,1224,347.222222222222,6475,1942,"Sold",1.67763028874029
"10965503","406 Irwin St","PAST SALE",2017-09-29,2017-09-26,"Single Family Residential","Silver Spring","MD",20901,435000,3,3,1584,274.621212121212,6008,1961,"Sold",1.67743129691241
"10966323","305 Hamilton Ave","PAST SALE",2017-09-15,2017-08-29,"Single Family Residential","Silver Spring","MD",20901,465000,3,2.5,1640,283.536585365854,11624,1951,"Sold",1.32663517854443
"11060207","10713 Glenhaven Dr","PAST SALE",2017-09-14,2017-08-27,"Single Family Residential","Silver Spring","MD",20902,526000,4,3,2221,236.830256641153,8161,1962,"Sold",0.669579797617789
"11137551","3817 Woodridge Ave","PAST SALE",2017-09-20,2017-09-08,"Single Family Residential","Silver Spring","MD",20902,690000,5,3.5,3100,222.58064516129,12566,1989,"Sold",1.38289156126527
"11008539","10015 Renfrew Rd","PAST SALE",2017-09-20,2017-09-08,"Single Family Residential","Silver Spring","MD",20901,517500,5,3,2748,188.318777292576,5486,1955,"Sold",1.07116613931762
"12851168","1910 Plyers Mill Rd","PAST SALE",2017-09-20,2017-09-08,"Single Family Residential","Silver Spring","MD",20901,784000,4,3.5,2900,270.344827586207,12072,2017,"Sold",0.654405845684234
"11111232","10902 Pebble Run Dr","PAST SALE",2017-09-22,2017-09-12,"Townhouse","Silver Spring","MD",20902,4e+05,3,3.5,2376,168.350168350168,1652,1982,"Sold",0.901002827852521
